rm -rf .build
mkdir -p .build
cp -r _external/basebin/* .build
cp _external/basebin/.version .build
rm -rf .include
mkdir -p .include
cp -r _external/include/* .include
rm -rf .include/xpc
clang -Wall -Werror -I/opt/homebrew/Cellar/openssl@3/3.6.3/include -fPIC -Wno-pointer-to-int-cast -Wno-unused-command-line-argument -Wno-deprecated-declarations -framework CoreFoundation -arch arm64 -arch arm64e -isysroot /Applications/Xcode_16.2.app/Contents/Developer/Platforms/iPhoneOS.platform/Developer/SDKs/iPhoneOS18.2.sdk -miphoneos-version-min=11.0 -DDISABLE_SIGNING=1  -c src/Base64.c -o build/ios/Base64.o
clang -Wall -Werror -I/opt/homebrew/Cellar/openssl@3/3.6.3/include -fPIC -Wno-pointer-to-int-cast -Wno-unused-command-line-argument -Wno-deprecated-declarations -framework CoreFoundation -arch arm64 -arch arm64e -isysroot /Applications/Xcode_16.2.app/Contents/Developer/Platforms/iPhoneOS.platform/Developer/SDKs/iPhoneOS18.2.sdk -miphoneos-version-min=11.0 -DDISABLE_SIGNING=1  -c src/BufferedStream.c -o build/ios/BufferedStream.o
clang -Wall -Werror -I/opt/homebrew/Cellar/openssl@3/3.6.3/include -fPIC -Wno-pointer-to-int-cast -Wno-unused-command-line-argument -Wno-deprecated-declarations -framework CoreFoundation -arch arm64 -arch arm64e -isysroot /Applications/Xcode_16.2.app/Contents/Developer/Platforms/iPhoneOS.platform/Developer/SDKs/iPhoneOS18.2.sdk -miphoneos-version-min=11.0 -DDISABLE_SIGNING=1  -c src/CSBlob.c -o build/ios/CSBlob.o
clang -Wall -Werror -I/opt/homebrew/Cellar/openssl@3/3.6.3/include -fPIC -Wno-pointer-to-int-cast -Wno-unused-command-line-argument -Wno-deprecated-declarations -framework CoreFoundation -arch arm64 -arch arm64e -isysroot /Applications/Xcode_16.2.app/Contents/Developer/Platforms/iPhoneOS.platform/Developer/SDKs/iPhoneOS18.2.sdk -miphoneos-version-min=11.0 -DDISABLE_SIGNING=1  -c src/CodeDirectory.c -o build/ios/CodeDirectory.o
clang -Wall -Werror -I/opt/homebrew/Cellar/openssl@3/3.6.3/include -fPIC -Wno-pointer-to-int-cast -Wno-unused-command-line-argument -Wno-deprecated-declarations -framework CoreFoundation -arch arm64 -arch arm64e -isysroot /Applications/Xcode_16.2.app/Contents/Developer/Platforms/iPhoneOS.platform/Developer/SDKs/iPhoneOS18.2.sdk -miphoneos-version-min=11.0 -DDISABLE_SIGNING=1  -c src/DER.c -o build/ios/DER.o
clang -Wall -Werror -I/opt/homebrew/Cellar/openssl@3/3.6.3/include -fPIC -Wno-pointer-to-int-cast -Wno-unused-command-line-argument -Wno-deprecated-declarations -framework CoreFoundation -arch arm64 -arch arm64e -isysroot /Applications/Xcode_16.2.app/Contents/Developer/Platforms/iPhoneOS.platform/Developer/SDKs/iPhoneOS18.2.sdk -miphoneos-version-min=11.0 -DDISABLE_SIGNING=1  -c src/DyldSharedCache.c -o build/ios/DyldSharedCache.o
clang -Wall -Werror -I/opt/homebrew/Cellar/openssl@3/3.6.3/include -fPIC -Wno-pointer-to-int-cast -Wno-unused-command-line-argument -Wno-deprecated-declarations -framework CoreFoundation -arch arm64 -arch arm64e -isysroot /Applications/Xcode_16.2.app/Contents/Developer/Platforms/iPhoneOS.platform/Developer/SDKs/iPhoneOS18.2.sdk -miphoneos-version-min=11.0 -DDISABLE_SIGNING=1  -c src/Entitlements.c -o build/ios/Entitlements.o
clang -Wall -Werror -I/opt/homebrew/Cellar/openssl@3/3.6.3/include -fPIC -Wno-pointer-to-int-cast -Wno-unused-command-line-argument -Wno-deprecated-declarations -framework CoreFoundation -arch arm64 -arch arm64e -isysroot /Applications/Xcode_16.2.app/Contents/Developer/Platforms/iPhoneOS.platform/Developer/SDKs/iPhoneOS18.2.sdk -miphoneos-version-min=11.0 -DDISABLE_SIGNING=1  -c src/Fat.c -o build/ios/Fat.o
clang -Wall -Werror -I/opt/homebrew/Cellar/openssl@3/3.6.3/include -fPIC -Wno-pointer-to-int-cast -Wno-unused-command-line-argument -Wno-deprecated-declarations -framework CoreFoundation -arch arm64 -arch arm64e -isysroot /Applications/Xcode_16.2.app/Contents/Developer/Platforms/iPhoneOS.platform/Developer/SDKs/iPhoneOS18.2.sdk -miphoneos-version-min=11.0 -DDISABLE_SIGNING=1  -c src/FileStream.c -o build/ios/FileStream.o
clang -Wall -Werror -I/opt/homebrew/Cellar/openssl@3/3.6.3/include -fPIC -Wno-pointer-to-int-cast -Wno-unused-command-line-argument -Wno-deprecated-declarations -framework CoreFoundation -arch arm64 -arch arm64e -isysroot /Applications/Xcode_16.2.app/Contents/Developer/Platforms/iPhoneOS.platform/Developer/SDKs/iPhoneOS18.2.sdk -miphoneos-version-min=11.0 -DDISABLE_SIGNING=1  -c src/Host.c -o build/ios/Host.o
clang -Wall -Werror -I/opt/homebrew/Cellar/openssl@3/3.6.3/include -fPIC -Wno-pointer-to-int-cast -Wno-unused-command-line-argument -Wno-deprecated-declarations -framework CoreFoundation -arch arm64 -arch arm64e -isysroot /Applications/Xcode_16.2.app/Contents/Developer/Platforms/iPhoneOS.platform/Developer/SDKs/iPhoneOS18.2.sdk -miphoneos-version-min=11.0 -DDISABLE_SIGNING=1  -c src/MachO.c -o build/ios/MachO.o
clang -Wall -Werror -I/opt/homebrew/Cellar/openssl@3/3.6.3/include -fPIC -Wno-pointer-to-int-cast -Wno-unused-command-line-argument -Wno-deprecated-declarations -framework CoreFoundation -arch arm64 -arch arm64e -isysroot /Applications/Xcode_16.2.app/Contents/Developer/Platforms/iPhoneOS.platform/Developer/SDKs/iPhoneOS18.2.sdk -miphoneos-version-min=11.0 -DDISABLE_SIGNING=1  -c src/MachOLoadCommand.c -o build/ios/MachOLoadCommand.o
clang -Wall -Werror -I/opt/homebrew/Cellar/openssl@3/3.6.3/include -fPIC -Wno-pointer-to-int-cast -Wno-unused-command-line-argument -Wno-deprecated-declarations -framework CoreFoundation -arch arm64 -arch arm64e -isysroot /Applications/Xcode_16.2.app/Contents/Developer/Platforms/iPhoneOS.platform/Developer/SDKs/iPhoneOS18.2.sdk -miphoneos-version-min=11.0 -DDISABLE_SIGNING=1  -c src/MemoryStream.c -o build/ios/MemoryStream.o
clang -Wall -Werror -I/opt/homebrew/Cellar/openssl@3/3.6.3/include -fPIC -Wno-pointer-to-int-cast -Wno-unused-command-line-argument -Wno-deprecated-declarations -framework CoreFoundation -arch arm64 -arch arm64e -isysroot /Applications/Xcode_16.2.app/Contents/Developer/Platforms/iPhoneOS.platform/Developer/SDKs/iPhoneOS18.2.sdk -miphoneos-version-min=11.0 -DDISABLE_SIGNING=1  -c src/PatchFinder.c -o build/ios/PatchFinder.o
clang -Wall -Werror -I/opt/homebrew/Cellar/openssl@3/3.6.3/include -fPIC -Wno-pointer-to-int-cast -Wno-unused-command-line-argument -Wno-deprecated-declarations -framework CoreFoundation -arch arm64 -arch arm64e -isysroot /Applications/Xcode_16.2.app/Contents/Developer/Platforms/iPhoneOS.platform/Developer/SDKs/iPhoneOS18.2.sdk -miphoneos-version-min=11.0 -DDISABLE_SIGNING=1  -c src/PatchFinder_arm64.c -o build/ios/PatchFinder_arm64.o
clang -Wall -Werror -I/opt/homebrew/Cellar/openssl@3/3.6.3/include -fPIC -Wno-pointer-to-int-cast -Wno-unused-command-line-argument -Wno-deprecated-declarations -framework CoreFoundation -arch arm64 -arch arm64e -isysroot /Applications/Xcode_16.2.app/Contents/Developer/Platforms/iPhoneOS.platform/Developer/SDKs/iPhoneOS18.2.sdk -miphoneos-version-min=11.0 -DDISABLE_SIGNING=1  -c src/Util.c -o build/ios/Util.o
clang -Wall -Werror -I/opt/homebrew/Cellar/openssl@3/3.6.3/include -fPIC -Wno-pointer-to-int-cast -Wno-unused-command-line-argument -Wno-deprecated-declarations -framework CoreFoundation -arch arm64 -arch arm64e -isysroot /Applications/Xcode_16.2.app/Contents/Developer/Platforms/iPhoneOS.platform/Developer/SDKs/iPhoneOS18.2.sdk -miphoneos-version-min=11.0 -DDISABLE_SIGNING=1  -c src/arm64.c -o build/ios/arm64.o
libtool build/ios/Base64.o build/ios/BufferedStream.o build/ios/CSBlob.o build/ios/CodeDirectory.o build/ios/DER.o build/ios/DyldSharedCache.o build/ios/Entitlements.o build/ios/Fat.o build/ios/FileStream.o build/ios/Host.o build/ios/MachO.o build/ios/MachOLoadCommand.o build/ios/MemoryStream.o build/ios/PatchFinder.o build/ios/PatchFinder_arm64.o build/ios/Util.o build/ios/arm64.o -o output/ios/lib/libchoma.a
clang -Wall -Werror -I/opt/homebrew/Cellar/openssl@3/3.6.3/include -fPIC -Wno-pointer-to-int-cast -Wno-unused-command-line-argument -Wno-deprecated-declarations -framework CoreFoundation -arch arm64 -arch arm64e -isysroot /Applications/Xcode_16.2.app/Contents/Developer/Platforms/iPhoneOS.platform/Developer/SDKs/iPhoneOS18.2.sdk -miphoneos-version-min=11.0 -DDISABLE_SIGNING=1  -install_name @loader_path/libchoma.dylib -shared -o output/ios/lib/libchoma.dylib build/ios/Base64.o build/ios/BufferedStream.o build/ios/CSBlob.o build/ios/CodeDirectory.o build/ios/DER.o build/ios/DyldSharedCache.o build/ios/Entitlements.o build/ios/Fat.o build/ios/FileStream.o build/ios/Host.o build/ios/MachO.o build/ios/MachOLoadCommand.o build/ios/MemoryStream.o build/ios/PatchFinder.o build/ios/PatchFinder_arm64.o build/ios/Util.o build/ios/arm64.o
clang -O2 -framework Foundation -I../ChOma/include -DUSE_COMMONCRYPTO -DUSE_LIBCOMPRESSION -DiOS10 -DDER_MULTIBYTE_TAGS=1 -D__unused="__attribute__((unused))" -DDER_TAG_SIZE=8 -Iexternal/img4lib -Wno-variadic-macros -Wno-multichar -Wno-four-char-constants -Wno-unused-parameter -isysroot /Applications/Xcode_16.2.app/Contents/Developer/Platforms/iPhoneOS.platform/Developer/SDKs/iPhoneOS18.2.sdk -miphoneos-version-min=15.0 -arch arm64 -arch arm64e -lcompression -L../.build -lchoma -framework Security -dynamiclib -install_name @loader_path/libxpf.dylib -o output/ios/libxpf.dylib src/bad_recovery.c src/common.c src/decompress.c src/non_ppl.c src/ppl.c src/sptm_txm.c src/xpf.c external/img4lib/lzss.c external/img4lib/libvfs/vfs_enc.c external/img4lib/libvfs/vfs_file.c external/img4lib/libvfs/vfs_img4.c external/img4lib/libvfs/vfs_lzfse.c external/img4lib/libvfs/vfs_lzss.c external/img4lib/libvfs/vfs_mem.c external/img4lib/libvfs/vfs_sub.c external/img4lib/libDER/DER_Decode.c external/img4lib/libDER/DER_Encode.c external/img4lib/libDER/oids.c
ldid -S output/ios/libxpf.dylib
Building MachOMerger
swift build --triple arm64-apple-ios14.0 --sdk "/Applications/Xcode_16.2.app/Contents/Developer/Platforms/iPhoneOS.platform/Developer/SDKs/iPhoneOS18.2.sdk" -c debug -Xcc "-DIOS_BUILD" -Xcc -Wno-incompatible-sysroot -Xswiftc -sdk -Xswiftc "/Applications/Xcode_16.2.app/Contents/Developer/Platforms/iPhoneOS.platform/Developer/SDKs/iPhoneOS18.2.sdk" -Xswiftc -target -Xswiftc arm64-apple-ios14.0 -Xswiftc -O -Xswiftc -framework -Xswiftc IOKit -Xswiftc -framework -Xswiftc CoreServices -Xswiftc -D__DARWIN_OPAQUE_ARM_THREAD_STATE64
Fetching https://github.com/pinauten/SwiftUtils
[1/19] Fetching swiftutils
Fetched https://github.com/pinauten/SwiftUtils from cache (0.53s)
Fetching https://github.com/pinauten/SwiftMachO
[1/62] Fetching swiftmacho
Fetched https://github.com/pinauten/SwiftMachO from cache (0.55s)
Fetching https://github.com/pinauten/PatchfinderUtils
[1/50] Fetching patchfinderutils
Fetched https://github.com/pinauten/PatchfinderUtils from cache (0.53s)
Creating working copy for https://github.com/pinauten/SwiftUtils
Working copy of https://github.com/pinauten/SwiftUtils resolved at master (1d37faa)
Creating working copy for https://github.com/pinauten/PatchfinderUtils
Working copy of https://github.com/pinauten/PatchfinderUtils resolved at master (8364750)
Creating working copy for https://github.com/pinauten/SwiftMachO
Working copy of https://github.com/pinauten/SwiftMachO resolved at master (cbfb188)
Building for debugging...
[0/8] Write sources
[4/8] Write swift-version-4657CCE4B953477C.txt
[5/12] Compiling CFastFind CFastFind.c
[7/12] Compiling SwiftUtils Data.swift
[8/12] Compiling SwiftUtils String.swift
[9/12] Emitting module SwiftUtils
[10/12] Compiling SwiftUtils ptrauth.swift
[11/13] Compiling SwiftUtils require.swift
[12/30] Emitting module SwiftMachO
[13/38] Compiling SwiftMachO Segment64LoadCommand.swift
[14/38] Compiling SwiftMachO SymTabLoadCommand.swift
[15/38] Compiling SwiftMachO LoadCommandType.swift
[16/38] Compiling SwiftMachO Section64Flags.swift
[17/38] Compiling SwiftMachO Section64Type.swift
[18/38] Compiling SwiftMachO VMProt.swift
[19/38] Compiling SwiftMachO UUIDLoadCommand.swift
[20/38] Compiling SwiftMachO UnixThreadLoadCommand.swift
[21/38] Compiling SwiftMachO ChainedFixups.swift
[22/38] Compiling SwiftMachO FAT.swift
[23/38] Compiling SwiftMachO CSLoadCommand.swift
[24/38] Compiling SwiftMachO ChainedFixupsLoadCommand.swift
[25/38] Compiling SwiftMachO DSymTabLoadCommand.swift
[26/38] Compiling SwiftMachO LoadCommand.swift
[27/38] Compiling SwiftMachO MainLoadCommand.swift
[28/38] Compiling SwiftMachO OpaqueLoadCommand.swift
[29/38] Compiling SwiftMachO MachO.swift
[30/38] Compiling SwiftMachO MachOError.swift
[31/38] Compiling SwiftMachO MachOFiletype.swift
[32/38] Compiling SwiftMachO MachOFlags.swift
[33/38] Compiling SwiftMachO MachOMagic.swift
[34/38] Compiling SwiftMachO SymbolTable.swift
[35/38] Compiling SwiftMachO SharedCache.swift
[36/38] Compiling SwiftMachO extensions.swift
[37/42] Compiling PatchfinderUtils MachO.swift
[38/42] Emitting module PatchfinderUtils
[39/42] Compiling PatchfinderUtils AArch64Instr.swift
[40/42] Compiling PatchfinderUtils Kernel.swift
[41/43] Compiling PatchfinderUtils PatchfinderSegment.swift
[42/51] Compiling MachOMerger SegmentLoadCommand.swift
[43/51] Compiling MachOMerger SegmentSplitInfo.swift
[44/51] Compiling MachOMerger Symbols.swift
[45/54] Emitting module MachOMerger
[46/54] Compiling MachOMerger ChainedFixups.swift
[47/54] Compiling MachOMerger MagicSymbols.swift
[48/54] Compiling MachOMerger MiscCmds.swift
[49/54] Compiling MachOMerger RelocInfo.swift
[50/54] Compiling MachOMerger ULEB128Reader.swift
[51/54] Compiling MachOMerger UnixThread.swift
[52/54] Compiling MachOMerger main.swift
[52/54] Write Objects.LinkFileList
clang: warning: using sysroot for 'MacOSX' but targeting 'iPhone' [-Wincompatible-sysroot]
[53/54] Linking MachOMerger
Build complete! (19.43s)
codesign -s - -f --entitlements MachOMerger.entitlements MachOMerger
/Applications/Xcode_16.2.app/Contents/Developer/usr/bin/make -C opainject FINALPACKAGE=1
[0;36m==> [1;36mNotice:[m Build may be slow as Theos isn’t using all available CPU cores on this computer. Consider upgrading GNU Make: https://theos.dev/docs/parallel-building
[0;33m==> [1;33mWarning:[m Building for iOS 11.0, but the current toolchain can’t produce arm64e binaries for iOS earlier than 14.0. More information: https://theos.dev/docs/arm64e-deployment
[1;31m> [1;3;39mMaking all for tool opainject…[m
[0;32m==> [1;39mCompiling main.m (arm64)…[m
[0;32m==> [1;39mCompiling dyld.m (arm64)…[m
[0;32m==> [1;39mCompiling shellcode_inject.m (arm64)…[m
[0;32m==> [1;39mCompiling rop_inject.m (arm64)…[m
[0;32m==> [1;39mCompiling thread_utils.m (arm64)…[m
[0;32m==> [1;39mCompiling task_utils.m (arm64)…[m
[0;32m==> [1;39mCompiling arm64.m (arm64)…[m
[0;33m==> [1;39mLinking tool opainject (arm64)…[m
ld: warning: -multiply_defined is obsolete
[0;34m==> [1;39mGenerating debug symbols for opainject…[m
[0;34m==> [1;39mStripping opainject (arm64)…[m
[0;32m==> [1;39mCompiling main.m (arm64e)…[m
[0;32m==> [1;39mCompiling dyld.m (arm64e)…[m
[0;32m==> [1;39mCompiling shellcode_inject.m (arm64e)…[m
[0;32m==> [1;39mCompiling rop_inject.m (arm64e)…[m
[0;32m==> [1;39mCompiling thread_utils.m (arm64e)…[m
[0;32m==> [1;39mCompiling task_utils.m (arm64e)…[m
[0;32m==> [1;39mCompiling arm64.m (arm64e)…[m
[0;33m==> [1;39mLinking tool opainject (arm64e)…[m
ld: warning: -multiply_defined is obsolete
[0;34m==> [1;39mGenerating debug symbols for opainject…[m
[0;34m==> [1;39mStripping opainject (arm64e)…[m
[0;34m==> [1;39mMerging tool opainject…[m
[0;34m==> [1;39mSigning opainject…[m
/Applications/Xcode_16.2.app/Contents/Developer/usr/bin/make -C libjailbreak
clang -framework Foundation -framework CoreServices -framework Security -framework IOKit -framework IOSurface -framework IOMobileFramebuffer -framework CoreGraphics -framework ImageIO -I../.include -I../_external/modules/litehook/src -isysroot /Applications/Xcode_16.2.app/Contents/Developer/Platforms/iPhoneOS.platform/Developer/SDKs/iPhoneOS18.2.sdk -arch arm64 -arch arm64e -miphoneos-version-min=15.0 -fobjc-arc -dynamiclib -install_name @loader_path/libjailbreak.dylib -I/opt/homebrew/opt/libarchive/include -D BUILD_STANDALONE= -larchive -lbsm -L../.build -L../_external/lib -F ../_external/frameworks -lchoma -o libjailbreak.dylib src/hookd.c src/info.c src/inline_svc.c src/jbclient_mach.c src/jbclient_xpc.c src/jbroot.c src/jbserver.c src/jbserver_boomerang.c src/kcall_Fugu14.c src/kcall_arm64.c src/kernel.c src/main.c src/physrw.c src/physrw_pte.c src/primitives.c src/signatures.c src/stock_fixes.c src/translation.c src/trustcache.c src/trustcache_fs.c src/txm.c src/util.c src/basebin_gen.m src/carboncopy.m src/codesign.m src/display.m src/primitives_IOSurface.m src/util.m src/inline_svc.S src/kcall_Fugu14.S ../_external/modules/litehook/src/litehook.c
/Applications/Xcode_16.2.app/Contents/Developer/usr/bin/make -C systemhook
clang -I../.include -I./src -I../_external/modules/litehook/src -isysroot /Applications/Xcode_16.2.app/Contents/Developer/Platforms/iPhoneOS.platform/Developer/SDKs/iPhoneOS18.2.sdk -arch arm64 -arch arm64e -miphoneos-version-min=15.0 -install_name @loader_path/systemhook.dylib -Wno-deprecated-declarations -D BUILD_STANDALONE= -Os -moutline -dynamiclib -o systemhook.dylib src/main.c src/common/common.c src/common/envbuf.c src/common/hookd_external.S src/common/hookd_external.c src/common/inline.S ../libjailbreak/src/jbclient_mach.c ../libjailbreak/src/jbclient_xpc.c ../libjailbreak/src/inline_svc.S ../libjailbreak/src/inline_svc.c ../libjailbreak/src/hookd.c ../_external/modules/litehook/src/litehook.c
/Applications/Xcode_16.2.app/Contents/Developer/usr/bin/make -C forkfix
clang -I../.include -I./src -I../_external/modules/litehook/src -isysroot /Applications/Xcode_16.2.app/Contents/Developer/Platforms/iPhoneOS.platform/Developer/SDKs/iPhoneOS18.2.sdk -arch arm64e -Wno-deprecated-declarations -miphoneos-version-min=15.0 -D BUILD_STANDALONE= -O2 ../systemhook/systemhook.dylib -dynamiclib -o forkfix.dylib src/main.c src/syscall.S ../libjailbreak/src/jbclient_mach.c ../libjailbreak/src/jbclient_xpc.c
/Applications/Xcode_16.2.app/Contents/Developer/usr/bin/make -C launchdhook
clang -framework Foundation -framework CoreServices -framework Security -I../.include -Isrc -I../_external/modules/litehook/src -isysroot /Applications/Xcode_16.2.app/Contents/Developer/Platforms/iPhoneOS.platform/Developer/SDKs/iPhoneOS18.2.sdk -arch arm64 -arch arm64e -miphoneos-version-min=15.0 -Wno-deprecated-declarations -D BUILD_STANDALONE= -fobjc-arc -O2 -dynamiclib -rpath @loader_path/fallback -L../.build -L../_external/lib -ljailbreak -lbsm -lchoma -o launchdhook.dylib src/crashreporter.m src/daemon_hook.m src/main.m src/update.m src/boomerang.c src/hookd_provider.c src/ipc_hook.c src/jetsam_hook.c src/spawn_hook.c src/xpc_hook.c src/jbserver/jbdomain_dopamine.c src/jbserver/jbdomain_platform.c src/jbserver/jbdomain_root.c src/jbserver/jbdomain_systemwide.c src/jbserver/jbdomain_watchdog.c src/jbserver/jbserver_global.c src/jbserver/jbserver_local.c src/jbserver/jbserver_mach.c src/jbserver/jbsettings.c ../systemhook/src/common/common.c ../systemhook/src/common/envbuf.c ../systemhook/src/common/hookd_external.S ../systemhook/src/common/hookd_external.c ../systemhook/src/common/inline.S ../_external/modules/litehook/src/litehook.c
/Applications/Xcode_16.2.app/Contents/Developer/usr/bin/make -C hookd
clang -I../.include -I./src -DHOOKD_SKIP_CALLER_VERIFICATION=0 -isysroot /Applications/Xcode_16.2.app/Contents/Developer/Platforms/iPhoneOS.platform/Developer/SDKs/iPhoneOS18.2.sdk -arch arm64 -arch arm64e -Wno-availability -miphoneos-version-min=15.0 -D BUILD_STANDALONE=  -lbsm -o hookd src/main.c
/Applications/Xcode_16.2.app/Contents/Developer/usr/bin/make -C boomerang
clang -framework Foundation -framework CoreServices -framework Security -I../.include -I./src -isysroot /Applications/Xcode_16.2.app/Contents/Developer/Platforms/iPhoneOS.platform/Developer/SDKs/iPhoneOS18.2.sdk -arch arm64 -arch arm64e -miphoneos-version-min=15.0 -fobjc-arc -Wno-nullability-completeness-on-arrays -D BUILD_STANDALONE= -O2 -L../.build -ljailbreak -o boomerang src/main.c
/Applications/Xcode_16.2.app/Contents/Developer/usr/bin/make -C jbctl
clang -framework Foundation -framework CoreServices -framework Security -I../.include -I./src -isysroot /Applications/Xcode_16.2.app/Contents/Developer/Platforms/iPhoneOS.platform/Developer/SDKs/iPhoneOS18.2.sdk -arch arm64 -arch arm64e -Wno-availability -miphoneos-version-min=15.0 -fobjc-arc -D BUILD_STANDALONE= -L../.build -ljailbreak -lchoma -o jbctl src/internal.m src/main.m
/Applications/Xcode_16.2.app/Contents/Developer/usr/bin/make -C idownloadd
xcodebuild -archivePath ./.build -project src/idownloadd.xcodeproj -scheme idownloadd -configuration Release -destination generic/platform=iOS archive CODE_SIGN_IDENTITY="" CODE_SIGNING_REQUIRED=NO CODE_SIGNING_ALLOWED=NO
Command line invocation:
    /Applications/Xcode_16.2.app/Contents/Developer/usr/bin/xcodebuild -archivePath ./.build -project src/idownloadd.xcodeproj -scheme idownloadd -configuration Release -destination generic/platform=iOS archive CODE_SIGN_IDENTITY= CODE_SIGNING_REQUIRED=NO CODE_SIGNING_ALLOWED=NO

User defaults from command line:
    IDEArchivePathOverride = /Users/runner/work/dopamine-extended/dopamine-extended/Dopamine/BaseBin/idownloadd/.build
    IDEPackageSupportUseBuiltinSCM = YES

Build settings from command line:
    CODE_SIGN_IDENTITY = 
    CODE_SIGNING_ALLOWED = NO
    CODE_SIGNING_REQUIRED = NO

Resolve Package Graph

Fetching from https://github.com/pinauten/iDownload

Fetching from https://github.com/pinauten/SwiftUtils (cached)

Creating working copy of package ‘SwiftUtils’

Checking out master (1d37faa) of package ‘SwiftUtils’

Creating working copy of package ‘iDownload’

Checking out master (62920e8) of package ‘iDownload’


Resolved source packages:
  iDownload: https://github.com/pinauten/iDownload @ master (62920e8)
  SwiftUtils: https://github.com/pinauten/SwiftUtils @ master (1d37faa)

Prepare packages

note: Using codesigning identity override: 
ComputeTargetDependencyGraph
note: Building targets in dependency order
note: Target dependency graph (5 targets)
    Target 'idownloadd' in project 'idownloadd'
        ➜ Explicit dependency on target 'iDownload' in project 'iDownload'
    Target 'iDownload' in project 'iDownload'
        ➜ Explicit dependency on target 'iDownload' in project 'iDownload'
        ➜ Explicit dependency on target 'SwiftUtils' in project 'SwiftUtils'
    Target 'iDownload' in project 'iDownload'
        ➜ Explicit dependency on target 'SwiftUtils' in project 'SwiftUtils'
    Target 'SwiftUtils' in project 'SwiftUtils'
        ➜ Explicit dependency on target 'SwiftUtils' in project 'SwiftUtils'
    Target 'SwiftUtils' in project 'SwiftUtils' (no dependencies)

GatherProvisioningInputs

CreateBuildDescription

ExecuteExternalTool /Applications/Xcode_16.2.app/Contents/Developer/Toolchains/XcodeDefault.xctoolchain/usr/bin/swiftc --version

ExecuteExternalTool /Applications/Xcode_16.2.app/Contents/Developer/Toolchains/XcodeDefault.xctoolchain/usr/bin/clang -v -E -dM -isysroot /Applications/Xcode_16.2.app/Contents/Developer/Platforms/iPhoneOS.platform/Developer/SDKs/iPhoneOS18.2.sdk -x c -c /dev/null

ExecuteExternalTool /Applications/Xcode_16.2.app/Contents/Developer/Toolchains/XcodeDefault.xctoolchain/usr/bin/ld -version_details

ExecuteExternalTool /Applications/Xcode_16.2.app/Contents/Developer/Toolchains/XcodeDefault.xctoolchain/usr/bin/clang -v -E -dM -arch arm64 -isysroot /Applications/Xcode_16.2.app/Contents/Developer/Platforms/iPhoneOS.platform/Developer/SDKs/iPhoneOS18.2.sdk -x c -c /dev/null

Build description signature: 562553d7e8ae67f9a54769e76085a899
Build description path: /Users/runner/Library/Developer/Xcode/DerivedData/idownloadd-buyibqeibzuaejeouuwsxitpvtst/Build/Intermediates.noindex/ArchiveIntermediates/idownloadd/IntermediateBuildFilesPath/XCBuildData/562553d7e8ae67f9a54769e76085a899.xcbuilddata
CreateBuildDirectory /Users/runner/Library/Developer/Xcode/DerivedData/idownloadd-buyibqeibzuaejeouuwsxitpvtst/Build/Intermediates.noindex/ArchiveIntermediates/idownloadd/IntermediateBuildFilesPath
    cd /Users/runner/work/dopamine-extended/dopamine-extended/Dopamine/BaseBin/idownloadd/src/idownloadd.xcodeproj
    builtin-create-build-directory /Users/runner/Library/Developer/Xcode/DerivedData/idownloadd-buyibqeibzuaejeouuwsxitpvtst/Build/Intermediates.noindex/ArchiveIntermediates/idownloadd/IntermediateBuildFilesPath

CreateBuildDirectory /Users/runner/Library/Developer/Xcode/DerivedData/idownloadd-buyibqeibzuaejeouuwsxitpvtst/Build/Intermediates.noindex/ArchiveIntermediates/idownloadd/InstallationBuildProductsLocation
    cd /Users/runner/work/dopamine-extended/dopamine-extended/Dopamine/BaseBin/idownloadd/src/idownloadd.xcodeproj
    builtin-create-build-directory /Users/runner/Library/Developer/Xcode/DerivedData/idownloadd-buyibqeibzuaejeouuwsxitpvtst/Build/Intermediates.noindex/ArchiveIntermediates/idownloadd/InstallationBuildProductsLocation

CreateBuildDirectory /Users/runner/Library/Developer/Xcode/DerivedData/idownloadd-buyibqeibzuaejeouuwsxitpvtst/Build/Intermediates.noindex/ArchiveIntermediates/idownloadd/BuildProductsPath
    cd /Users/runner/work/dopamine-extended/dopamine-extended/Dopamine/BaseBin/idownloadd/src/idownloadd.xcodeproj
    builtin-create-build-directory /Users/runner/Library/Developer/Xcode/DerivedData/idownloadd-buyibqeibzuaejeouuwsxitpvtst/Build/Intermediates.noindex/ArchiveIntermediates/idownloadd/BuildProductsPath

ClangStatCache /Applications/Xcode_16.2.app/Contents/Developer/Toolchains/XcodeDefault.xctoolchain/usr/bin/clang-stat-cache /Applications/Xcode_16.2.app/Contents/Developer/Platforms/iPhoneOS.platform/Developer/SDKs/iPhoneOS18.2.sdk /Users/runner/Library/Developer/Xcode/DerivedData/SDKStatCaches.noindex/iphoneos18.2-22C146-6f6929c68f51360d5ca70a73a7e0c2f9.sdkstatcache
    cd /Users/runner/work/dopamine-extended/dopamine-extended/Dopamine/BaseBin/idownloadd/src/idownloadd.xcodeproj
    /Applications/Xcode_16.2.app/Contents/Developer/Toolchains/XcodeDefault.xctoolchain/usr/bin/clang-stat-cache /Applications/Xcode_16.2.app/Contents/Developer/Platforms/iPhoneOS.platform/Developer/SDKs/iPhoneOS18.2.sdk -o /Users/runner/Library/Developer/Xcode/DerivedData/SDKStatCaches.noindex/iphoneos18.2-22C146-6f6929c68f51360d5ca70a73a7e0c2f9.sdkstatcache

CreateBuildDirectory /Users/runner/Library/Developer/Xcode/DerivedData/idownloadd-buyibqeibzuaejeouuwsxitpvtst/Build/Intermediates.noindex/ArchiveIntermediates/idownloadd/BuildProductsPath/Release-iphoneos
    cd /Users/runner/work/dopamine-extended/dopamine-extended/Dopamine/BaseBin/idownloadd/src/idownloadd.xcodeproj
    builtin-create-build-directory /Users/runner/Library/Developer/Xcode/DerivedData/idownloadd-buyibqeibzuaejeouuwsxitpvtst/Build/Intermediates.noindex/ArchiveIntermediates/idownloadd/BuildProductsPath/Release-iphoneos

WriteAuxiliaryFile /Users/runner/Library/Developer/Xcode/DerivedData/idownloadd-buyibqeibzuaejeouuwsxitpvtst/Build/Intermediates.noindex/ArchiveIntermediates/idownloadd/IntermediateBuildFilesPath/idownloadd.build/Release-iphoneos/idownloadd-b2e5d7cb007b8a24cc3179f58e35639b-VFS-iphoneos/all-product-headers.yaml
    cd /Users/runner/work/dopamine-extended/dopamine-extended/Dopamine/BaseBin/idownloadd/src/idownloadd.xcodeproj
    write-file /Users/runner/Library/Developer/Xcode/DerivedData/idownloadd-buyibqeibzuaejeouuwsxitpvtst/Build/Intermediates.noindex/ArchiveIntermediates/idownloadd/IntermediateBuildFilesPath/idownloadd.build/Release-iphoneos/idownloadd-b2e5d7cb007b8a24cc3179f58e35639b-VFS-iphoneos/all-product-headers.yaml

CreateBuildDirectory /Users/runner/Library/Developer/Xcode/DerivedData/idownloadd-buyibqeibzuaejeouuwsxitpvtst/Build/Intermediates.noindex/ArchiveIntermediates/idownloadd/IntermediateBuildFilesPath/EagerLinkingTBDs/Release-iphoneos
    cd /Users/runner/work/dopamine-extended/dopamine-extended/Dopamine/BaseBin/idownloadd/src/idownloadd.xcodeproj
    builtin-create-build-directory /Users/runner/Library/Developer/Xcode/DerivedData/idownloadd-buyibqeibzuaejeouuwsxitpvtst/Build/Intermediates.noindex/ArchiveIntermediates/idownloadd/IntermediateBuildFilesPath/EagerLinkingTBDs/Release-iphoneos

CreateBuildDirectory /Users/runner/Library/Developer/Xcode/DerivedData/idownloadd-buyibqeibzuaejeouuwsxitpvtst/Build/Intermediates.noindex/ArchiveIntermediates/idownloadd/BuildProductsPath/Release-iphoneos/PackageFrameworks
    cd /Users/runner/work/dopamine-extended/dopamine-extended/Dopamine/BaseBin/idownloadd/src/idownloadd.xcodeproj
    builtin-create-build-directory /Users/runner/Library/Developer/Xcode/DerivedData/idownloadd-buyibqeibzuaejeouuwsxitpvtst/Build/Intermediates.noindex/ArchiveIntermediates/idownloadd/BuildProductsPath/Release-iphoneos/PackageFrameworks

WriteAuxiliaryFile /Users/runner/Library/Developer/Xcode/DerivedData/idownloadd-buyibqeibzuaejeouuwsxitpvtst/Build/Intermediates.noindex/ArchiveIntermediates/idownloadd/IntermediateBuildFilesPath/idownloadd.build/Release-iphoneos/idownloadd.build/idownloadd.hmap (in target 'idownloadd' from project 'idownloadd')
    cd /Users/runner/work/dopamine-extended/dopamine-extended/Dopamine/BaseBin/idownloadd/src
    write-file /Users/runner/Library/Developer/Xcode/DerivedData/idownloadd-buyibqeibzuaejeouuwsxitpvtst/Build/Intermediates.noindex/ArchiveIntermediates/idownloadd/IntermediateBuildFilesPath/idownloadd.build/Release-iphoneos/idownloadd.build/idownloadd.hmap

WriteAuxiliaryFile /Users/runner/Library/Developer/Xcode/DerivedData/idownloadd-buyibqeibzuaejeouuwsxitpvtst/Build/Intermediates.noindex/ArchiveIntermediates/idownloadd/IntermediateBuildFilesPath/idownloadd.build/Release-iphoneos/idownloadd.build/idownloadd.DependencyMetadataFileList (in target 'idownloadd' from project 'idownloadd')
    cd /Users/runner/work/dopamine-extended/dopamine-extended/Dopamine/BaseBin/idownloadd/src
    write-file /Users/runner/Library/Developer/Xcode/DerivedData/idownloadd-buyibqeibzuaejeouuwsxitpvtst/Build/Intermediates.noindex/ArchiveIntermediates/idownloadd/IntermediateBuildFilesPath/idownloadd.build/Release-iphoneos/idownloadd.build/idownloadd.DependencyMetadataFileList

WriteAuxiliaryFile /Users/runner/Library/Developer/Xcode/DerivedData/idownloadd-buyibqeibzuaejeouuwsxitpvtst/Build/Intermediates.noindex/ArchiveIntermediates/idownloadd/IntermediateBuildFilesPath/idownloadd.build/Release-iphoneos/idownloadd.build/idownloadd-project-headers.hmap (in target 'idownloadd' from project 'idownloadd')
    cd /Users/runner/work/dopamine-extended/dopamine-extended/Dopamine/BaseBin/idownloadd/src
    write-file /Users/runner/Library/Developer/Xcode/DerivedData/idownloadd-buyibqeibzuaejeouuwsxitpvtst/Build/Intermediates.noindex/ArchiveIntermediates/idownloadd/IntermediateBuildFilesPath/idownloadd.build/Release-iphoneos/idownloadd.build/idownloadd-project-headers.hmap

WriteAuxiliaryFile /Users/runner/Library/Developer/Xcode/DerivedData/idownloadd-buyibqeibzuaejeouuwsxitpvtst/Build/Intermediates.noindex/ArchiveIntermediates/idownloadd/IntermediateBuildFilesPath/idownloadd.build/Release-iphoneos/idownloadd.build/idownloadd-own-target-headers.hmap (in target 'idownloadd' from project 'idownloadd')
    cd /Users/runner/work/dopamine-extended/dopamine-extended/Dopamine/BaseBin/idownloadd/src
    write-file /Users/runner/Library/Developer/Xcode/DerivedData/idownloadd-buyibqeibzuaejeouuwsxitpvtst/Build/Intermediates.noindex/ArchiveIntermediates/idownloadd/IntermediateBuildFilesPath/idownloadd.build/Release-iphoneos/idownloadd.build/idownloadd-own-target-headers.hmap

WriteAuxiliaryFile /Users/runner/Library/Developer/Xcode/DerivedData/idownloadd-buyibqeibzuaejeouuwsxitpvtst/Build/Intermediates.noindex/ArchiveIntermediates/idownloadd/IntermediateBuildFilesPath/idownloadd.build/Release-iphoneos/idownloadd.build/idownloadd-generated-files.hmap (in target 'idownloadd' from project 'idownloadd')
    cd /Users/runner/work/dopamine-extended/dopamine-extended/Dopamine/BaseBin/idownloadd/src
    write-file /Users/runner/Library/Developer/Xcode/DerivedData/idownloadd-buyibqeibzuaejeouuwsxitpvtst/Build/Intermediates.noindex/ArchiveIntermediates/idownloadd/IntermediateBuildFilesPath/idownloadd.build/Release-iphoneos/idownloadd.build/idownloadd-generated-files.hmap

WriteAuxiliaryFile /Users/runner/Library/Developer/Xcode/DerivedData/idownloadd-buyibqeibzuaejeouuwsxitpvtst/Build/Intermediates.noindex/ArchiveIntermediates/idownloadd/IntermediateBuildFilesPath/idownloadd.build/Release-iphoneos/idownloadd.build/idownloadd-all-target-headers.hmap (in target 'idownloadd' from project 'idownloadd')
    cd /Users/runner/work/dopamine-extended/dopamine-extended/Dopamine/BaseBin/idownloadd/src
    write-file /Users/runner/Library/Developer/Xcode/DerivedData/idownloadd-buyibqeibzuaejeouuwsxitpvtst/Build/Intermediates.noindex/ArchiveIntermediates/idownloadd/IntermediateBuildFilesPath/idownloadd.build/Release-iphoneos/idownloadd.build/idownloadd-all-target-headers.hmap

WriteAuxiliaryFile /Users/runner/Library/Developer/Xcode/DerivedData/idownloadd-buyibqeibzuaejeouuwsxitpvtst/Build/Intermediates.noindex/ArchiveIntermediates/idownloadd/IntermediateBuildFilesPath/idownloadd.build/Release-iphoneos/idownloadd.build/idownloadd-all-non-framework-target-headers.hmap (in target 'idownloadd' from project 'idownloadd')
    cd /Users/runner/work/dopamine-extended/dopamine-extended/Dopamine/BaseBin/idownloadd/src
    write-file /Users/runner/Library/Developer/Xcode/DerivedData/idownloadd-buyibqeibzuaejeouuwsxitpvtst/Build/Intermediates.noindex/ArchiveIntermediates/idownloadd/IntermediateBuildFilesPath/idownloadd.build/Release-iphoneos/idownloadd.build/idownloadd-all-non-framework-target-headers.hmap

WriteAuxiliaryFile /Users/runner/Library/Developer/Xcode/DerivedData/idownloadd-buyibqeibzuaejeouuwsxitpvtst/Build/Intermediates.noindex/ArchiveIntermediates/idownloadd/IntermediateBuildFilesPath/idownloadd.build/Release-iphoneos/idownloadd.build/Objects-normal/arm64/idownloadd_const_extract_protocols.json (in target 'idownloadd' from project 'idownloadd')
    cd /Users/runner/work/dopamine-extended/dopamine-extended/Dopamine/BaseBin/idownloadd/src
    write-file /Users/runner/Library/Developer/Xcode/DerivedData/idownloadd-buyibqeibzuaejeouuwsxitpvtst/Build/Intermediates.noindex/ArchiveIntermediates/idownloadd/IntermediateBuildFilesPath/idownloadd.build/Release-iphoneos/idownloadd.build/Objects-normal/arm64/idownloadd_const_extract_protocols.json

WriteAuxiliaryFile /Users/runner/Library/Developer/Xcode/DerivedData/idownloadd-buyibqeibzuaejeouuwsxitpvtst/Build/Intermediates.noindex/ArchiveIntermediates/idownloadd/IntermediateBuildFilesPath/idownloadd.build/Release-iphoneos/idownloadd.build/Objects-normal/arm64/idownloadd.SwiftFileList (in target 'idownloadd' from project 'idownloadd')
    cd /Users/runner/work/dopamine-extended/dopamine-extended/Dopamine/BaseBin/idownloadd/src
    write-file /Users/runner/Library/Developer/Xcode/DerivedData/idownloadd-buyibqeibzuaejeouuwsxitpvtst/Build/Intermediates.noindex/ArchiveIntermediates/idownloadd/IntermediateBuildFilesPath/idownloadd.build/Release-iphoneos/idownloadd.build/Objects-normal/arm64/idownloadd.SwiftFileList

WriteAuxiliaryFile /Users/runner/Library/Developer/Xcode/DerivedData/idownloadd-buyibqeibzuaejeouuwsxitpvtst/Build/Intermediates.noindex/ArchiveIntermediates/idownloadd/IntermediateBuildFilesPath/idownloadd.build/Release-iphoneos/idownloadd.build/Objects-normal/arm64/idownloadd.LinkFileList (in target 'idownloadd' from project 'idownloadd')
    cd /Users/runner/work/dopamine-extended/dopamine-extended/Dopamine/BaseBin/idownloadd/src
    write-file /Users/runner/Library/Developer/Xcode/DerivedData/idownloadd-buyibqeibzuaejeouuwsxitpvtst/Build/Intermediates.noindex/ArchiveIntermediates/idownloadd/IntermediateBuildFilesPath/idownloadd.build/Release-iphoneos/idownloadd.build/Objects-normal/arm64/idownloadd.LinkFileList

WriteAuxiliaryFile /Users/runner/Library/Developer/Xcode/DerivedData/idownloadd-buyibqeibzuaejeouuwsxitpvtst/Build/Intermediates.noindex/ArchiveIntermediates/idownloadd/IntermediateBuildFilesPath/idownloadd.build/Release-iphoneos/idownloadd.build/Objects-normal/arm64/idownloadd-OutputFileMap.json (in target 'idownloadd' from project 'idownloadd')
    cd /Users/runner/work/dopamine-extended/dopamine-extended/Dopamine/BaseBin/idownloadd/src
    write-file /Users/runner/Library/Developer/Xcode/DerivedData/idownloadd-buyibqeibzuaejeouuwsxitpvtst/Build/Intermediates.noindex/ArchiveIntermediates/idownloadd/IntermediateBuildFilesPath/idownloadd.build/Release-iphoneos/idownloadd.build/Objects-normal/arm64/idownloadd-OutputFileMap.json

WriteAuxiliaryFile /Users/runner/Library/Developer/Xcode/DerivedData/idownloadd-buyibqeibzuaejeouuwsxitpvtst/Build/Intermediates.noindex/ArchiveIntermediates/idownloadd/IntermediateBuildFilesPath/idownloadd.build/Release-iphoneos/idownloadd.build/Objects-normal/arm64/7187679823f38a2a940e0043cdf9d637-common-args.resp (in target 'idownloadd' from project 'idownloadd')
    cd /Users/runner/work/dopamine-extended/dopamine-extended/Dopamine/BaseBin/idownloadd/src
    write-file /Users/runner/Library/Developer/Xcode/DerivedData/idownloadd-buyibqeibzuaejeouuwsxitpvtst/Build/Intermediates.noindex/ArchiveIntermediates/idownloadd/IntermediateBuildFilesPath/idownloadd.build/Release-iphoneos/idownloadd.build/Objects-normal/arm64/7187679823f38a2a940e0043cdf9d637-common-args.resp
-target arm64-apple-ios15.0 '-std=gnu11' -fmodules -gmodules '-fmodules-cache-path=/Users/runner/Library/Developer/Xcode/DerivedData/ModuleCache.noindex' -fpascal-strings -Os -fno-common -isysroot /Applications/Xcode_16.2.app/Contents/Developer/Platforms/iPhoneOS.platform/Developer/SDKs/iPhoneOS18.2.sdk -g '-fvisibility=hidden' -iquote /Users/runner/Library/Developer/Xcode/DerivedData/idownloadd-buyibqeibzuaejeouuwsxitpvtst/Build/Intermediates.noindex/ArchiveIntermediates/idownloadd/IntermediateBuildFilesPath/idownloadd.build/Release-iphoneos/idownloadd.build/idownloadd-generated-files.hmap -I/Users/runner/Library/Developer/Xcode/DerivedData/idownloadd-buyibqeibzuaejeouuwsxitpvtst/Build/Intermediates.noindex/ArchiveIntermediates/idownloadd/IntermediateBuildFilesPath/idownloadd.build/Release-iphoneos/idownloadd.build/idownloadd-own-target-headers.hmap -I/Users/runner/Library/Developer/Xcode/DerivedData/idownloadd-buyibqeibzuaejeouuwsxitpvtst/Build/Intermediates.noindex/ArchiveIntermediates/idownloadd/IntermediateBuildFilesPath/idownloadd.build/Release-iphoneos/idownloadd.build/idownloadd-all-non-framework-target-headers.hmap -ivfsoverlay /Users/runner/Library/Developer/Xcode/DerivedData/idownloadd-buyibqeibzuaejeouuwsxitpvtst/Build/Intermediates.noindex/ArchiveIntermediates/idownloadd/IntermediateBuildFilesPath/idownloadd.build/Release-iphoneos/idownloadd-b2e5d7cb007b8a24cc3179f58e35639b-VFS-iphoneos/all-product-headers.yaml -iquote /Users/runner/Library/Developer/Xcode/DerivedData/idownloadd-buyibqeibzuaejeouuwsxitpvtst/Build/Intermediates.noindex/ArchiveIntermediates/idownloadd/IntermediateBuildFilesPath/idownloadd.build/Release-iphoneos/idownloadd.build/idownloadd-project-headers.hmap -I/Users/runner/Library/Developer/Xcode/DerivedData/idownloadd-buyibqeibzuaejeouuwsxitpvtst/Build/Intermediates.noindex/ArchiveIntermediates/idownloadd/BuildProductsPath/Release-iphoneos/include -I/Users/runner/work/dopamine-extended/dopamine-extended/Dopamine/BaseBin/.include -I/Users/runner/Library/Developer/Xcode/DerivedData/idownloadd-buyibqeibzuaejeouuwsxitpvtst/Build/Intermediates.noindex/ArchiveIntermediates/idownloadd/IntermediateBuildFilesPath/idownloadd.build/Release-iphoneos/idownloadd.build/DerivedSources-normal/arm64 -I/Users/runner/Library/Developer/Xcode/DerivedData/idownloadd-buyibqeibzuaejeouuwsxitpvtst/Build/Intermediates.noindex/ArchiveIntermediates/idownloadd/IntermediateBuildFilesPath/idownloadd.build/Release-iphoneos/idownloadd.build/DerivedSources/arm64 -I/Users/runner/Library/Developer/Xcode/DerivedData/idownloadd-buyibqeibzuaejeouuwsxitpvtst/Build/Intermediates.noindex/ArchiveIntermediates/idownloadd/IntermediateBuildFilesPath/idownloadd.build/Release-iphoneos/idownloadd.build/DerivedSources -F/Users/runner/Library/Developer/Xcode/DerivedData/idownloadd-buyibqeibzuaejeouuwsxitpvtst/Build/Intermediates.noindex/ArchiveIntermediates/idownloadd/BuildProductsPath/Release-iphoneos/PackageFrameworks -F/Users/runner/Library/Developer/Xcode/DerivedData/idownloadd-buyibqeibzuaejeouuwsxitpvtst/Build/Intermediates.noindex/ArchiveIntermediates/idownloadd/BuildProductsPath/Release-iphoneos/PackageFrameworks -F/Users/runner/Library/Developer/Xcode/DerivedData/idownloadd-buyibqeibzuaejeouuwsxitpvtst/Build/Intermediates.noindex/ArchiveIntermediates/idownloadd/BuildProductsPath/Release-iphoneos '-fmodule-map-file=/Users/runner/Library/Developer/Xcode/DerivedData/idownloadd-buyibqeibzuaejeouuwsxitpvtst/Build/Intermediates.noindex/ArchiveIntermediates/idownloadd/IntermediateBuildFilesPath/GeneratedModuleMaps-iphoneos/SwiftUtils.modulemap' '-fmodule-map-file=/Users/runner/Library/Developer/Xcode/DerivedData/idownloadd-buyibqeibzuaejeouuwsxitpvtst/Build/Intermediates.noindex/ArchiveIntermediates/idownloadd/IntermediateBuildFilesPath/GeneratedModuleMaps-iphoneos/iDownload.modulemap'

WriteAuxiliaryFile /Users/runner/Library/Developer/Xcode/DerivedData/idownloadd-buyibqeibzuaejeouuwsxitpvtst/Build/Intermediates.noindex/ArchiveIntermediates/idownloadd/IntermediateBuildFilesPath/iDownload.build/Release-iphoneos/iDownload.build/iDownload.modulemap (in target 'iDownload' from project 'iDownload')
    cd /Users/runner/Library/Developer/Xcode/DerivedData/idownloadd-buyibqeibzuaejeouuwsxitpvtst/SourcePackages/checkouts/iDownload
    write-file /Users/runner/Library/Developer/Xcode/DerivedData/idownloadd-buyibqeibzuaejeouuwsxitpvtst/Build/Intermediates.noindex/ArchiveIntermediates/idownloadd/IntermediateBuildFilesPath/iDownload.build/Release-iphoneos/iDownload.build/iDownload.modulemap

WriteAuxiliaryFile /Users/runner/Library/Developer/Xcode/DerivedData/idownloadd-buyibqeibzuaejeouuwsxitpvtst/Build/Intermediates.noindex/ArchiveIntermediates/idownloadd/IntermediateBuildFilesPath/iDownload.build/Release-iphoneos/iDownload.build/iDownload.DependencyMetadataFileList (in target 'iDownload' from project 'iDownload')
    cd /Users/runner/Library/Developer/Xcode/DerivedData/idownloadd-buyibqeibzuaejeouuwsxitpvtst/SourcePackages/checkouts/iDownload
    write-file /Users/runner/Library/Developer/Xcode/DerivedData/idownloadd-buyibqeibzuaejeouuwsxitpvtst/Build/Intermediates.noindex/ArchiveIntermediates/idownloadd/IntermediateBuildFilesPath/iDownload.build/Release-iphoneos/iDownload.build/iDownload.DependencyMetadataFileList

WriteAuxiliaryFile /Users/runner/Library/Developer/Xcode/DerivedData/idownloadd-buyibqeibzuaejeouuwsxitpvtst/Build/Intermediates.noindex/ArchiveIntermediates/idownloadd/IntermediateBuildFilesPath/iDownload.build/Release-iphoneos/iDownload.build/Objects-normal/arm64/iDownload_const_extract_protocols.json (in target 'iDownload' from project 'iDownload')
    cd /Users/runner/Library/Developer/Xcode/DerivedData/idownloadd-buyibqeibzuaejeouuwsxitpvtst/SourcePackages/checkouts/iDownload
    write-file /Users/runner/Library/Developer/Xcode/DerivedData/idownloadd-buyibqeibzuaejeouuwsxitpvtst/Build/Intermediates.noindex/ArchiveIntermediates/idownloadd/IntermediateBuildFilesPath/iDownload.build/Release-iphoneos/iDownload.build/Objects-normal/arm64/iDownload_const_extract_protocols.json

WriteAuxiliaryFile /Users/runner/Library/Developer/Xcode/DerivedData/idownloadd-buyibqeibzuaejeouuwsxitpvtst/Build/Intermediates.noindex/ArchiveIntermediates/idownloadd/IntermediateBuildFilesPath/iDownload.build/Release-iphoneos/iDownload.build/Objects-normal/arm64/iDownload.SwiftFileList (in target 'iDownload' from project 'iDownload')
    cd /Users/runner/Library/Developer/Xcode/DerivedData/idownloadd-buyibqeibzuaejeouuwsxitpvtst/SourcePackages/checkouts/iDownload
    write-file /Users/runner/Library/Developer/Xcode/DerivedData/idownloadd-buyibqeibzuaejeouuwsxitpvtst/Build/Intermediates.noindex/ArchiveIntermediates/idownloadd/IntermediateBuildFilesPath/iDownload.build/Release-iphoneos/iDownload.build/Objects-normal/arm64/iDownload.SwiftFileList

WriteAuxiliaryFile /Users/runner/Library/Developer/Xcode/DerivedData/idownloadd-buyibqeibzuaejeouuwsxitpvtst/Build/Intermediates.noindex/ArchiveIntermediates/idownloadd/IntermediateBuildFilesPath/iDownload.build/Release-iphoneos/iDownload.build/Objects-normal/arm64/iDownload.LinkFileList (in target 'iDownload' from project 'iDownload')
    cd /Users/runner/Library/Developer/Xcode/DerivedData/idownloadd-buyibqeibzuaejeouuwsxitpvtst/SourcePackages/checkouts/iDownload
    write-file /Users/runner/Library/Developer/Xcode/DerivedData/idownloadd-buyibqeibzuaejeouuwsxitpvtst/Build/Intermediates.noindex/ArchiveIntermediates/idownloadd/IntermediateBuildFilesPath/iDownload.build/Release-iphoneos/iDownload.build/Objects-normal/arm64/iDownload.LinkFileList

WriteAuxiliaryFile /Users/runner/Library/Developer/Xcode/DerivedData/idownloadd-buyibqeibzuaejeouuwsxitpvtst/Build/Intermediates.noindex/ArchiveIntermediates/idownloadd/IntermediateBuildFilesPath/iDownload.build/Release-iphoneos/iDownload.build/Objects-normal/arm64/iDownload-OutputFileMap.json (in target 'iDownload' from project 'iDownload')
    cd /Users/runner/Library/Developer/Xcode/DerivedData/idownloadd-buyibqeibzuaejeouuwsxitpvtst/SourcePackages/checkouts/iDownload
    write-file /Users/runner/Library/Developer/Xcode/DerivedData/idownloadd-buyibqeibzuaejeouuwsxitpvtst/Build/Intermediates.noindex/ArchiveIntermediates/idownloadd/IntermediateBuildFilesPath/iDownload.build/Release-iphoneos/iDownload.build/Objects-normal/arm64/iDownload-OutputFileMap.json

WriteAuxiliaryFile /Users/runner/Library/Developer/Xcode/DerivedData/idownloadd-buyibqeibzuaejeouuwsxitpvtst/Build/Intermediates.noindex/ArchiveIntermediates/idownloadd/IntermediateBuildFilesPath/SwiftUtils.build/Release-iphoneos/SwiftUtils.build/SwiftUtils.modulemap (in target 'SwiftUtils' from project 'SwiftUtils')
    cd /Users/runner/Library/Developer/Xcode/DerivedData/idownloadd-buyibqeibzuaejeouuwsxitpvtst/SourcePackages/checkouts/SwiftUtils
    write-file /Users/runner/Library/Developer/Xcode/DerivedData/idownloadd-buyibqeibzuaejeouuwsxitpvtst/Build/Intermediates.noindex/ArchiveIntermediates/idownloadd/IntermediateBuildFilesPath/SwiftUtils.build/Release-iphoneos/SwiftUtils.build/SwiftUtils.modulemap

WriteAuxiliaryFile /Users/runner/Library/Developer/Xcode/DerivedData/idownloadd-buyibqeibzuaejeouuwsxitpvtst/Build/Intermediates.noindex/ArchiveIntermediates/idownloadd/IntermediateBuildFilesPath/SwiftUtils.build/Release-iphoneos/SwiftUtils.build/SwiftUtils.DependencyMetadataFileList (in target 'SwiftUtils' from project 'SwiftUtils')
    cd /Users/runner/Library/Developer/Xcode/DerivedData/idownloadd-buyibqeibzuaejeouuwsxitpvtst/SourcePackages/checkouts/SwiftUtils
    write-file /Users/runner/Library/Developer/Xcode/DerivedData/idownloadd-buyibqeibzuaejeouuwsxitpvtst/Build/Intermediates.noindex/ArchiveIntermediates/idownloadd/IntermediateBuildFilesPath/SwiftUtils.build/Release-iphoneos/SwiftUtils.build/SwiftUtils.DependencyMetadataFileList

WriteAuxiliaryFile /Users/runner/Library/Developer/Xcode/DerivedData/idownloadd-buyibqeibzuaejeouuwsxitpvtst/Build/Intermediates.noindex/ArchiveIntermediates/idownloadd/IntermediateBuildFilesPath/SwiftUtils.build/Release-iphoneos/SwiftUtils.build/Objects-normal/arm64/SwiftUtils_const_extract_protocols.json (in target 'SwiftUtils' from project 'SwiftUtils')
    cd /Users/runner/Library/Developer/Xcode/DerivedData/idownloadd-buyibqeibzuaejeouuwsxitpvtst/SourcePackages/checkouts/SwiftUtils
    write-file /Users/runner/Library/Developer/Xcode/DerivedData/idownloadd-buyibqeibzuaejeouuwsxitpvtst/Build/Intermediates.noindex/ArchiveIntermediates/idownloadd/IntermediateBuildFilesPath/SwiftUtils.build/Release-iphoneos/SwiftUtils.build/Objects-normal/arm64/SwiftUtils_const_extract_protocols.json

WriteAuxiliaryFile /Users/runner/Library/Developer/Xcode/DerivedData/idownloadd-buyibqeibzuaejeouuwsxitpvtst/Build/Intermediates.noindex/ArchiveIntermediates/idownloadd/IntermediateBuildFilesPath/SwiftUtils.build/Release-iphoneos/SwiftUtils.build/Objects-normal/arm64/SwiftUtils.SwiftFileList (in target 'SwiftUtils' from project 'SwiftUtils')
    cd /Users/runner/Library/Developer/Xcode/DerivedData/idownloadd-buyibqeibzuaejeouuwsxitpvtst/SourcePackages/checkouts/SwiftUtils
    write-file /Users/runner/Library/Developer/Xcode/DerivedData/idownloadd-buyibqeibzuaejeouuwsxitpvtst/Build/Intermediates.noindex/ArchiveIntermediates/idownloadd/IntermediateBuildFilesPath/SwiftUtils.build/Release-iphoneos/SwiftUtils.build/Objects-normal/arm64/SwiftUtils.SwiftFileList

WriteAuxiliaryFile /Users/runner/Library/Developer/Xcode/DerivedData/idownloadd-buyibqeibzuaejeouuwsxitpvtst/Build/Intermediates.noindex/ArchiveIntermediates/idownloadd/IntermediateBuildFilesPath/SwiftUtils.build/Release-iphoneos/SwiftUtils.build/Objects-normal/arm64/SwiftUtils.LinkFileList (in target 'SwiftUtils' from project 'SwiftUtils')
    cd /Users/runner/Library/Developer/Xcode/DerivedData/idownloadd-buyibqeibzuaejeouuwsxitpvtst/SourcePackages/checkouts/SwiftUtils
    write-file /Users/runner/Library/Developer/Xcode/DerivedData/idownloadd-buyibqeibzuaejeouuwsxitpvtst/Build/Intermediates.noindex/ArchiveIntermediates/idownloadd/IntermediateBuildFilesPath/SwiftUtils.build/Release-iphoneos/SwiftUtils.build/Objects-normal/arm64/SwiftUtils.LinkFileList

WriteAuxiliaryFile /Users/runner/Library/Developer/Xcode/DerivedData/idownloadd-buyibqeibzuaejeouuwsxitpvtst/Build/Intermediates.noindex/ArchiveIntermediates/idownloadd/IntermediateBuildFilesPath/SwiftUtils.build/Release-iphoneos/SwiftUtils.build/Objects-normal/arm64/SwiftUtils-OutputFileMap.json (in target 'SwiftUtils' from project 'SwiftUtils')
    cd /Users/runner/Library/Developer/Xcode/DerivedData/idownloadd-buyibqeibzuaejeouuwsxitpvtst/SourcePackages/checkouts/SwiftUtils
    write-file /Users/runner/Library/Developer/Xcode/DerivedData/idownloadd-buyibqeibzuaejeouuwsxitpvtst/Build/Intermediates.noindex/ArchiveIntermediates/idownloadd/IntermediateBuildFilesPath/SwiftUtils.build/Release-iphoneos/SwiftUtils.build/Objects-normal/arm64/SwiftUtils-OutputFileMap.json

SymLink /Users/runner/Library/Developer/Xcode/DerivedData/idownloadd-buyibqeibzuaejeouuwsxitpvtst/Build/Intermediates.noindex/ArchiveIntermediates/idownloadd/BuildProductsPath/Release-iphoneos/idownloadd ../../InstallationBuildProductsLocation/usr/local/bin/idownloadd (in target 'idownloadd' from project 'idownloadd')
    cd /Users/runner/work/dopamine-extended/dopamine-extended/Dopamine/BaseBin/idownloadd/src
    /bin/ln -sfh ../../InstallationBuildProductsLocation/usr/local/bin/idownloadd /Users/runner/Library/Developer/Xcode/DerivedData/idownloadd-buyibqeibzuaejeouuwsxitpvtst/Build/Intermediates.noindex/ArchiveIntermediates/idownloadd/BuildProductsPath/Release-iphoneos/idownloadd

SymLink /Users/runner/Library/Developer/Xcode/DerivedData/idownloadd-buyibqeibzuaejeouuwsxitpvtst/Build/Intermediates.noindex/ArchiveIntermediates/idownloadd/BuildProductsPath/Release-iphoneos/iDownload.o ../../IntermediateBuildFilesPath/UninstalledProducts/iphoneos/iDownload.o (in target 'iDownload' from project 'iDownload')
    cd /Users/runner/Library/Developer/Xcode/DerivedData/idownloadd-buyibqeibzuaejeouuwsxitpvtst/SourcePackages/checkouts/iDownload
    /bin/ln -sfh ../../IntermediateBuildFilesPath/UninstalledProducts/iphoneos/iDownload.o /Users/runner/Library/Developer/Xcode/DerivedData/idownloadd-buyibqeibzuaejeouuwsxitpvtst/Build/Intermediates.noindex/ArchiveIntermediates/idownloadd/BuildProductsPath/Release-iphoneos/iDownload.o

SymLink /Users/runner/Library/Developer/Xcode/DerivedData/idownloadd-buyibqeibzuaejeouuwsxitpvtst/Build/Intermediates.noindex/ArchiveIntermediates/idownloadd/BuildProductsPath/Release-iphoneos/SwiftUtils.o ../../IntermediateBuildFilesPath/UninstalledProducts/iphoneos/SwiftUtils.o (in target 'SwiftUtils' from project 'SwiftUtils')
    cd /Users/runner/Library/Developer/Xcode/DerivedData/idownloadd-buyibqeibzuaejeouuwsxitpvtst/SourcePackages/checkouts/SwiftUtils
    /bin/ln -sfh ../../IntermediateBuildFilesPath/UninstalledProducts/iphoneos/SwiftUtils.o /Users/runner/Library/Developer/Xcode/DerivedData/idownloadd-buyibqeibzuaejeouuwsxitpvtst/Build/Intermediates.noindex/ArchiveIntermediates/idownloadd/BuildProductsPath/Release-iphoneos/SwiftUtils.o

Copy /Users/runner/Library/Developer/Xcode/DerivedData/idownloadd-buyibqeibzuaejeouuwsxitpvtst/Build/Intermediates.noindex/ArchiveIntermediates/idownloadd/IntermediateBuildFilesPath/GeneratedModuleMaps-iphoneos/SwiftUtils.modulemap /Users/runner/Library/Developer/Xcode/DerivedData/idownloadd-buyibqeibzuaejeouuwsxitpvtst/Build/Intermediates.noindex/ArchiveIntermediates/idownloadd/IntermediateBuildFilesPath/SwiftUtils.build/Release-iphoneos/SwiftUtils.build/SwiftUtils.modulemap (in target 'SwiftUtils' from project 'SwiftUtils')
    cd /Users/runner/Library/Developer/Xcode/DerivedData/idownloadd-buyibqeibzuaejeouuwsxitpvtst/SourcePackages/checkouts/SwiftUtils
    builtin-copy -exclude .DS_Store -exclude CVS -exclude .svn -exclude .git -exclude .hg -strip-unsigned-binaries -strip-deterministic -strip-tool /Applications/Xcode_16.2.app/Contents/Developer/Toolchains/XcodeDefault.xctoolchain/usr/bin/strip -resolve-src-symlinks /Users/runner/Library/Developer/Xcode/DerivedData/idownloadd-buyibqeibzuaejeouuwsxitpvtst/Build/Intermediates.noindex/ArchiveIntermediates/idownloadd/IntermediateBuildFilesPath/SwiftUtils.build/Release-iphoneos/SwiftUtils.build/SwiftUtils.modulemap /Users/runner/Library/Developer/Xcode/DerivedData/idownloadd-buyibqeibzuaejeouuwsxitpvtst/Build/Intermediates.noindex/ArchiveIntermediates/idownloadd/IntermediateBuildFilesPath/GeneratedModuleMaps-iphoneos

SwiftDriver SwiftUtils normal arm64 com.apple.xcode.tools.swift.compiler (in target 'SwiftUtils' from project 'SwiftUtils')
    cd /Users/runner/work/dopamine-extended/dopamine-extended/Dopamine/BaseBin/idownloadd/src/idownloadd.xcodeproj
    builtin-SwiftDriver -- /Applications/Xcode_16.2.app/Contents/Developer/Toolchains/XcodeDefault.xctoolchain/usr/bin/swiftc -module-name SwiftUtils -O -whole-module-optimization -enforce-exclusivity\=checked @/Users/runner/Library/Developer/Xcode/DerivedData/idownloadd-buyibqeibzuaejeouuwsxitpvtst/Build/Intermediates.noindex/ArchiveIntermediates/idownloadd/IntermediateBuildFilesPath/SwiftUtils.build/Release-iphoneos/SwiftUtils.build/Objects-normal/arm64/SwiftUtils.SwiftFileList -DSWIFT_PACKAGE -DXcode -plugin-path /Applications/Xcode_16.2.app/Contents/Developer/Toolchains/XcodeDefault.xctoolchain/usr/lib/swift/host/plugins/testing -enable-experimental-feature DebugDescriptionMacro -sdk /Applications/Xcode_16.2.app/Contents/Developer/Platforms/iPhoneOS.platform/Developer/SDKs/iPhoneOS18.2.sdk -target arm64-apple-ios12.0 -g -module-cache-path /Users/runner/Library/Developer/Xcode/DerivedData/ModuleCache.noindex -Xfrontend -serialize-debugging-options -suppress-warnings -swift-version 5 -I /Users/runner/Library/Developer/Xcode/DerivedData/idownloadd-buyibqeibzuaejeouuwsxitpvtst/Build/Intermediates.noindex/ArchiveIntermediates/idownloadd/BuildProductsPath/Release-iphoneos -I /Applications/Xcode_16.2.app/Contents/Developer/Platforms/iPhoneOS.platform/Developer/usr/lib -F /Users/runner/Library/Developer/Xcode/DerivedData/idownloadd-buyibqeibzuaejeouuwsxitpvtst/Build/Intermediates.noindex/ArchiveIntermediates/idownloadd/BuildProductsPath/Release-iphoneos -F /Applications/Xcode_16.2.app/Contents/Developer/Platforms/iPhoneOS.platform/Developer/Library/Frameworks -F /Applications/Xcode_16.2.app/Contents/Developer/Platforms/iPhoneOS.platform/Developer/SDKs/iPhoneOS18.2.sdk/Developer/Library/Frameworks -c -num-threads 3 -Xcc -ivfsstatcache -Xcc /Users/runner/Library/Developer/Xcode/DerivedData/SDKStatCaches.noindex/iphoneos18.2-22C146-6f6929c68f51360d5ca70a73a7e0c2f9.sdkstatcache -output-file-map /Users/runner/Library/Developer/Xcode/DerivedData/idownloadd-buyibqeibzuaejeouuwsxitpvtst/Build/Intermediates.noindex/ArchiveIntermediates/idownloadd/IntermediateBuildFilesPath/SwiftUtils.build/Release-iphoneos/SwiftUtils.build/Objects-normal/arm64/SwiftUtils-OutputFileMap.json -use-frontend-parseable-output -save-temps -no-color-diagnostics -serialize-diagnostics -emit-dependencies -emit-module -emit-module-path /Users/runner/Library/Developer/Xcode/DerivedData/idownloadd-buyibqeibzuaejeouuwsxitpvtst/Build/Intermediates.noindex/ArchiveIntermediates/idownloadd/IntermediateBuildFilesPath/SwiftUtils.build/Release-iphoneos/SwiftUtils.build/Objects-normal/arm64/SwiftUtils.swiftmodule -validate-clang-modules-once -clang-build-session-file /Users/runner/Library/Developer/Xcode/DerivedData/ModuleCache.noindex/Session.modulevalidation -Xcc -I/Users/runner/Library/Developer/Xcode/DerivedData/idownloadd-buyibqeibzuaejeouuwsxitpvtst/Build/Intermediates.noindex/ArchiveIntermediates/idownloadd/IntermediateBuildFilesPath/SwiftUtils.build/Release-iphoneos/SwiftUtils.build/swift-overrides.hmap -emit-const-values -Xfrontend -const-gather-protocols-file -Xfrontend /Users/runner/Library/Developer/Xcode/DerivedData/idownloadd-buyibqeibzuaejeouuwsxitpvtst/Build/Intermediates.noindex/ArchiveIntermediates/idownloadd/IntermediateBuildFilesPath/SwiftUtils.build/Release-iphoneos/SwiftUtils.build/Objects-normal/arm64/SwiftUtils_const_extract_protocols.json -Xcc -I/Users/runner/Library/Developer/Xcode/DerivedData/idownloadd-buyibqeibzuaejeouuwsxitpvtst/Build/Intermediates.noindex/ArchiveIntermediates/idownloadd/BuildProductsPath/Release-iphoneos/include -Xcc -I/Users/runner/Library/Developer/Xcode/DerivedData/idownloadd-buyibqeibzuaejeouuwsxitpvtst/Build/Intermediates.noindex/ArchiveIntermediates/idownloadd/IntermediateBuildFilesPath/SwiftUtils.build/Release-iphoneos/SwiftUtils.build/DerivedSources-normal/arm64 -Xcc -I/Users/runner/Library/Developer/Xcode/DerivedData/idownloadd-buyibqeibzuaejeouuwsxitpvtst/Build/Intermediates.noindex/ArchiveIntermediates/idownloadd/IntermediateBuildFilesPath/SwiftUtils.build/Release-iphoneos/SwiftUtils.build/DerivedSources/arm64 -Xcc -I/Users/runner/Library/Developer/Xcode/DerivedData/idownloadd-buyibqeibzuaejeouuwsxitpvtst/Build/Intermediates.noindex/ArchiveIntermediates/idownloadd/IntermediateBuildFilesPath/SwiftUtils.build/Release-iphoneos/SwiftUtils.build/DerivedSources -Xcc -DSWIFT_PACKAGE -emit-objc-header -emit-objc-header-path /Users/runner/Library/Developer/Xcode/DerivedData/idownloadd-buyibqeibzuaejeouuwsxitpvtst/Build/Intermediates.noindex/ArchiveIntermediates/idownloadd/IntermediateBuildFilesPath/SwiftUtils.build/Release-iphoneos/SwiftUtils.build/Objects-normal/arm64/SwiftUtils-Swift.h -working-directory /Users/runner/work/dopamine-extended/dopamine-extended/Dopamine/BaseBin/idownloadd/src/idownloadd.xcodeproj -no-emit-module-separately-wmo

SwiftCompile normal arm64 Compiling\ Data.swift,\ String.swift,\ ptrauth.swift,\ require.swift /Users/runner/Library/Developer/Xcode/DerivedData/idownloadd-buyibqeibzuaejeouuwsxitpvtst/SourcePackages/checkouts/SwiftUtils/Sources/SwiftUtils/Extensions/Data.swift /Users/runner/Library/Developer/Xcode/DerivedData/idownloadd-buyibqeibzuaejeouuwsxitpvtst/SourcePackages/checkouts/SwiftUtils/Sources/SwiftUtils/Extensions/String.swift /Users/runner/Library/Developer/Xcode/DerivedData/idownloadd-buyibqeibzuaejeouuwsxitpvtst/SourcePackages/checkouts/SwiftUtils/Sources/SwiftUtils/ptrauth.swift /Users/runner/Library/Developer/Xcode/DerivedData/idownloadd-buyibqeibzuaejeouuwsxitpvtst/SourcePackages/checkouts/SwiftUtils/Sources/SwiftUtils/require.swift (in target 'SwiftUtils' from project 'SwiftUtils')
    cd /Users/runner/work/dopamine-extended/dopamine-extended/Dopamine/BaseBin/idownloadd/src/idownloadd.xcodeproj
    builtin-swiftTaskExecution -- /Applications/Xcode_16.2.app/Contents/Developer/Toolchains/XcodeDefault.xctoolchain/usr/bin/swift-frontend -frontend -c /Users/runner/Library/Developer/Xcode/DerivedData/idownloadd-buyibqeibzuaejeouuwsxitpvtst/SourcePackages/checkouts/SwiftUtils/Sources/SwiftUtils/Extensions/Data.swift /Users/runner/Library/Developer/Xcode/DerivedData/idownloadd-buyibqeibzuaejeouuwsxitpvtst/SourcePackages/checkouts/SwiftUtils/Sources/SwiftUtils/Extensions/String.swift /Users/runner/Library/Developer/Xcode/DerivedData/idownloadd-buyibqeibzuaejeouuwsxitpvtst/SourcePackages/checkouts/SwiftUtils/Sources/SwiftUtils/ptrauth.swift /Users/runner/Library/Developer/Xcode/DerivedData/idownloadd-buyibqeibzuaejeouuwsxitpvtst/SourcePackages/checkouts/SwiftUtils/Sources/SwiftUtils/require.swift -supplementary-output-file-map /Users/runner/Library/Developer/Xcode/DerivedData/idownloadd-buyibqeibzuaejeouuwsxitpvtst/Build/Intermediates.noindex/ArchiveIntermediates/idownloadd/IntermediateBuildFilesPath/SwiftUtils.build/Release-iphoneos/SwiftUtils.build/Objects-normal/arm64/supplementaryOutputs-1 -target arm64-apple-ios12.0 -Xllvm -aarch64-use-tbi -enable-objc-interop -sdk /Applications/Xcode_16.2.app/Contents/Developer/Platforms/iPhoneOS.platform/Developer/SDKs/iPhoneOS18.2.sdk -I /Users/runner/Library/Developer/Xcode/DerivedData/idownloadd-buyibqeibzuaejeouuwsxitpvtst/Build/Intermediates.noindex/ArchiveIntermediates/idownloadd/BuildProductsPath/Release-iphoneos -I /Applications/Xcode_16.2.app/Contents/Developer/Platforms/iPhoneOS.platform/Developer/usr/lib -F /Users/runner/Library/Developer/Xcode/DerivedData/idownloadd-buyibqeibzuaejeouuwsxitpvtst/Build/Intermediates.noindex/ArchiveIntermediates/idownloadd/BuildProductsPath/Release-iphoneos -F /Applications/Xcode_16.2.app/Contents/Developer/Platforms/iPhoneOS.platform/Developer/Library/Frameworks -F /Applications/Xcode_16.2.app/Contents/Developer/Platforms/iPhoneOS.platform/Developer/SDKs/iPhoneOS18.2.sdk/Developer/Library/Frameworks -no-color-diagnostics -g -debug-info-format\=dwarf -dwarf-version\=4 -module-cache-path /Users/runner/Library/Developer/Xcode/DerivedData/ModuleCache.noindex -suppress-warnings -swift-version 5 -enforce-exclusivity\=checked -O -D SWIFT_PACKAGE -D Xcode -serialize-debugging-options -const-gather-protocols-file /Users/runner/Library/Developer/Xcode/DerivedData/idownloadd-buyibqeibzuaejeouuwsxitpvtst/Build/Intermediates.noindex/ArchiveIntermediates/idownloadd/IntermediateBuildFilesPath/SwiftUtils.build/Release-iphoneos/SwiftUtils.build/Objects-normal/arm64/SwiftUtils_const_extract_protocols.json -enable-experimental-feature DebugDescriptionMacro -empty-abi-descriptor -plugin-path /Applications/Xcode_16.2.app/Contents/Developer/Toolchains/XcodeDefault.xctoolchain/usr/lib/swift/host/plugins/testing -validate-clang-modules-once -clang-build-session-file /Users/runner/Library/Developer/Xcode/DerivedData/ModuleCache.noindex/Session.modulevalidation -Xcc -working-directory -Xcc /Users/runner/work/dopamine-extended/dopamine-extended/Dopamine/BaseBin/idownloadd/src/idownloadd.xcodeproj -resource-dir /Applications/Xcode_16.2.app/Contents/Developer/Toolchains/XcodeDefault.xctoolchain/usr/lib/swift -file-compilation-dir /Users/runner/work/dopamine-extended/dopamine-extended/Dopamine/BaseBin/idownloadd/src/idownloadd.xcodeproj -Xcc -ivfsstatcache -Xcc /Users/runner/Library/Developer/Xcode/DerivedData/SDKStatCaches.noindex/iphoneos18.2-22C146-6f6929c68f51360d5ca70a73a7e0c2f9.sdkstatcache -Xcc -I/Users/runner/Library/Developer/Xcode/DerivedData/idownloadd-buyibqeibzuaejeouuwsxitpvtst/Build/Intermediates.noindex/ArchiveIntermediates/idownloadd/IntermediateBuildFilesPath/SwiftUtils.build/Release-iphoneos/SwiftUtils.build/swift-overrides.hmap -Xcc -I/Users/runner/Library/Developer/Xcode/DerivedData/idownloadd-buyibqeibzuaejeouuwsxitpvtst/Build/Intermediates.noindex/ArchiveIntermediates/idownloadd/BuildProductsPath/Release-iphoneos/include -Xcc -I/Users/runner/Library/Developer/Xcode/DerivedData/idownloadd-buyibqeibzuaejeouuwsxitpvtst/Build/Intermediates.noindex/ArchiveIntermediates/idownloadd/IntermediateBuildFilesPath/SwiftUtils.build/Release-iphoneos/SwiftUtils.build/DerivedSources-normal/arm64 -Xcc -I/Users/runner/Library/Developer/Xcode/DerivedData/idownloadd-buyibqeibzuaejeouuwsxitpvtst/Build/Intermediates.noindex/ArchiveIntermediates/idownloadd/IntermediateBuildFilesPath/SwiftUtils.build/Release-iphoneos/SwiftUtils.build/DerivedSources/arm64 -Xcc -I/Users/runner/Library/Developer/Xcode/DerivedData/idownloadd-buyibqeibzuaejeouuwsxitpvtst/Build/Intermediates.noindex/ArchiveIntermediates/idownloadd/IntermediateBuildFilesPath/SwiftUtils.build/Release-iphoneos/SwiftUtils.build/DerivedSources -Xcc -DSWIFT_PACKAGE -module-name SwiftUtils -frontend-parseable-output -disable-clang-spi -target-sdk-version 18.2 -target-sdk-name iphoneos18.2 -external-plugin-path /Applications/Xcode_16.2.app/Contents/Developer/Platforms/iPhoneOS.platform/Developer/usr/lib/swift/host/plugins\#/Applications/Xcode_16.2.app/Contents/Developer/Platforms/iPhoneOS.platform/Developer/usr/bin/swift-plugin-server -external-plugin-path /Applications/Xcode_16.2.app/Contents/Developer/Platforms/iPhoneOS.platform/Developer/usr/local/lib/swift/host/plugins\#/Applications/Xcode_16.2.app/Contents/Developer/Platforms/iPhoneOS.platform/Developer/usr/bin/swift-plugin-server -plugin-path /Applications/Xcode_16.2.app/Contents/Developer/Toolchains/XcodeDefault.xctoolchain/usr/lib/swift/host/plugins -plugin-path /Applications/Xcode_16.2.app/Contents/Developer/Toolchains/XcodeDefault.xctoolchain/usr/local/lib/swift/host/plugins -enable-default-cmo -num-threads 3 -o /Users/runner/Library/Developer/Xcode/DerivedData/idownloadd-buyibqeibzuaejeouuwsxitpvtst/Build/Intermediates.noindex/ArchiveIntermediates/idownloadd/IntermediateBuildFilesPath/SwiftUtils.build/Release-iphoneos/SwiftUtils.build/Objects-normal/arm64/Data.o -o /Users/runner/Library/Developer/Xcode/DerivedData/idownloadd-buyibqeibzuaejeouuwsxitpvtst/Build/Intermediates.noindex/ArchiveIntermediates/idownloadd/IntermediateBuildFilesPath/SwiftUtils.build/Release-iphoneos/SwiftUtils.build/Objects-normal/arm64/String.o -o /Users/runner/Library/Developer/Xcode/DerivedData/idownloadd-buyibqeibzuaejeouuwsxitpvtst/Build/Intermediates.noindex/ArchiveIntermediates/idownloadd/IntermediateBuildFilesPath/SwiftUtils.build/Release-iphoneos/SwiftUtils.build/Objects-normal/arm64/ptrauth.o -o /Users/runner/Library/Developer/Xcode/DerivedData/idownloadd-buyibqeibzuaejeouuwsxitpvtst/Build/Intermediates.noindex/ArchiveIntermediates/idownloadd/IntermediateBuildFilesPath/SwiftUtils.build/Release-iphoneos/SwiftUtils.build/Objects-normal/arm64/require.o -index-unit-output-path /SwiftUtils.build/Release-iphoneos/SwiftUtils.build/Objects-normal/arm64/Data.o -index-unit-output-path /SwiftUtils.build/Release-iphoneos/SwiftUtils.build/Objects-normal/arm64/String.o -index-unit-output-path /SwiftUtils.build/Release-iphoneos/SwiftUtils.build/Objects-normal/arm64/ptrauth.o -index-unit-output-path /SwiftUtils.build/Release-iphoneos/SwiftUtils.build/Objects-normal/arm64/require.o

CompileSwift normal arm64 (in target 'SwiftUtils' from project 'SwiftUtils')
    cd /Users/runner/work/dopamine-extended/dopamine-extended/Dopamine/BaseBin/idownloadd/src/idownloadd.xcodeproj
    /Applications/Xcode_16.2.app/Contents/Developer/Toolchains/XcodeDefault.xctoolchain/usr/bin/swift-frontend -c /Users/runner/Library/Developer/Xcode/DerivedData/idownloadd-buyibqeibzuaejeouuwsxitpvtst/SourcePackages/checkouts/SwiftUtils/Sources/SwiftUtils/Extensions/Data.swift /Users/runner/Library/Developer/Xcode/DerivedData/idownloadd-buyibqeibzuaejeouuwsxitpvtst/SourcePackages/checkouts/SwiftUtils/Sources/SwiftUtils/Extensions/String.swift /Users/runner/Library/Developer/Xcode/DerivedData/idownloadd-buyibqeibzuaejeouuwsxitpvtst/SourcePackages/checkouts/SwiftUtils/Sources/SwiftUtils/ptrauth.swift /Users/runner/Library/Developer/Xcode/DerivedData/idownloadd-buyibqeibzuaejeouuwsxitpvtst/SourcePackages/checkouts/SwiftUtils/Sources/SwiftUtils/require.swift -supplementary-output-file-map /Users/runner/Library/Developer/Xcode/DerivedData/idownloadd-buyibqeibzuaejeouuwsxitpvtst/Build/Intermediates.noindex/ArchiveIntermediates/idownloadd/IntermediateBuildFilesPath/SwiftUtils.build/Release-iphoneos/SwiftUtils.build/Objects-normal/arm64/supplementaryOutputs-1 -target arm64-apple-ios12.0 -Xllvm -aarch64-use-tbi -enable-objc-interop -sdk /Applications/Xcode_16.2.app/Contents/Developer/Platforms/iPhoneOS.platform/Developer/SDKs/iPhoneOS18.2.sdk -I /Users/runner/Library/Developer/Xcode/DerivedData/idownloadd-buyibqeibzuaejeouuwsxitpvtst/Build/Intermediates.noindex/ArchiveIntermediates/idownloadd/BuildProductsPath/Release-iphoneos -I /Applications/Xcode_16.2.app/Contents/Developer/Platforms/iPhoneOS.platform/Developer/usr/lib -F /Users/runner/Library/Developer/Xcode/DerivedData/idownloadd-buyibqeibzuaejeouuwsxitpvtst/Build/Intermediates.noindex/ArchiveIntermediates/idownloadd/BuildProductsPath/Release-iphoneos -F /Applications/Xcode_16.2.app/Contents/Developer/Platforms/iPhoneOS.platform/Developer/Library/Frameworks -F /Applications/Xcode_16.2.app/Contents/Developer/Platforms/iPhoneOS.platform/Developer/SDKs/iPhoneOS18.2.sdk/Developer/Library/Frameworks -no-color-diagnostics -g -debug-info-format\=dwarf -dwarf-version\=4 -module-cache-path /Users/runner/Library/Developer/Xcode/DerivedData/ModuleCache.noindex -suppress-warnings -swift-version 5 -enforce-exclusivity\=checked -O -D SWIFT_PACKAGE -D Xcode -serialize-debugging-options -const-gather-protocols-file /Users/runner/Library/Developer/Xcode/DerivedData/idownloadd-buyibqeibzuaejeouuwsxitpvtst/Build/Intermediates.noindex/ArchiveIntermediates/idownloadd/IntermediateBuildFilesPath/SwiftUtils.build/Release-iphoneos/SwiftUtils.build/Objects-normal/arm64/SwiftUtils_const_extract_protocols.json -enable-experimental-feature DebugDescriptionMacro -empty-abi-descriptor -plugin-path /Applications/Xcode_16.2.app/Contents/Developer/Toolchains/XcodeDefault.xctoolchain/usr/lib/swift/host/plugins/testing -validate-clang-modules-once -clang-build-session-file /Users/runner/Library/Developer/Xcode/DerivedData/ModuleCache.noindex/Session.modulevalidation -Xcc -working-directory -Xcc /Users/runner/work/dopamine-extended/dopamine-extended/Dopamine/BaseBin/idownloadd/src/idownloadd.xcodeproj -resource-dir /Applications/Xcode_16.2.app/Contents/Developer/Toolchains/XcodeDefault.xctoolchain/usr/lib/swift -file-compilation-dir /Users/runner/work/dopamine-extended/dopamine-extended/Dopamine/BaseBin/idownloadd/src/idownloadd.xcodeproj -Xcc -ivfsstatcache -Xcc /Users/runner/Library/Developer/Xcode/DerivedData/SDKStatCaches.noindex/iphoneos18.2-22C146-6f6929c68f51360d5ca70a73a7e0c2f9.sdkstatcache -Xcc -I/Users/runner/Library/Developer/Xcode/DerivedData/idownloadd-buyibqeibzuaejeouuwsxitpvtst/Build/Intermediates.noindex/ArchiveIntermediates/idownloadd/IntermediateBuildFilesPath/SwiftUtils.build/Release-iphoneos/SwiftUtils.build/swift-overrides.hmap -Xcc -I/Users/runner/Library/Developer/Xcode/DerivedData/idownloadd-buyibqeibzuaejeouuwsxitpvtst/Build/Intermediates.noindex/ArchiveIntermediates/idownloadd/BuildProductsPath/Release-iphoneos/include -Xcc -I/Users/runner/Library/Developer/Xcode/DerivedData/idownloadd-buyibqeibzuaejeouuwsxitpvtst/Build/Intermediates.noindex/ArchiveIntermediates/idownloadd/IntermediateBuildFilesPath/SwiftUtils.build/Release-iphoneos/SwiftUtils.build/DerivedSources-normal/arm64 -Xcc -I/Users/runner/Library/Developer/Xcode/DerivedData/idownloadd-buyibqeibzuaejeouuwsxitpvtst/Build/Intermediates.noindex/ArchiveIntermediates/idownloadd/IntermediateBuildFilesPath/SwiftUtils.build/Release-iphoneos/SwiftUtils.build/DerivedSources/arm64 -Xcc -I/Users/runner/Library/Developer/Xcode/DerivedData/idownloadd-buyibqeibzuaejeouuwsxitpvtst/Build/Intermediates.noindex/ArchiveIntermediates/idownloadd/IntermediateBuildFilesPath/SwiftUtils.build/Release-iphoneos/SwiftUtils.build/DerivedSources -Xcc -DSWIFT_PACKAGE -module-name SwiftUtils -frontend-parseable-output -disable-clang-spi -target-sdk-version 18.2 -target-sdk-name iphoneos18.2 -external-plugin-path /Applications/Xcode_16.2.app/Contents/Developer/Platforms/iPhoneOS.platform/Developer/usr/lib/swift/host/plugins\#/Applications/Xcode_16.2.app/Contents/Developer/Platforms/iPhoneOS.platform/Developer/usr/bin/swift-plugin-server -external-plugin-path /Applications/Xcode_16.2.app/Contents/Developer/Platforms/iPhoneOS.platform/Developer/usr/local/lib/swift/host/plugins\#/Applications/Xcode_16.2.app/Contents/Developer/Platforms/iPhoneOS.platform/Developer/usr/bin/swift-plugin-server -plugin-path /Applications/Xcode_16.2.app/Contents/Developer/Toolchains/XcodeDefault.xctoolchain/usr/lib/swift/host/plugins -plugin-path /Applications/Xcode_16.2.app/Contents/Developer/Toolchains/XcodeDefault.xctoolchain/usr/local/lib/swift/host/plugins -enable-default-cmo -num-threads 3 -o /Users/runner/Library/Developer/Xcode/DerivedData/idownloadd-buyibqeibzuaejeouuwsxitpvtst/Build/Intermediates.noindex/ArchiveIntermediates/idownloadd/IntermediateBuildFilesPath/SwiftUtils.build/Release-iphoneos/SwiftUtils.build/Objects-normal/arm64/Data.o -o /Users/runner/Library/Developer/Xcode/DerivedData/idownloadd-buyibqeibzuaejeouuwsxitpvtst/Build/Intermediates.noindex/ArchiveIntermediates/idownloadd/IntermediateBuildFilesPath/SwiftUtils.build/Release-iphoneos/SwiftUtils.build/Objects-normal/arm64/String.o -o /Users/runner/Library/Developer/Xcode/DerivedData/idownloadd-buyibqeibzuaejeouuwsxitpvtst/Build/Intermediates.noindex/ArchiveIntermediates/idownloadd/IntermediateBuildFilesPath/SwiftUtils.build/Release-iphoneos/SwiftUtils.build/Objects-normal/arm64/ptrauth.o -o /Users/runner/Library/Developer/Xcode/DerivedData/idownloadd-buyibqeibzuaejeouuwsxitpvtst/Build/Intermediates.noindex/ArchiveIntermediates/idownloadd/IntermediateBuildFilesPath/SwiftUtils.build/Release-iphoneos/SwiftUtils.build/Objects-normal/arm64/require.o -index-unit-output-path /SwiftUtils.build/Release-iphoneos/SwiftUtils.build/Objects-normal/arm64/Data.o -index-unit-output-path /SwiftUtils.build/Release-iphoneos/SwiftUtils.build/Objects-normal/arm64/String.o -index-unit-output-path /SwiftUtils.build/Release-iphoneos/SwiftUtils.build/Objects-normal/arm64/ptrauth.o -index-unit-output-path /SwiftUtils.build/Release-iphoneos/SwiftUtils.build/Objects-normal/arm64/require.o

SwiftDriver\ Compilation SwiftUtils normal arm64 com.apple.xcode.tools.swift.compiler (in target 'SwiftUtils' from project 'SwiftUtils')
    cd /Users/runner/work/dopamine-extended/dopamine-extended/Dopamine/BaseBin/idownloadd/src/idownloadd.xcodeproj
    builtin-Swift-Compilation -- /Applications/Xcode_16.2.app/Contents/Developer/Toolchains/XcodeDefault.xctoolchain/usr/bin/swiftc -module-name SwiftUtils -O -whole-module-optimization -enforce-exclusivity\=checked @/Users/runner/Library/Developer/Xcode/DerivedData/idownloadd-buyibqeibzuaejeouuwsxitpvtst/Build/Intermediates.noindex/ArchiveIntermediates/idownloadd/IntermediateBuildFilesPath/SwiftUtils.build/Release-iphoneos/SwiftUtils.build/Objects-normal/arm64/SwiftUtils.SwiftFileList -DSWIFT_PACKAGE -DXcode -plugin-path /Applications/Xcode_16.2.app/Contents/Developer/Toolchains/XcodeDefault.xctoolchain/usr/lib/swift/host/plugins/testing -enable-experimental-feature DebugDescriptionMacro -sdk /Applications/Xcode_16.2.app/Contents/Developer/Platforms/iPhoneOS.platform/Developer/SDKs/iPhoneOS18.2.sdk -target arm64-apple-ios12.0 -g -module-cache-path /Users/runner/Library/Developer/Xcode/DerivedData/ModuleCache.noindex -Xfrontend -serialize-debugging-options -suppress-warnings -swift-version 5 -I /Users/runner/Library/Developer/Xcode/DerivedData/idownloadd-buyibqeibzuaejeouuwsxitpvtst/Build/Intermediates.noindex/ArchiveIntermediates/idownloadd/BuildProductsPath/Release-iphoneos -I /Applications/Xcode_16.2.app/Contents/Developer/Platforms/iPhoneOS.platform/Developer/usr/lib -F /Users/runner/Library/Developer/Xcode/DerivedData/idownloadd-buyibqeibzuaejeouuwsxitpvtst/Build/Intermediates.noindex/ArchiveIntermediates/idownloadd/BuildProductsPath/Release-iphoneos -F /Applications/Xcode_16.2.app/Contents/Developer/Platforms/iPhoneOS.platform/Developer/Library/Frameworks -F /Applications/Xcode_16.2.app/Contents/Developer/Platforms/iPhoneOS.platform/Developer/SDKs/iPhoneOS18.2.sdk/Developer/Library/Frameworks -c -num-threads 3 -Xcc -ivfsstatcache -Xcc /Users/runner/Library/Developer/Xcode/DerivedData/SDKStatCaches.noindex/iphoneos18.2-22C146-6f6929c68f51360d5ca70a73a7e0c2f9.sdkstatcache -output-file-map /Users/runner/Library/Developer/Xcode/DerivedData/idownloadd-buyibqeibzuaejeouuwsxitpvtst/Build/Intermediates.noindex/ArchiveIntermediates/idownloadd/IntermediateBuildFilesPath/SwiftUtils.build/Release-iphoneos/SwiftUtils.build/Objects-normal/arm64/SwiftUtils-OutputFileMap.json -use-frontend-parseable-output -save-temps -no-color-diagnostics -serialize-diagnostics -emit-dependencies -emit-module -emit-module-path /Users/runner/Library/Developer/Xcode/DerivedData/idownloadd-buyibqeibzuaejeouuwsxitpvtst/Build/Intermediates.noindex/ArchiveIntermediates/idownloadd/IntermediateBuildFilesPath/SwiftUtils.build/Release-iphoneos/SwiftUtils.build/Objects-normal/arm64/SwiftUtils.swiftmodule -validate-clang-modules-once -clang-build-session-file /Users/runner/Library/Developer/Xcode/DerivedData/ModuleCache.noindex/Session.modulevalidation -Xcc -I/Users/runner/Library/Developer/Xcode/DerivedData/idownloadd-buyibqeibzuaejeouuwsxitpvtst/Build/Intermediates.noindex/ArchiveIntermediates/idownloadd/IntermediateBuildFilesPath/SwiftUtils.build/Release-iphoneos/SwiftUtils.build/swift-overrides.hmap -emit-const-values -Xfrontend -const-gather-protocols-file -Xfrontend /Users/runner/Library/Developer/Xcode/DerivedData/idownloadd-buyibqeibzuaejeouuwsxitpvtst/Build/Intermediates.noindex/ArchiveIntermediates/idownloadd/IntermediateBuildFilesPath/SwiftUtils.build/Release-iphoneos/SwiftUtils.build/Objects-normal/arm64/SwiftUtils_const_extract_protocols.json -Xcc -I/Users/runner/Library/Developer/Xcode/DerivedData/idownloadd-buyibqeibzuaejeouuwsxitpvtst/Build/Intermediates.noindex/ArchiveIntermediates/idownloadd/BuildProductsPath/Release-iphoneos/include -Xcc -I/Users/runner/Library/Developer/Xcode/DerivedData/idownloadd-buyibqeibzuaejeouuwsxitpvtst/Build/Intermediates.noindex/ArchiveIntermediates/idownloadd/IntermediateBuildFilesPath/SwiftUtils.build/Release-iphoneos/SwiftUtils.build/DerivedSources-normal/arm64 -Xcc -I/Users/runner/Library/Developer/Xcode/DerivedData/idownloadd-buyibqeibzuaejeouuwsxitpvtst/Build/Intermediates.noindex/ArchiveIntermediates/idownloadd/IntermediateBuildFilesPath/SwiftUtils.build/Release-iphoneos/SwiftUtils.build/DerivedSources/arm64 -Xcc -I/Users/runner/Library/Developer/Xcode/DerivedData/idownloadd-buyibqeibzuaejeouuwsxitpvtst/Build/Intermediates.noindex/ArchiveIntermediates/idownloadd/IntermediateBuildFilesPath/SwiftUtils.build/Release-iphoneos/SwiftUtils.build/DerivedSources -Xcc -DSWIFT_PACKAGE -emit-objc-header -emit-objc-header-path /Users/runner/Library/Developer/Xcode/DerivedData/idownloadd-buyibqeibzuaejeouuwsxitpvtst/Build/Intermediates.noindex/ArchiveIntermediates/idownloadd/IntermediateBuildFilesPath/SwiftUtils.build/Release-iphoneos/SwiftUtils.build/Objects-normal/arm64/SwiftUtils-Swift.h -working-directory /Users/runner/work/dopamine-extended/dopamine-extended/Dopamine/BaseBin/idownloadd/src/idownloadd.xcodeproj -no-emit-module-separately-wmo

SwiftDriverJobDiscovery normal arm64 Compiling Data.swift, String.swift, ptrauth.swift, require.swift (in target 'SwiftUtils' from project 'SwiftUtils')

SwiftDriver\ Compilation\ Requirements SwiftUtils normal arm64 com.apple.xcode.tools.swift.compiler (in target 'SwiftUtils' from project 'SwiftUtils')
    cd /Users/runner/work/dopamine-extended/dopamine-extended/Dopamine/BaseBin/idownloadd/src/idownloadd.xcodeproj
    builtin-Swift-Compilation-Requirements -- /Applications/Xcode_16.2.app/Contents/Developer/Toolchains/XcodeDefault.xctoolchain/usr/bin/swiftc -module-name SwiftUtils -O -whole-module-optimization -enforce-exclusivity\=checked @/Users/runner/Library/Developer/Xcode/DerivedData/idownloadd-buyibqeibzuaejeouuwsxitpvtst/Build/Intermediates.noindex/ArchiveIntermediates/idownloadd/IntermediateBuildFilesPath/SwiftUtils.build/Release-iphoneos/SwiftUtils.build/Objects-normal/arm64/SwiftUtils.SwiftFileList -DSWIFT_PACKAGE -DXcode -plugin-path /Applications/Xcode_16.2.app/Contents/Developer/Toolchains/XcodeDefault.xctoolchain/usr/lib/swift/host/plugins/testing -enable-experimental-feature DebugDescriptionMacro -sdk /Applications/Xcode_16.2.app/Contents/Developer/Platforms/iPhoneOS.platform/Developer/SDKs/iPhoneOS18.2.sdk -target arm64-apple-ios12.0 -g -module-cache-path /Users/runner/Library/Developer/Xcode/DerivedData/ModuleCache.noindex -Xfrontend -serialize-debugging-options -suppress-warnings -swift-version 5 -I /Users/runner/Library/Developer/Xcode/DerivedData/idownloadd-buyibqeibzuaejeouuwsxitpvtst/Build/Intermediates.noindex/ArchiveIntermediates/idownloadd/BuildProductsPath/Release-iphoneos -I /Applications/Xcode_16.2.app/Contents/Developer/Platforms/iPhoneOS.platform/Developer/usr/lib -F /Users/runner/Library/Developer/Xcode/DerivedData/idownloadd-buyibqeibzuaejeouuwsxitpvtst/Build/Intermediates.noindex/ArchiveIntermediates/idownloadd/BuildProductsPath/Release-iphoneos -F /Applications/Xcode_16.2.app/Contents/Developer/Platforms/iPhoneOS.platform/Developer/Library/Frameworks -F /Applications/Xcode_16.2.app/Contents/Developer/Platforms/iPhoneOS.platform/Developer/SDKs/iPhoneOS18.2.sdk/Developer/Library/Frameworks -c -num-threads 3 -Xcc -ivfsstatcache -Xcc /Users/runner/Library/Developer/Xcode/DerivedData/SDKStatCaches.noindex/iphoneos18.2-22C146-6f6929c68f51360d5ca70a73a7e0c2f9.sdkstatcache -output-file-map /Users/runner/Library/Developer/Xcode/DerivedData/idownloadd-buyibqeibzuaejeouuwsxitpvtst/Build/Intermediates.noindex/ArchiveIntermediates/idownloadd/IntermediateBuildFilesPath/SwiftUtils.build/Release-iphoneos/SwiftUtils.build/Objects-normal/arm64/SwiftUtils-OutputFileMap.json -use-frontend-parseable-output -save-temps -no-color-diagnostics -serialize-diagnostics -emit-dependencies -emit-module -emit-module-path /Users/runner/Library/Developer/Xcode/DerivedData/idownloadd-buyibqeibzuaejeouuwsxitpvtst/Build/Intermediates.noindex/ArchiveIntermediates/idownloadd/IntermediateBuildFilesPath/SwiftUtils.build/Release-iphoneos/SwiftUtils.build/Objects-normal/arm64/SwiftUtils.swiftmodule -validate-clang-modules-once -clang-build-session-file /Users/runner/Library/Developer/Xcode/DerivedData/ModuleCache.noindex/Session.modulevalidation -Xcc -I/Users/runner/Library/Developer/Xcode/DerivedData/idownloadd-buyibqeibzuaejeouuwsxitpvtst/Build/Intermediates.noindex/ArchiveIntermediates/idownloadd/IntermediateBuildFilesPath/SwiftUtils.build/Release-iphoneos/SwiftUtils.build/swift-overrides.hmap -emit-const-values -Xfrontend -const-gather-protocols-file -Xfrontend /Users/runner/Library/Developer/Xcode/DerivedData/idownloadd-buyibqeibzuaejeouuwsxitpvtst/Build/Intermediates.noindex/ArchiveIntermediates/idownloadd/IntermediateBuildFilesPath/SwiftUtils.build/Release-iphoneos/SwiftUtils.build/Objects-normal/arm64/SwiftUtils_const_extract_protocols.json -Xcc -I/Users/runner/Library/Developer/Xcode/DerivedData/idownloadd-buyibqeibzuaejeouuwsxitpvtst/Build/Intermediates.noindex/ArchiveIntermediates/idownloadd/BuildProductsPath/Release-iphoneos/include -Xcc -I/Users/runner/Library/Developer/Xcode/DerivedData/idownloadd-buyibqeibzuaejeouuwsxitpvtst/Build/Intermediates.noindex/ArchiveIntermediates/idownloadd/IntermediateBuildFilesPath/SwiftUtils.build/Release-iphoneos/SwiftUtils.build/DerivedSources-normal/arm64 -Xcc -I/Users/runner/Library/Developer/Xcode/DerivedData/idownloadd-buyibqeibzuaejeouuwsxitpvtst/Build/Intermediates.noindex/ArchiveIntermediates/idownloadd/IntermediateBuildFilesPath/SwiftUtils.build/Release-iphoneos/SwiftUtils.build/DerivedSources/arm64 -Xcc -I/Users/runner/Library/Developer/Xcode/DerivedData/idownloadd-buyibqeibzuaejeouuwsxitpvtst/Build/Intermediates.noindex/ArchiveIntermediates/idownloadd/IntermediateBuildFilesPath/SwiftUtils.build/Release-iphoneos/SwiftUtils.build/DerivedSources -Xcc -DSWIFT_PACKAGE -emit-objc-header -emit-objc-header-path /Users/runner/Library/Developer/Xcode/DerivedData/idownloadd-buyibqeibzuaejeouuwsxitpvtst/Build/Intermediates.noindex/ArchiveIntermediates/idownloadd/IntermediateBuildFilesPath/SwiftUtils.build/Release-iphoneos/SwiftUtils.build/Objects-normal/arm64/SwiftUtils-Swift.h -working-directory /Users/runner/work/dopamine-extended/dopamine-extended/Dopamine/BaseBin/idownloadd/src/idownloadd.xcodeproj -no-emit-module-separately-wmo

SwiftMergeGeneratedHeaders /Users/runner/Library/Developer/Xcode/DerivedData/idownloadd-buyibqeibzuaejeouuwsxitpvtst/Build/Intermediates.noindex/ArchiveIntermediates/idownloadd/IntermediateBuildFilesPath/GeneratedModuleMaps-iphoneos/SwiftUtils-Swift.h /Users/runner/Library/Developer/Xcode/DerivedData/idownloadd-buyibqeibzuaejeouuwsxitpvtst/Build/Intermediates.noindex/ArchiveIntermediates/idownloadd/IntermediateBuildFilesPath/SwiftUtils.build/Release-iphoneos/SwiftUtils.build/Objects-normal/arm64/SwiftUtils-Swift.h (in target 'SwiftUtils' from project 'SwiftUtils')
    cd /Users/runner/Library/Developer/Xcode/DerivedData/idownloadd-buyibqeibzuaejeouuwsxitpvtst/SourcePackages/checkouts/SwiftUtils
    builtin-swiftHeaderTool -arch arm64 /Users/runner/Library/Developer/Xcode/DerivedData/idownloadd-buyibqeibzuaejeouuwsxitpvtst/Build/Intermediates.noindex/ArchiveIntermediates/idownloadd/IntermediateBuildFilesPath/SwiftUtils.build/Release-iphoneos/SwiftUtils.build/Objects-normal/arm64/SwiftUtils-Swift.h -o /Users/runner/Library/Developer/Xcode/DerivedData/idownloadd-buyibqeibzuaejeouuwsxitpvtst/Build/Intermediates.noindex/ArchiveIntermediates/idownloadd/IntermediateBuildFilesPath/GeneratedModuleMaps-iphoneos/SwiftUtils-Swift.h

Copy /Users/runner/Library/Developer/Xcode/DerivedData/idownloadd-buyibqeibzuaejeouuwsxitpvtst/Build/Intermediates.noindex/ArchiveIntermediates/idownloadd/BuildProductsPath/Release-iphoneos/SwiftUtils.swiftmodule/arm64-apple-ios.swiftdoc /Users/runner/Library/Developer/Xcode/DerivedData/idownloadd-buyibqeibzuaejeouuwsxitpvtst/Build/Intermediates.noindex/ArchiveIntermediates/idownloadd/IntermediateBuildFilesPath/SwiftUtils.build/Release-iphoneos/SwiftUtils.build/Objects-normal/arm64/SwiftUtils.swiftdoc (in target 'SwiftUtils' from project 'SwiftUtils')
    cd /Users/runner/Library/Developer/Xcode/DerivedData/idownloadd-buyibqeibzuaejeouuwsxitpvtst/SourcePackages/checkouts/SwiftUtils
    builtin-copy -exclude .DS_Store -exclude CVS -exclude .svn -exclude .git -exclude .hg -strip-unsigned-binaries -strip-deterministic -strip-tool /Applications/Xcode_16.2.app/Contents/Developer/Toolchains/XcodeDefault.xctoolchain/usr/bin/strip -resolve-src-symlinks -rename /Users/runner/Library/Developer/Xcode/DerivedData/idownloadd-buyibqeibzuaejeouuwsxitpvtst/Build/Intermediates.noindex/ArchiveIntermediates/idownloadd/IntermediateBuildFilesPath/SwiftUtils.build/Release-iphoneos/SwiftUtils.build/Objects-normal/arm64/SwiftUtils.swiftdoc /Users/runner/Library/Developer/Xcode/DerivedData/idownloadd-buyibqeibzuaejeouuwsxitpvtst/Build/Intermediates.noindex/ArchiveIntermediates/idownloadd/BuildProductsPath/Release-iphoneos/SwiftUtils.swiftmodule/arm64-apple-ios.swiftdoc

Copy /Users/runner/Library/Developer/Xcode/DerivedData/idownloadd-buyibqeibzuaejeouuwsxitpvtst/Build/Intermediates.noindex/ArchiveIntermediates/idownloadd/BuildProductsPath/Release-iphoneos/SwiftUtils.swiftmodule/arm64-apple-ios.swiftmodule /Users/runner/Library/Developer/Xcode/DerivedData/idownloadd-buyibqeibzuaejeouuwsxitpvtst/Build/Intermediates.noindex/ArchiveIntermediates/idownloadd/IntermediateBuildFilesPath/SwiftUtils.build/Release-iphoneos/SwiftUtils.build/Objects-normal/arm64/SwiftUtils.swiftmodule (in target 'SwiftUtils' from project 'SwiftUtils')
    cd /Users/runner/Library/Developer/Xcode/DerivedData/idownloadd-buyibqeibzuaejeouuwsxitpvtst/SourcePackages/checkouts/SwiftUtils
    builtin-copy -exclude .DS_Store -exclude CVS -exclude .svn -exclude .git -exclude .hg -strip-unsigned-binaries -strip-deterministic -strip-tool /Applications/Xcode_16.2.app/Contents/Developer/Toolchains/XcodeDefault.xctoolchain/usr/bin/strip -resolve-src-symlinks -rename /Users/runner/Library/Developer/Xcode/DerivedData/idownloadd-buyibqeibzuaejeouuwsxitpvtst/Build/Intermediates.noindex/ArchiveIntermediates/idownloadd/IntermediateBuildFilesPath/SwiftUtils.build/Release-iphoneos/SwiftUtils.build/Objects-normal/arm64/SwiftUtils.swiftmodule /Users/runner/Library/Developer/Xcode/DerivedData/idownloadd-buyibqeibzuaejeouuwsxitpvtst/Build/Intermediates.noindex/ArchiveIntermediates/idownloadd/BuildProductsPath/Release-iphoneos/SwiftUtils.swiftmodule/arm64-apple-ios.swiftmodule

Copy /Users/runner/Library/Developer/Xcode/DerivedData/idownloadd-buyibqeibzuaejeouuwsxitpvtst/Build/Intermediates.noindex/ArchiveIntermediates/idownloadd/BuildProductsPath/Release-iphoneos/SwiftUtils.swiftmodule/arm64-apple-ios.abi.json /Users/runner/Library/Developer/Xcode/DerivedData/idownloadd-buyibqeibzuaejeouuwsxitpvtst/Build/Intermediates.noindex/ArchiveIntermediates/idownloadd/IntermediateBuildFilesPath/SwiftUtils.build/Release-iphoneos/SwiftUtils.build/Objects-normal/arm64/SwiftUtils.abi.json (in target 'SwiftUtils' from project 'SwiftUtils')
    cd /Users/runner/Library/Developer/Xcode/DerivedData/idownloadd-buyibqeibzuaejeouuwsxitpvtst/SourcePackages/checkouts/SwiftUtils
    builtin-copy -exclude .DS_Store -exclude CVS -exclude .svn -exclude .git -exclude .hg -strip-unsigned-binaries -strip-deterministic -strip-tool /Applications/Xcode_16.2.app/Contents/Developer/Toolchains/XcodeDefault.xctoolchain/usr/bin/strip -resolve-src-symlinks -rename /Users/runner/Library/Developer/Xcode/DerivedData/idownloadd-buyibqeibzuaejeouuwsxitpvtst/Build/Intermediates.noindex/ArchiveIntermediates/idownloadd/IntermediateBuildFilesPath/SwiftUtils.build/Release-iphoneos/SwiftUtils.build/Objects-normal/arm64/SwiftUtils.abi.json /Users/runner/Library/Developer/Xcode/DerivedData/idownloadd-buyibqeibzuaejeouuwsxitpvtst/Build/Intermediates.noindex/ArchiveIntermediates/idownloadd/BuildProductsPath/Release-iphoneos/SwiftUtils.swiftmodule/arm64-apple-ios.abi.json

Ld /Users/runner/Library/Developer/Xcode/DerivedData/idownloadd-buyibqeibzuaejeouuwsxitpvtst/Build/Intermediates.noindex/ArchiveIntermediates/idownloadd/IntermediateBuildFilesPath/UninstalledProducts/iphoneos/SwiftUtils.o normal (in target 'SwiftUtils' from project 'SwiftUtils')
    cd /Users/runner/Library/Developer/Xcode/DerivedData/idownloadd-buyibqeibzuaejeouuwsxitpvtst/SourcePackages/checkouts/SwiftUtils
    /Applications/Xcode_16.2.app/Contents/Developer/Toolchains/XcodeDefault.xctoolchain/usr/bin/clang -Xlinker -reproducible -target arm64-apple-ios12.0 -r -isysroot /Applications/Xcode_16.2.app/Contents/Developer/Platforms/iPhoneOS.platform/Developer/SDKs/iPhoneOS18.2.sdk -Os -w -L/Users/runner/Library/Developer/Xcode/DerivedData/idownloadd-buyibqeibzuaejeouuwsxitpvtst/Build/Intermediates.noindex/ArchiveIntermediates/idownloadd/IntermediateBuildFilesPath/EagerLinkingTBDs/Release-iphoneos -L/Users/runner/Library/Developer/Xcode/DerivedData/idownloadd-buyibqeibzuaejeouuwsxitpvtst/Build/Intermediates.noindex/ArchiveIntermediates/idownloadd/BuildProductsPath/Release-iphoneos -L/Applications/Xcode_16.2.app/Contents/Developer/Platforms/iPhoneOS.platform/Developer/usr/lib -F/Users/runner/Library/Developer/Xcode/DerivedData/idownloadd-buyibqeibzuaejeouuwsxitpvtst/Build/Intermediates.noindex/ArchiveIntermediates/idownloadd/IntermediateBuildFilesPath/EagerLinkingTBDs/Release-iphoneos -F/Users/runner/Library/Developer/Xcode/DerivedData/idownloadd-buyibqeibzuaejeouuwsxitpvtst/Build/Intermediates.noindex/ArchiveIntermediates/idownloadd/BuildProductsPath/Release-iphoneos -iframework /Applications/Xcode_16.2.app/Contents/Developer/Platforms/iPhoneOS.platform/Developer/Library/Frameworks -iframework /Applications/Xcode_16.2.app/Contents/Developer/Platforms/iPhoneOS.platform/Developer/SDKs/iPhoneOS18.2.sdk/Developer/Library/Frameworks -filelist /Users/runner/Library/Developer/Xcode/DerivedData/idownloadd-buyibqeibzuaejeouuwsxitpvtst/Build/Intermediates.noindex/ArchiveIntermediates/idownloadd/IntermediateBuildFilesPath/SwiftUtils.build/Release-iphoneos/SwiftUtils.build/Objects-normal/arm64/SwiftUtils.LinkFileList -nostdlib -Xlinker -object_path_lto -Xlinker /Users/runner/Library/Developer/Xcode/DerivedData/idownloadd-buyibqeibzuaejeouuwsxitpvtst/Build/Intermediates.noindex/ArchiveIntermediates/idownloadd/IntermediateBuildFilesPath/SwiftUtils.build/Release-iphoneos/SwiftUtils.build/Objects-normal/arm64/SwiftUtils_lto.o -fobjc-link-runtime -L/Applications/Xcode_16.2.app/Contents/Developer/Toolchains/XcodeDefault.xctoolchain/usr/lib/swift/iphoneos -L/usr/lib/swift -Xlinker -add_ast_path -Xlinker /Users/runner/Library/Developer/Xcode/DerivedData/idownloadd-buyibqeibzuaejeouuwsxitpvtst/Build/Intermediates.noindex/ArchiveIntermediates/idownloadd/IntermediateBuildFilesPath/SwiftUtils.build/Release-iphoneos/SwiftUtils.build/Objects-normal/arm64/SwiftUtils.swiftmodule -Xlinker -dependency_info -Xlinker /Users/runner/Library/Developer/Xcode/DerivedData/idownloadd-buyibqeibzuaejeouuwsxitpvtst/Build/Intermediates.noindex/ArchiveIntermediates/idownloadd/IntermediateBuildFilesPath/SwiftUtils.build/Release-iphoneos/SwiftUtils.build/Objects-normal/arm64/SwiftUtils_dependency_info.dat -o /Users/runner/Library/Developer/Xcode/DerivedData/idownloadd-buyibqeibzuaejeouuwsxitpvtst/Build/Intermediates.noindex/ArchiveIntermediates/idownloadd/IntermediateBuildFilesPath/UninstalledProducts/iphoneos/SwiftUtils.o

Copy /Users/runner/Library/Developer/Xcode/DerivedData/idownloadd-buyibqeibzuaejeouuwsxitpvtst/Build/Intermediates.noindex/ArchiveIntermediates/idownloadd/IntermediateBuildFilesPath/GeneratedModuleMaps-iphoneos/iDownload.modulemap /Users/runner/Library/Developer/Xcode/DerivedData/idownloadd-buyibqeibzuaejeouuwsxitpvtst/Build/Intermediates.noindex/ArchiveIntermediates/idownloadd/IntermediateBuildFilesPath/iDownload.build/Release-iphoneos/iDownload.build/iDownload.modulemap (in target 'iDownload' from project 'iDownload')
    cd /Users/runner/Library/Developer/Xcode/DerivedData/idownloadd-buyibqeibzuaejeouuwsxitpvtst/SourcePackages/checkouts/iDownload
    builtin-copy -exclude .DS_Store -exclude CVS -exclude .svn -exclude .git -exclude .hg -strip-unsigned-binaries -strip-deterministic -strip-tool /Applications/Xcode_16.2.app/Contents/Developer/Toolchains/XcodeDefault.xctoolchain/usr/bin/strip -resolve-src-symlinks /Users/runner/Library/Developer/Xcode/DerivedData/idownloadd-buyibqeibzuaejeouuwsxitpvtst/Build/Intermediates.noindex/ArchiveIntermediates/idownloadd/IntermediateBuildFilesPath/iDownload.build/Release-iphoneos/iDownload.build/iDownload.modulemap /Users/runner/Library/Developer/Xcode/DerivedData/idownloadd-buyibqeibzuaejeouuwsxitpvtst/Build/Intermediates.noindex/ArchiveIntermediates/idownloadd/IntermediateBuildFilesPath/GeneratedModuleMaps-iphoneos

SwiftDriver iDownload normal arm64 com.apple.xcode.tools.swift.compiler (in target 'iDownload' from project 'iDownload')
    cd /Users/runner/work/dopamine-extended/dopamine-extended/Dopamine/BaseBin/idownloadd/src/idownloadd.xcodeproj
    builtin-SwiftDriver -- /Applications/Xcode_16.2.app/Contents/Developer/Toolchains/XcodeDefault.xctoolchain/usr/bin/swiftc -module-name iDownload -O -whole-module-optimization -enforce-exclusivity\=checked @/Users/runner/Library/Developer/Xcode/DerivedData/idownloadd-buyibqeibzuaejeouuwsxitpvtst/Build/Intermediates.noindex/ArchiveIntermediates/idownloadd/IntermediateBuildFilesPath/iDownload.build/Release-iphoneos/iDownload.build/Objects-normal/arm64/iDownload.SwiftFileList -DSWIFT_PACKAGE -DXcode -plugin-path /Applications/Xcode_16.2.app/Contents/Developer/Toolchains/XcodeDefault.xctoolchain/usr/lib/swift/host/plugins/testing -enable-experimental-feature DebugDescriptionMacro -sdk /Applications/Xcode_16.2.app/Contents/Developer/Platforms/iPhoneOS.platform/Developer/SDKs/iPhoneOS18.2.sdk -target arm64-apple-ios14.0 -g -module-cache-path /Users/runner/Library/Developer/Xcode/DerivedData/ModuleCache.noindex -Xfrontend -serialize-debugging-options -suppress-warnings -swift-version 5 -I /Users/runner/Library/Developer/Xcode/DerivedData/idownloadd-buyibqeibzuaejeouuwsxitpvtst/Build/Intermediates.noindex/ArchiveIntermediates/idownloadd/BuildProductsPath/Release-iphoneos -I /Applications/Xcode_16.2.app/Contents/Developer/Platforms/iPhoneOS.platform/Developer/usr/lib -F /Users/runner/Library/Developer/Xcode/DerivedData/idownloadd-buyibqeibzuaejeouuwsxitpvtst/Build/Intermediates.noindex/ArchiveIntermediates/idownloadd/BuildProductsPath/Release-iphoneos/PackageFrameworks -F /Users/runner/Library/Developer/Xcode/DerivedData/idownloadd-buyibqeibzuaejeouuwsxitpvtst/Build/Intermediates.noindex/ArchiveIntermediates/idownloadd/BuildProductsPath/Release-iphoneos -F /Applications/Xcode_16.2.app/Contents/Developer/Platforms/iPhoneOS.platform/Developer/Library/Frameworks -F /Applications/Xcode_16.2.app/Contents/Developer/Platforms/iPhoneOS.platform/Developer/SDKs/iPhoneOS18.2.sdk/Developer/Library/Frameworks -c -num-threads 3 -Xcc -ivfsstatcache -Xcc /Users/runner/Library/Developer/Xcode/DerivedData/SDKStatCaches.noindex/iphoneos18.2-22C146-6f6929c68f51360d5ca70a73a7e0c2f9.sdkstatcache -output-file-map /Users/runner/Library/Developer/Xcode/DerivedData/idownloadd-buyibqeibzuaejeouuwsxitpvtst/Build/Intermediates.noindex/ArchiveIntermediates/idownloadd/IntermediateBuildFilesPath/iDownload.build/Release-iphoneos/iDownload.build/Objects-normal/arm64/iDownload-OutputFileMap.json -use-frontend-parseable-output -save-temps -no-color-diagnostics -serialize-diagnostics -emit-dependencies -emit-module -emit-module-path /Users/runner/Library/Developer/Xcode/DerivedData/idownloadd-buyibqeibzuaejeouuwsxitpvtst/Build/Intermediates.noindex/ArchiveIntermediates/idownloadd/IntermediateBuildFilesPath/iDownload.build/Release-iphoneos/iDownload.build/Objects-normal/arm64/iDownload.swiftmodule -validate-clang-modules-once -clang-build-session-file /Users/runner/Library/Developer/Xcode/DerivedData/ModuleCache.noindex/Session.modulevalidation -Xcc -I/Users/runner/Library/Developer/Xcode/DerivedData/idownloadd-buyibqeibzuaejeouuwsxitpvtst/Build/Intermediates.noindex/ArchiveIntermediates/idownloadd/IntermediateBuildFilesPath/iDownload.build/Release-iphoneos/iDownload.build/swift-overrides.hmap -emit-const-values -Xfrontend -const-gather-protocols-file -Xfrontend /Users/runner/Library/Developer/Xcode/DerivedData/idownloadd-buyibqeibzuaejeouuwsxitpvtst/Build/Intermediates.noindex/ArchiveIntermediates/idownloadd/IntermediateBuildFilesPath/iDownload.build/Release-iphoneos/iDownload.build/Objects-normal/arm64/iDownload_const_extract_protocols.json -Xcc -I/Users/runner/Library/Developer/Xcode/DerivedData/idownloadd-buyibqeibzuaejeouuwsxitpvtst/Build/Intermediates.noindex/ArchiveIntermediates/idownloadd/BuildProductsPath/Release-iphoneos/include -Xcc -I/Users/runner/Library/Developer/Xcode/DerivedData/idownloadd-buyibqeibzuaejeouuwsxitpvtst/Build/Intermediates.noindex/ArchiveIntermediates/idownloadd/IntermediateBuildFilesPath/iDownload.build/Release-iphoneos/iDownload.build/DerivedSources-normal/arm64 -Xcc -I/Users/runner/Library/Developer/Xcode/DerivedData/idownloadd-buyibqeibzuaejeouuwsxitpvtst/Build/Intermediates.noindex/ArchiveIntermediates/idownloadd/IntermediateBuildFilesPath/iDownload.build/Release-iphoneos/iDownload.build/DerivedSources/arm64 -Xcc -I/Users/runner/Library/Developer/Xcode/DerivedData/idownloadd-buyibqeibzuaejeouuwsxitpvtst/Build/Intermediates.noindex/ArchiveIntermediates/idownloadd/IntermediateBuildFilesPath/iDownload.build/Release-iphoneos/iDownload.build/DerivedSources -Xcc -DSWIFT_PACKAGE -emit-objc-header -emit-objc-header-path /Users/runner/Library/Developer/Xcode/DerivedData/idownloadd-buyibqeibzuaejeouuwsxitpvtst/Build/Intermediates.noindex/ArchiveIntermediates/idownloadd/IntermediateBuildFilesPath/iDownload.build/Release-iphoneos/iDownload.build/Objects-normal/arm64/iDownload-Swift.h -working-directory /Users/runner/work/dopamine-extended/dopamine-extended/Dopamine/BaseBin/idownloadd/src/idownloadd.xcodeproj -no-emit-module-separately-wmo

SwiftCompile normal arm64 Compiling\ KRWHandler.swift,\ iDownload.swift /Users/runner/Library/Developer/Xcode/DerivedData/idownloadd-buyibqeibzuaejeouuwsxitpvtst/SourcePackages/checkouts/iDownload/Sources/iDownload/KRWHandler.swift /Users/runner/Library/Developer/Xcode/DerivedData/idownloadd-buyibqeibzuaejeouuwsxitpvtst/SourcePackages/checkouts/iDownload/Sources/iDownload/iDownload.swift (in target 'iDownload' from project 'iDownload')
    cd /Users/runner/work/dopamine-extended/dopamine-extended/Dopamine/BaseBin/idownloadd/src/idownloadd.xcodeproj
    builtin-swiftTaskExecution -- /Applications/Xcode_16.2.app/Contents/Developer/Toolchains/XcodeDefault.xctoolchain/usr/bin/swift-frontend -frontend -c /Users/runner/Library/Developer/Xcode/DerivedData/idownloadd-buyibqeibzuaejeouuwsxitpvtst/SourcePackages/checkouts/iDownload/Sources/iDownload/KRWHandler.swift /Users/runner/Library/Developer/Xcode/DerivedData/idownloadd-buyibqeibzuaejeouuwsxitpvtst/SourcePackages/checkouts/iDownload/Sources/iDownload/iDownload.swift -emit-module-path /Users/runner/Library/Developer/Xcode/DerivedData/idownloadd-buyibqeibzuaejeouuwsxitpvtst/Build/Intermediates.noindex/ArchiveIntermediates/idownloadd/IntermediateBuildFilesPath/iDownload.build/Release-iphoneos/iDownload.build/Objects-normal/arm64/iDownload.swiftmodule -emit-module-doc-path /Users/runner/Library/Developer/Xcode/DerivedData/idownloadd-buyibqeibzuaejeouuwsxitpvtst/Build/Intermediates.noindex/ArchiveIntermediates/idownloadd/IntermediateBuildFilesPath/iDownload.build/Release-iphoneos/iDownload.build/Objects-normal/arm64/iDownload.swiftdoc -emit-module-source-info-path /Users/runner/Library/Developer/Xcode/DerivedData/idownloadd-buyibqeibzuaejeouuwsxitpvtst/Build/Intermediates.noindex/ArchiveIntermediates/idownloadd/IntermediateBuildFilesPath/iDownload.build/Release-iphoneos/iDownload.build/Objects-normal/arm64/iDownload.swiftsourceinfo -emit-dependencies-path /Users/runner/Library/Developer/Xcode/DerivedData/idownloadd-buyibqeibzuaejeouuwsxitpvtst/Build/Intermediates.noindex/ArchiveIntermediates/idownloadd/IntermediateBuildFilesPath/iDownload.build/Release-iphoneos/iDownload.build/Objects-normal/arm64/iDownload-master.d -emit-const-values-path /Users/runner/Library/Developer/Xcode/DerivedData/idownloadd-buyibqeibzuaejeouuwsxitpvtst/Build/Intermediates.noindex/ArchiveIntermediates/idownloadd/IntermediateBuildFilesPath/iDownload.build/Release-iphoneos/iDownload.build/Objects-normal/arm64/iDownload-master.swiftconstvalues -serialize-diagnostics-path /Users/runner/Library/Developer/Xcode/DerivedData/idownloadd-buyibqeibzuaejeouuwsxitpvtst/Build/Intermediates.noindex/ArchiveIntermediates/idownloadd/IntermediateBuildFilesPath/iDownload.build/Release-iphoneos/iDownload.build/Objects-normal/arm64/iDownload-master.dia -emit-objc-header-path /Users/runner/Library/Developer/Xcode/DerivedData/idownloadd-buyibqeibzuaejeouuwsxitpvtst/Build/Intermediates.noindex/ArchiveIntermediates/idownloadd/IntermediateBuildFilesPath/iDownload.build/Release-iphoneos/iDownload.build/Objects-normal/arm64/iDownload-Swift.h -emit-abi-descriptor-path /Users/runner/Library/Developer/Xcode/DerivedData/idownloadd-buyibqeibzuaejeouuwsxitpvtst/Build/Intermediates.noindex/ArchiveIntermediates/idownloadd/IntermediateBuildFilesPath/iDownload.build/Release-iphoneos/iDownload.build/Objects-normal/arm64/iDownload.abi.json -target arm64-apple-ios14.0 -Xllvm -aarch64-use-tbi -enable-objc-interop -stack-check -sdk /Applications/Xcode_16.2.app/Contents/Developer/Platforms/iPhoneOS.platform/Developer/SDKs/iPhoneOS18.2.sdk -I /Users/runner/Library/Developer/Xcode/DerivedData/idownloadd-buyibqeibzuaejeouuwsxitpvtst/Build/Intermediates.noindex/ArchiveIntermediates/idownloadd/BuildProductsPath/Release-iphoneos -I /Applications/Xcode_16.2.app/Contents/Developer/Platforms/iPhoneOS.platform/Developer/usr/lib -F /Users/runner/Library/Developer/Xcode/DerivedData/idownloadd-buyibqeibzuaejeouuwsxitpvtst/Build/Intermediates.noindex/ArchiveIntermediates/idownloadd/BuildProductsPath/Release-iphoneos/PackageFrameworks -F /Users/runner/Library/Developer/Xcode/DerivedData/idownloadd-buyibqeibzuaejeouuwsxitpvtst/Build/Intermediates.noindex/ArchiveIntermediates/idownloadd/BuildProductsPath/Release-iphoneos -F /Applications/Xcode_16.2.app/Contents/Developer/Platforms/iPhoneOS.platform/Developer/Library/Frameworks -F /Applications/Xcode_16.2.app/Contents/Developer/Platforms/iPhoneOS.platform/Developer/SDKs/iPhoneOS18.2.sdk/Developer/Library/Frameworks -no-color-diagnostics -g -debug-info-format\=dwarf -dwarf-version\=4 -module-cache-path /Users/runner/Library/Developer/Xcode/DerivedData/ModuleCache.noindex -suppress-warnings -swift-version 5 -enforce-exclusivity\=checked -O -D SWIFT_PACKAGE -D Xcode -serialize-debugging-options -const-gather-protocols-file /Users/runner/Library/Developer/Xcode/DerivedData/idownloadd-buyibqeibzuaejeouuwsxitpvtst/Build/Intermediates.noindex/ArchiveIntermediates/idownloadd/IntermediateBuildFilesPath/iDownload.build/Release-iphoneos/iDownload.build/Objects-normal/arm64/iDownload_const_extract_protocols.json -enable-experimental-feature DebugDescriptionMacro -empty-abi-descriptor -plugin-path /Applications/Xcode_16.2.app/Contents/Developer/Toolchains/XcodeDefault.xctoolchain/usr/lib/swift/host/plugins/testing -validate-clang-modules-once -clang-build-session-file /Users/runner/Library/Developer/Xcode/DerivedData/ModuleCache.noindex/Session.modulevalidation -Xcc -working-directory -Xcc /Users/runner/work/dopamine-extended/dopamine-extended/Dopamine/BaseBin/idownloadd/src/idownloadd.xcodeproj -resource-dir /Applications/Xcode_16.2.app/Contents/Developer/Toolchains/XcodeDefault.xctoolchain/usr/lib/swift -file-compilation-dir /Users/runner/work/dopamine-extended/dopamine-extended/Dopamine/BaseBin/idownloadd/src/idownloadd.xcodeproj -Xcc -ivfsstatcache -Xcc /Users/runner/Library/Developer/Xcode/DerivedData/SDKStatCaches.noindex/iphoneos18.2-22C146-6f6929c68f51360d5ca70a73a7e0c2f9.sdkstatcache -Xcc -I/Users/runner/Library/Developer/Xcode/DerivedData/idownloadd-buyibqeibzuaejeouuwsxitpvtst/Build/Intermediates.noindex/ArchiveIntermediates/idownloadd/IntermediateBuildFilesPath/iDownload.build/Release-iphoneos/iDownload.build/swift-overrides.hmap -Xcc -I/Users/runner/Library/Developer/Xcode/DerivedData/idownloadd-buyibqeibzuaejeouuwsxitpvtst/Build/Intermediates.noindex/ArchiveIntermediates/idownloadd/BuildProductsPath/Release-iphoneos/include -Xcc -I/Users/runner/Library/Developer/Xcode/DerivedData/idownloadd-buyibqeibzuaejeouuwsxitpvtst/Build/Intermediates.noindex/ArchiveIntermediates/idownloadd/IntermediateBuildFilesPath/iDownload.build/Release-iphoneos/iDownload.build/DerivedSources-normal/arm64 -Xcc -I/Users/runner/Library/Developer/Xcode/DerivedData/idownloadd-buyibqeibzuaejeouuwsxitpvtst/Build/Intermediates.noindex/ArchiveIntermediates/idownloadd/IntermediateBuildFilesPath/iDownload.build/Release-iphoneos/iDownload.build/DerivedSources/arm64 -Xcc -I/Users/runner/Library/Developer/Xcode/DerivedData/idownloadd-buyibqeibzuaejeouuwsxitpvtst/Build/Intermediates.noindex/ArchiveIntermediates/idownloadd/IntermediateBuildFilesPath/iDownload.build/Release-iphoneos/iDownload.build/DerivedSources -Xcc -DSWIFT_PACKAGE -module-name iDownload -frontend-parseable-output -disable-clang-spi -target-sdk-version 18.2 -target-sdk-name iphoneos18.2 -external-plugin-path /Applications/Xcode_16.2.app/Contents/Developer/Platforms/iPhoneOS.platform/Developer/usr/lib/swift/host/plugins\#/Applications/Xcode_16.2.app/Contents/Developer/Platforms/iPhoneOS.platform/Developer/usr/bin/swift-plugin-server -external-plugin-path /Applications/Xcode_16.2.app/Contents/Developer/Platforms/iPhoneOS.platform/Developer/usr/local/lib/swift/host/plugins\#/Applications/Xcode_16.2.app/Contents/Developer/Platforms/iPhoneOS.platform/Developer/usr/bin/swift-plugin-server -plugin-path /Applications/Xcode_16.2.app/Contents/Developer/Toolchains/XcodeDefault.xctoolchain/usr/lib/swift/host/plugins -plugin-path /Applications/Xcode_16.2.app/Contents/Developer/Toolchains/XcodeDefault.xctoolchain/usr/local/lib/swift/host/plugins -enable-default-cmo -num-threads 3 -o /Users/runner/Library/Developer/Xcode/DerivedData/idownloadd-buyibqeibzuaejeouuwsxitpvtst/Build/Intermediates.noindex/ArchiveIntermediates/idownloadd/IntermediateBuildFilesPath/iDownload.build/Release-iphoneos/iDownload.build/Objects-normal/arm64/KRWHandler.o -o /Users/runner/Library/Developer/Xcode/DerivedData/idownloadd-buyibqeibzuaejeouuwsxitpvtst/Build/Intermediates.noindex/ArchiveIntermediates/idownloadd/IntermediateBuildFilesPath/iDownload.build/Release-iphoneos/iDownload.build/Objects-normal/arm64/iDownload.o -index-unit-output-path /iDownload.build/Release-iphoneos/iDownload.build/Objects-normal/arm64/KRWHandler.o -index-unit-output-path /iDownload.build/Release-iphoneos/iDownload.build/Objects-normal/arm64/iDownload.o

CompileSwift normal arm64 (in target 'iDownload' from project 'iDownload')
    cd /Users/runner/work/dopamine-extended/dopamine-extended/Dopamine/BaseBin/idownloadd/src/idownloadd.xcodeproj
    /Applications/Xcode_16.2.app/Contents/Developer/Toolchains/XcodeDefault.xctoolchain/usr/bin/swift-frontend -c /Users/runner/Library/Developer/Xcode/DerivedData/idownloadd-buyibqeibzuaejeouuwsxitpvtst/SourcePackages/checkouts/iDownload/Sources/iDownload/KRWHandler.swift /Users/runner/Library/Developer/Xcode/DerivedData/idownloadd-buyibqeibzuaejeouuwsxitpvtst/SourcePackages/checkouts/iDownload/Sources/iDownload/iDownload.swift -emit-module-path /Users/runner/Library/Developer/Xcode/DerivedData/idownloadd-buyibqeibzuaejeouuwsxitpvtst/Build/Intermediates.noindex/ArchiveIntermediates/idownloadd/IntermediateBuildFilesPath/iDownload.build/Release-iphoneos/iDownload.build/Objects-normal/arm64/iDownload.swiftmodule -emit-module-doc-path /Users/runner/Library/Developer/Xcode/DerivedData/idownloadd-buyibqeibzuaejeouuwsxitpvtst/Build/Intermediates.noindex/ArchiveIntermediates/idownloadd/IntermediateBuildFilesPath/iDownload.build/Release-iphoneos/iDownload.build/Objects-normal/arm64/iDownload.swiftdoc -emit-module-source-info-path /Users/runner/Library/Developer/Xcode/DerivedData/idownloadd-buyibqeibzuaejeouuwsxitpvtst/Build/Intermediates.noindex/ArchiveIntermediates/idownloadd/IntermediateBuildFilesPath/iDownload.build/Release-iphoneos/iDownload.build/Objects-normal/arm64/iDownload.swiftsourceinfo -emit-dependencies-path /Users/runner/Library/Developer/Xcode/DerivedData/idownloadd-buyibqeibzuaejeouuwsxitpvtst/Build/Intermediates.noindex/ArchiveIntermediates/idownloadd/IntermediateBuildFilesPath/iDownload.build/Release-iphoneos/iDownload.build/Objects-normal/arm64/iDownload-master.d -emit-const-values-path /Users/runner/Library/Developer/Xcode/DerivedData/idownloadd-buyibqeibzuaejeouuwsxitpvtst/Build/Intermediates.noindex/ArchiveIntermediates/idownloadd/IntermediateBuildFilesPath/iDownload.build/Release-iphoneos/iDownload.build/Objects-normal/arm64/iDownload-master.swiftconstvalues -serialize-diagnostics-path /Users/runner/Library/Developer/Xcode/DerivedData/idownloadd-buyibqeibzuaejeouuwsxitpvtst/Build/Intermediates.noindex/ArchiveIntermediates/idownloadd/IntermediateBuildFilesPath/iDownload.build/Release-iphoneos/iDownload.build/Objects-normal/arm64/iDownload-master.dia -emit-objc-header-path /Users/runner/Library/Developer/Xcode/DerivedData/idownloadd-buyibqeibzuaejeouuwsxitpvtst/Build/Intermediates.noindex/ArchiveIntermediates/idownloadd/IntermediateBuildFilesPath/iDownload.build/Release-iphoneos/iDownload.build/Objects-normal/arm64/iDownload-Swift.h -emit-abi-descriptor-path /Users/runner/Library/Developer/Xcode/DerivedData/idownloadd-buyibqeibzuaejeouuwsxitpvtst/Build/Intermediates.noindex/ArchiveIntermediates/idownloadd/IntermediateBuildFilesPath/iDownload.build/Release-iphoneos/iDownload.build/Objects-normal/arm64/iDownload.abi.json -target arm64-apple-ios14.0 -Xllvm -aarch64-use-tbi -enable-objc-interop -stack-check -sdk /Applications/Xcode_16.2.app/Contents/Developer/Platforms/iPhoneOS.platform/Developer/SDKs/iPhoneOS18.2.sdk -I /Users/runner/Library/Developer/Xcode/DerivedData/idownloadd-buyibqeibzuaejeouuwsxitpvtst/Build/Intermediates.noindex/ArchiveIntermediates/idownloadd/BuildProductsPath/Release-iphoneos -I /Applications/Xcode_16.2.app/Contents/Developer/Platforms/iPhoneOS.platform/Developer/usr/lib -F /Users/runner/Library/Developer/Xcode/DerivedData/idownloadd-buyibqeibzuaejeouuwsxitpvtst/Build/Intermediates.noindex/ArchiveIntermediates/idownloadd/BuildProductsPath/Release-iphoneos/PackageFrameworks -F /Users/runner/Library/Developer/Xcode/DerivedData/idownloadd-buyibqeibzuaejeouuwsxitpvtst/Build/Intermediates.noindex/ArchiveIntermediates/idownloadd/BuildProductsPath/Release-iphoneos -F /Applications/Xcode_16.2.app/Contents/Developer/Platforms/iPhoneOS.platform/Developer/Library/Frameworks -F /Applications/Xcode_16.2.app/Contents/Developer/Platforms/iPhoneOS.platform/Developer/SDKs/iPhoneOS18.2.sdk/Developer/Library/Frameworks -no-color-diagnostics -g -debug-info-format\=dwarf -dwarf-version\=4 -module-cache-path /Users/runner/Library/Developer/Xcode/DerivedData/ModuleCache.noindex -suppress-warnings -swift-version 5 -enforce-exclusivity\=checked -O -D SWIFT_PACKAGE -D Xcode -serialize-debugging-options -const-gather-protocols-file /Users/runner/Library/Developer/Xcode/DerivedData/idownloadd-buyibqeibzuaejeouuwsxitpvtst/Build/Intermediates.noindex/ArchiveIntermediates/idownloadd/IntermediateBuildFilesPath/iDownload.build/Release-iphoneos/iDownload.build/Objects-normal/arm64/iDownload_const_extract_protocols.json -enable-experimental-feature DebugDescriptionMacro -empty-abi-descriptor -plugin-path /Applications/Xcode_16.2.app/Contents/Developer/Toolchains/XcodeDefault.xctoolchain/usr/lib/swift/host/plugins/testing -validate-clang-modules-once -clang-build-session-file /Users/runner/Library/Developer/Xcode/DerivedData/ModuleCache.noindex/Session.modulevalidation -Xcc -working-directory -Xcc /Users/runner/work/dopamine-extended/dopamine-extended/Dopamine/BaseBin/idownloadd/src/idownloadd.xcodeproj -resource-dir /Applications/Xcode_16.2.app/Contents/Developer/Toolchains/XcodeDefault.xctoolchain/usr/lib/swift -file-compilation-dir /Users/runner/work/dopamine-extended/dopamine-extended/Dopamine/BaseBin/idownloadd/src/idownloadd.xcodeproj -Xcc -ivfsstatcache -Xcc /Users/runner/Library/Developer/Xcode/DerivedData/SDKStatCaches.noindex/iphoneos18.2-22C146-6f6929c68f51360d5ca70a73a7e0c2f9.sdkstatcache -Xcc -I/Users/runner/Library/Developer/Xcode/DerivedData/idownloadd-buyibqeibzuaejeouuwsxitpvtst/Build/Intermediates.noindex/ArchiveIntermediates/idownloadd/IntermediateBuildFilesPath/iDownload.build/Release-iphoneos/iDownload.build/swift-overrides.hmap -Xcc -I/Users/runner/Library/Developer/Xcode/DerivedData/idownloadd-buyibqeibzuaejeouuwsxitpvtst/Build/Intermediates.noindex/ArchiveIntermediates/idownloadd/BuildProductsPath/Release-iphoneos/include -Xcc -I/Users/runner/Library/Developer/Xcode/DerivedData/idownloadd-buyibqeibzuaejeouuwsxitpvtst/Build/Intermediates.noindex/ArchiveIntermediates/idownloadd/IntermediateBuildFilesPath/iDownload.build/Release-iphoneos/iDownload.build/DerivedSources-normal/arm64 -Xcc -I/Users/runner/Library/Developer/Xcode/DerivedData/idownloadd-buyibqeibzuaejeouuwsxitpvtst/Build/Intermediates.noindex/ArchiveIntermediates/idownloadd/IntermediateBuildFilesPath/iDownload.build/Release-iphoneos/iDownload.build/DerivedSources/arm64 -Xcc -I/Users/runner/Library/Developer/Xcode/DerivedData/idownloadd-buyibqeibzuaejeouuwsxitpvtst/Build/Intermediates.noindex/ArchiveIntermediates/idownloadd/IntermediateBuildFilesPath/iDownload.build/Release-iphoneos/iDownload.build/DerivedSources -Xcc -DSWIFT_PACKAGE -module-name iDownload -frontend-parseable-output -disable-clang-spi -target-sdk-version 18.2 -target-sdk-name iphoneos18.2 -external-plugin-path /Applications/Xcode_16.2.app/Contents/Developer/Platforms/iPhoneOS.platform/Developer/usr/lib/swift/host/plugins\#/Applications/Xcode_16.2.app/Contents/Developer/Platforms/iPhoneOS.platform/Developer/usr/bin/swift-plugin-server -external-plugin-path /Applications/Xcode_16.2.app/Contents/Developer/Platforms/iPhoneOS.platform/Developer/usr/local/lib/swift/host/plugins\#/Applications/Xcode_16.2.app/Contents/Developer/Platforms/iPhoneOS.platform/Developer/usr/bin/swift-plugin-server -plugin-path /Applications/Xcode_16.2.app/Contents/Developer/Toolchains/XcodeDefault.xctoolchain/usr/lib/swift/host/plugins -plugin-path /Applications/Xcode_16.2.app/Contents/Developer/Toolchains/XcodeDefault.xctoolchain/usr/local/lib/swift/host/plugins -enable-default-cmo -num-threads 3 -o /Users/runner/Library/Developer/Xcode/DerivedData/idownloadd-buyibqeibzuaejeouuwsxitpvtst/Build/Intermediates.noindex/ArchiveIntermediates/idownloadd/IntermediateBuildFilesPath/iDownload.build/Release-iphoneos/iDownload.build/Objects-normal/arm64/KRWHandler.o -o /Users/runner/Library/Developer/Xcode/DerivedData/idownloadd-buyibqeibzuaejeouuwsxitpvtst/Build/Intermediates.noindex/ArchiveIntermediates/idownloadd/IntermediateBuildFilesPath/iDownload.build/Release-iphoneos/iDownload.build/Objects-normal/arm64/iDownload.o -index-unit-output-path /iDownload.build/Release-iphoneos/iDownload.build/Objects-normal/arm64/KRWHandler.o -index-unit-output-path /iDownload.build/Release-iphoneos/iDownload.build/Objects-normal/arm64/iDownload.o

SwiftDriver\ Compilation iDownload normal arm64 com.apple.xcode.tools.swift.compiler (in target 'iDownload' from project 'iDownload')
    cd /Users/runner/work/dopamine-extended/dopamine-extended/Dopamine/BaseBin/idownloadd/src/idownloadd.xcodeproj
    builtin-Swift-Compilation -- /Applications/Xcode_16.2.app/Contents/Developer/Toolchains/XcodeDefault.xctoolchain/usr/bin/swiftc -module-name iDownload -O -whole-module-optimization -enforce-exclusivity\=checked @/Users/runner/Library/Developer/Xcode/DerivedData/idownloadd-buyibqeibzuaejeouuwsxitpvtst/Build/Intermediates.noindex/ArchiveIntermediates/idownloadd/IntermediateBuildFilesPath/iDownload.build/Release-iphoneos/iDownload.build/Objects-normal/arm64/iDownload.SwiftFileList -DSWIFT_PACKAGE -DXcode -plugin-path /Applications/Xcode_16.2.app/Contents/Developer/Toolchains/XcodeDefault.xctoolchain/usr/lib/swift/host/plugins/testing -enable-experimental-feature DebugDescriptionMacro -sdk /Applications/Xcode_16.2.app/Contents/Developer/Platforms/iPhoneOS.platform/Developer/SDKs/iPhoneOS18.2.sdk -target arm64-apple-ios14.0 -g -module-cache-path /Users/runner/Library/Developer/Xcode/DerivedData/ModuleCache.noindex -Xfrontend -serialize-debugging-options -suppress-warnings -swift-version 5 -I /Users/runner/Library/Developer/Xcode/DerivedData/idownloadd-buyibqeibzuaejeouuwsxitpvtst/Build/Intermediates.noindex/ArchiveIntermediates/idownloadd/BuildProductsPath/Release-iphoneos -I /Applications/Xcode_16.2.app/Contents/Developer/Platforms/iPhoneOS.platform/Developer/usr/lib -F /Users/runner/Library/Developer/Xcode/DerivedData/idownloadd-buyibqeibzuaejeouuwsxitpvtst/Build/Intermediates.noindex/ArchiveIntermediates/idownloadd/BuildProductsPath/Release-iphoneos/PackageFrameworks -F /Users/runner/Library/Developer/Xcode/DerivedData/idownloadd-buyibqeibzuaejeouuwsxitpvtst/Build/Intermediates.noindex/ArchiveIntermediates/idownloadd/BuildProductsPath/Release-iphoneos -F /Applications/Xcode_16.2.app/Contents/Developer/Platforms/iPhoneOS.platform/Developer/Library/Frameworks -F /Applications/Xcode_16.2.app/Contents/Developer/Platforms/iPhoneOS.platform/Developer/SDKs/iPhoneOS18.2.sdk/Developer/Library/Frameworks -c -num-threads 3 -Xcc -ivfsstatcache -Xcc /Users/runner/Library/Developer/Xcode/DerivedData/SDKStatCaches.noindex/iphoneos18.2-22C146-6f6929c68f51360d5ca70a73a7e0c2f9.sdkstatcache -output-file-map /Users/runner/Library/Developer/Xcode/DerivedData/idownloadd-buyibqeibzuaejeouuwsxitpvtst/Build/Intermediates.noindex/ArchiveIntermediates/idownloadd/IntermediateBuildFilesPath/iDownload.build/Release-iphoneos/iDownload.build/Objects-normal/arm64/iDownload-OutputFileMap.json -use-frontend-parseable-output -save-temps -no-color-diagnostics -serialize-diagnostics -emit-dependencies -emit-module -emit-module-path /Users/runner/Library/Developer/Xcode/DerivedData/idownloadd-buyibqeibzuaejeouuwsxitpvtst/Build/Intermediates.noindex/ArchiveIntermediates/idownloadd/IntermediateBuildFilesPath/iDownload.build/Release-iphoneos/iDownload.build/Objects-normal/arm64/iDownload.swiftmodule -validate-clang-modules-once -clang-build-session-file /Users/runner/Library/Developer/Xcode/DerivedData/ModuleCache.noindex/Session.modulevalidation -Xcc -I/Users/runner/Library/Developer/Xcode/DerivedData/idownloadd-buyibqeibzuaejeouuwsxitpvtst/Build/Intermediates.noindex/ArchiveIntermediates/idownloadd/IntermediateBuildFilesPath/iDownload.build/Release-iphoneos/iDownload.build/swift-overrides.hmap -emit-const-values -Xfrontend -const-gather-protocols-file -Xfrontend /Users/runner/Library/Developer/Xcode/DerivedData/idownloadd-buyibqeibzuaejeouuwsxitpvtst/Build/Intermediates.noindex/ArchiveIntermediates/idownloadd/IntermediateBuildFilesPath/iDownload.build/Release-iphoneos/iDownload.build/Objects-normal/arm64/iDownload_const_extract_protocols.json -Xcc -I/Users/runner/Library/Developer/Xcode/DerivedData/idownloadd-buyibqeibzuaejeouuwsxitpvtst/Build/Intermediates.noindex/ArchiveIntermediates/idownloadd/BuildProductsPath/Release-iphoneos/include -Xcc -I/Users/runner/Library/Developer/Xcode/DerivedData/idownloadd-buyibqeibzuaejeouuwsxitpvtst/Build/Intermediates.noindex/ArchiveIntermediates/idownloadd/IntermediateBuildFilesPath/iDownload.build/Release-iphoneos/iDownload.build/DerivedSources-normal/arm64 -Xcc -I/Users/runner/Library/Developer/Xcode/DerivedData/idownloadd-buyibqeibzuaejeouuwsxitpvtst/Build/Intermediates.noindex/ArchiveIntermediates/idownloadd/IntermediateBuildFilesPath/iDownload.build/Release-iphoneos/iDownload.build/DerivedSources/arm64 -Xcc -I/Users/runner/Library/Developer/Xcode/DerivedData/idownloadd-buyibqeibzuaejeouuwsxitpvtst/Build/Intermediates.noindex/ArchiveIntermediates/idownloadd/IntermediateBuildFilesPath/iDownload.build/Release-iphoneos/iDownload.build/DerivedSources -Xcc -DSWIFT_PACKAGE -emit-objc-header -emit-objc-header-path /Users/runner/Library/Developer/Xcode/DerivedData/idownloadd-buyibqeibzuaejeouuwsxitpvtst/Build/Intermediates.noindex/ArchiveIntermediates/idownloadd/IntermediateBuildFilesPath/iDownload.build/Release-iphoneos/iDownload.build/Objects-normal/arm64/iDownload-Swift.h -working-directory /Users/runner/work/dopamine-extended/dopamine-extended/Dopamine/BaseBin/idownloadd/src/idownloadd.xcodeproj -no-emit-module-separately-wmo

SetOwnerAndGroup runner:staff /Users/runner/Library/Developer/Xcode/DerivedData/idownloadd-buyibqeibzuaejeouuwsxitpvtst/Build/Intermediates.noindex/ArchiveIntermediates/idownloadd/IntermediateBuildFilesPath/UninstalledProducts/iphoneos/SwiftUtils.o (in target 'SwiftUtils' from project 'SwiftUtils')
    cd /Users/runner/Library/Developer/Xcode/DerivedData/idownloadd-buyibqeibzuaejeouuwsxitpvtst/SourcePackages/checkouts/SwiftUtils
    /usr/sbin/chown -RH runner:staff /Users/runner/Library/Developer/Xcode/DerivedData/idownloadd-buyibqeibzuaejeouuwsxitpvtst/Build/Intermediates.noindex/ArchiveIntermediates/idownloadd/IntermediateBuildFilesPath/UninstalledProducts/iphoneos/SwiftUtils.o

SetMode u+w,go-w,a+rX /Users/runner/Library/Developer/Xcode/DerivedData/idownloadd-buyibqeibzuaejeouuwsxitpvtst/Build/Intermediates.noindex/ArchiveIntermediates/idownloadd/IntermediateBuildFilesPath/UninstalledProducts/iphoneos/SwiftUtils.o (in target 'SwiftUtils' from project 'SwiftUtils')
    cd /Users/runner/Library/Developer/Xcode/DerivedData/idownloadd-buyibqeibzuaejeouuwsxitpvtst/SourcePackages/checkouts/SwiftUtils
    /bin/chmod -RH u+w,go-w,a+rX /Users/runner/Library/Developer/Xcode/DerivedData/idownloadd-buyibqeibzuaejeouuwsxitpvtst/Build/Intermediates.noindex/ArchiveIntermediates/idownloadd/IntermediateBuildFilesPath/UninstalledProducts/iphoneos/SwiftUtils.o

RegisterExecutionPolicyException /Users/runner/Library/Developer/Xcode/DerivedData/idownloadd-buyibqeibzuaejeouuwsxitpvtst/Build/Intermediates.noindex/ArchiveIntermediates/idownloadd/IntermediateBuildFilesPath/UninstalledProducts/iphoneos/SwiftUtils.o (in target 'SwiftUtils' from project 'SwiftUtils')
    cd /Users/runner/Library/Developer/Xcode/DerivedData/idownloadd-buyibqeibzuaejeouuwsxitpvtst/SourcePackages/checkouts/SwiftUtils
    builtin-RegisterExecutionPolicyException /Users/runner/Library/Developer/Xcode/DerivedData/idownloadd-buyibqeibzuaejeouuwsxitpvtst/Build/Intermediates.noindex/ArchiveIntermediates/idownloadd/IntermediateBuildFilesPath/UninstalledProducts/iphoneos/SwiftUtils.o

SwiftDriverJobDiscovery normal arm64 Compiling KRWHandler.swift, iDownload.swift (in target 'iDownload' from project 'iDownload')

SwiftDriver\ Compilation\ Requirements iDownload normal arm64 com.apple.xcode.tools.swift.compiler (in target 'iDownload' from project 'iDownload')
    cd /Users/runner/work/dopamine-extended/dopamine-extended/Dopamine/BaseBin/idownloadd/src/idownloadd.xcodeproj
    builtin-Swift-Compilation-Requirements -- /Applications/Xcode_16.2.app/Contents/Developer/Toolchains/XcodeDefault.xctoolchain/usr/bin/swiftc -module-name iDownload -O -whole-module-optimization -enforce-exclusivity\=checked @/Users/runner/Library/Developer/Xcode/DerivedData/idownloadd-buyibqeibzuaejeouuwsxitpvtst/Build/Intermediates.noindex/ArchiveIntermediates/idownloadd/IntermediateBuildFilesPath/iDownload.build/Release-iphoneos/iDownload.build/Objects-normal/arm64/iDownload.SwiftFileList -DSWIFT_PACKAGE -DXcode -plugin-path /Applications/Xcode_16.2.app/Contents/Developer/Toolchains/XcodeDefault.xctoolchain/usr/lib/swift/host/plugins/testing -enable-experimental-feature DebugDescriptionMacro -sdk /Applications/Xcode_16.2.app/Contents/Developer/Platforms/iPhoneOS.platform/Developer/SDKs/iPhoneOS18.2.sdk -target arm64-apple-ios14.0 -g -module-cache-path /Users/runner/Library/Developer/Xcode/DerivedData/ModuleCache.noindex -Xfrontend -serialize-debugging-options -suppress-warnings -swift-version 5 -I /Users/runner/Library/Developer/Xcode/DerivedData/idownloadd-buyibqeibzuaejeouuwsxitpvtst/Build/Intermediates.noindex/ArchiveIntermediates/idownloadd/BuildProductsPath/Release-iphoneos -I /Applications/Xcode_16.2.app/Contents/Developer/Platforms/iPhoneOS.platform/Developer/usr/lib -F /Users/runner/Library/Developer/Xcode/DerivedData/idownloadd-buyibqeibzuaejeouuwsxitpvtst/Build/Intermediates.noindex/ArchiveIntermediates/idownloadd/BuildProductsPath/Release-iphoneos/PackageFrameworks -F /Users/runner/Library/Developer/Xcode/DerivedData/idownloadd-buyibqeibzuaejeouuwsxitpvtst/Build/Intermediates.noindex/ArchiveIntermediates/idownloadd/BuildProductsPath/Release-iphoneos -F /Applications/Xcode_16.2.app/Contents/Developer/Platforms/iPhoneOS.platform/Developer/Library/Frameworks -F /Applications/Xcode_16.2.app/Contents/Developer/Platforms/iPhoneOS.platform/Developer/SDKs/iPhoneOS18.2.sdk/Developer/Library/Frameworks -c -num-threads 3 -Xcc -ivfsstatcache -Xcc /Users/runner/Library/Developer/Xcode/DerivedData/SDKStatCaches.noindex/iphoneos18.2-22C146-6f6929c68f51360d5ca70a73a7e0c2f9.sdkstatcache -output-file-map /Users/runner/Library/Developer/Xcode/DerivedData/idownloadd-buyibqeibzuaejeouuwsxitpvtst/Build/Intermediates.noindex/ArchiveIntermediates/idownloadd/IntermediateBuildFilesPath/iDownload.build/Release-iphoneos/iDownload.build/Objects-normal/arm64/iDownload-OutputFileMap.json -use-frontend-parseable-output -save-temps -no-color-diagnostics -serialize-diagnostics -emit-dependencies -emit-module -emit-module-path /Users/runner/Library/Developer/Xcode/DerivedData/idownloadd-buyibqeibzuaejeouuwsxitpvtst/Build/Intermediates.noindex/ArchiveIntermediates/idownloadd/IntermediateBuildFilesPath/iDownload.build/Release-iphoneos/iDownload.build/Objects-normal/arm64/iDownload.swiftmodule -validate-clang-modules-once -clang-build-session-file /Users/runner/Library/Developer/Xcode/DerivedData/ModuleCache.noindex/Session.modulevalidation -Xcc -I/Users/runner/Library/Developer/Xcode/DerivedData/idownloadd-buyibqeibzuaejeouuwsxitpvtst/Build/Intermediates.noindex/ArchiveIntermediates/idownloadd/IntermediateBuildFilesPath/iDownload.build/Release-iphoneos/iDownload.build/swift-overrides.hmap -emit-const-values -Xfrontend -const-gather-protocols-file -Xfrontend /Users/runner/Library/Developer/Xcode/DerivedData/idownloadd-buyibqeibzuaejeouuwsxitpvtst/Build/Intermediates.noindex/ArchiveIntermediates/idownloadd/IntermediateBuildFilesPath/iDownload.build/Release-iphoneos/iDownload.build/Objects-normal/arm64/iDownload_const_extract_protocols.json -Xcc -I/Users/runner/Library/Developer/Xcode/DerivedData/idownloadd-buyibqeibzuaejeouuwsxitpvtst/Build/Intermediates.noindex/ArchiveIntermediates/idownloadd/BuildProductsPath/Release-iphoneos/include -Xcc -I/Users/runner/Library/Developer/Xcode/DerivedData/idownloadd-buyibqeibzuaejeouuwsxitpvtst/Build/Intermediates.noindex/ArchiveIntermediates/idownloadd/IntermediateBuildFilesPath/iDownload.build/Release-iphoneos/iDownload.build/DerivedSources-normal/arm64 -Xcc -I/Users/runner/Library/Developer/Xcode/DerivedData/idownloadd-buyibqeibzuaejeouuwsxitpvtst/Build/Intermediates.noindex/ArchiveIntermediates/idownloadd/IntermediateBuildFilesPath/iDownload.build/Release-iphoneos/iDownload.build/DerivedSources/arm64 -Xcc -I/Users/runner/Library/Developer/Xcode/DerivedData/idownloadd-buyibqeibzuaejeouuwsxitpvtst/Build/Intermediates.noindex/ArchiveIntermediates/idownloadd/IntermediateBuildFilesPath/iDownload.build/Release-iphoneos/iDownload.build/DerivedSources -Xcc -DSWIFT_PACKAGE -emit-objc-header -emit-objc-header-path /Users/runner/Library/Developer/Xcode/DerivedData/idownloadd-buyibqeibzuaejeouuwsxitpvtst/Build/Intermediates.noindex/ArchiveIntermediates/idownloadd/IntermediateBuildFilesPath/iDownload.build/Release-iphoneos/iDownload.build/Objects-normal/arm64/iDownload-Swift.h -working-directory /Users/runner/work/dopamine-extended/dopamine-extended/Dopamine/BaseBin/idownloadd/src/idownloadd.xcodeproj -no-emit-module-separately-wmo

SwiftMergeGeneratedHeaders /Users/runner/Library/Developer/Xcode/DerivedData/idownloadd-buyibqeibzuaejeouuwsxitpvtst/Build/Intermediates.noindex/ArchiveIntermediates/idownloadd/IntermediateBuildFilesPath/GeneratedModuleMaps-iphoneos/iDownload-Swift.h /Users/runner/Library/Developer/Xcode/DerivedData/idownloadd-buyibqeibzuaejeouuwsxitpvtst/Build/Intermediates.noindex/ArchiveIntermediates/idownloadd/IntermediateBuildFilesPath/iDownload.build/Release-iphoneos/iDownload.build/Objects-normal/arm64/iDownload-Swift.h (in target 'iDownload' from project 'iDownload')
    cd /Users/runner/Library/Developer/Xcode/DerivedData/idownloadd-buyibqeibzuaejeouuwsxitpvtst/SourcePackages/checkouts/iDownload
    builtin-swiftHeaderTool -arch arm64 /Users/runner/Library/Developer/Xcode/DerivedData/idownloadd-buyibqeibzuaejeouuwsxitpvtst/Build/Intermediates.noindex/ArchiveIntermediates/idownloadd/IntermediateBuildFilesPath/iDownload.build/Release-iphoneos/iDownload.build/Objects-normal/arm64/iDownload-Swift.h -o /Users/runner/Library/Developer/Xcode/DerivedData/idownloadd-buyibqeibzuaejeouuwsxitpvtst/Build/Intermediates.noindex/ArchiveIntermediates/idownloadd/IntermediateBuildFilesPath/GeneratedModuleMaps-iphoneos/iDownload-Swift.h

Copy /Users/runner/Library/Developer/Xcode/DerivedData/idownloadd-buyibqeibzuaejeouuwsxitpvtst/Build/Intermediates.noindex/ArchiveIntermediates/idownloadd/BuildProductsPath/Release-iphoneos/iDownload.swiftmodule/arm64-apple-ios.swiftmodule /Users/runner/Library/Developer/Xcode/DerivedData/idownloadd-buyibqeibzuaejeouuwsxitpvtst/Build/Intermediates.noindex/ArchiveIntermediates/idownloadd/IntermediateBuildFilesPath/iDownload.build/Release-iphoneos/iDownload.build/Objects-normal/arm64/iDownload.swiftmodule (in target 'iDownload' from project 'iDownload')
    cd /Users/runner/Library/Developer/Xcode/DerivedData/idownloadd-buyibqeibzuaejeouuwsxitpvtst/SourcePackages/checkouts/iDownload
    builtin-copy -exclude .DS_Store -exclude CVS -exclude .svn -exclude .git -exclude .hg -strip-unsigned-binaries -strip-deterministic -strip-tool /Applications/Xcode_16.2.app/Contents/Developer/Toolchains/XcodeDefault.xctoolchain/usr/bin/strip -resolve-src-symlinks -rename /Users/runner/Library/Developer/Xcode/DerivedData/idownloadd-buyibqeibzuaejeouuwsxitpvtst/Build/Intermediates.noindex/ArchiveIntermediates/idownloadd/IntermediateBuildFilesPath/iDownload.build/Release-iphoneos/iDownload.build/Objects-normal/arm64/iDownload.swiftmodule /Users/runner/Library/Developer/Xcode/DerivedData/idownloadd-buyibqeibzuaejeouuwsxitpvtst/Build/Intermediates.noindex/ArchiveIntermediates/idownloadd/BuildProductsPath/Release-iphoneos/iDownload.swiftmodule/arm64-apple-ios.swiftmodule

Copy /Users/runner/Library/Developer/Xcode/DerivedData/idownloadd-buyibqeibzuaejeouuwsxitpvtst/Build/Intermediates.noindex/ArchiveIntermediates/idownloadd/BuildProductsPath/Release-iphoneos/iDownload.swiftmodule/arm64-apple-ios.swiftdoc /Users/runner/Library/Developer/Xcode/DerivedData/idownloadd-buyibqeibzuaejeouuwsxitpvtst/Build/Intermediates.noindex/ArchiveIntermediates/idownloadd/IntermediateBuildFilesPath/iDownload.build/Release-iphoneos/iDownload.build/Objects-normal/arm64/iDownload.swiftdoc (in target 'iDownload' from project 'iDownload')
    cd /Users/runner/Library/Developer/Xcode/DerivedData/idownloadd-buyibqeibzuaejeouuwsxitpvtst/SourcePackages/checkouts/iDownload
    builtin-copy -exclude .DS_Store -exclude CVS -exclude .svn -exclude .git -exclude .hg -strip-unsigned-binaries -strip-deterministic -strip-tool /Applications/Xcode_16.2.app/Contents/Developer/Toolchains/XcodeDefault.xctoolchain/usr/bin/strip -resolve-src-symlinks -rename /Users/runner/Library/Developer/Xcode/DerivedData/idownloadd-buyibqeibzuaejeouuwsxitpvtst/Build/Intermediates.noindex/ArchiveIntermediates/idownloadd/IntermediateBuildFilesPath/iDownload.build/Release-iphoneos/iDownload.build/Objects-normal/arm64/iDownload.swiftdoc /Users/runner/Library/Developer/Xcode/DerivedData/idownloadd-buyibqeibzuaejeouuwsxitpvtst/Build/Intermediates.noindex/ArchiveIntermediates/idownloadd/BuildProductsPath/Release-iphoneos/iDownload.swiftmodule/arm64-apple-ios.swiftdoc

Copy /Users/runner/Library/Developer/Xcode/DerivedData/idownloadd-buyibqeibzuaejeouuwsxitpvtst/Build/Intermediates.noindex/ArchiveIntermediates/idownloadd/BuildProductsPath/Release-iphoneos/iDownload.swiftmodule/arm64-apple-ios.abi.json /Users/runner/Library/Developer/Xcode/DerivedData/idownloadd-buyibqeibzuaejeouuwsxitpvtst/Build/Intermediates.noindex/ArchiveIntermediates/idownloadd/IntermediateBuildFilesPath/iDownload.build/Release-iphoneos/iDownload.build/Objects-normal/arm64/iDownload.abi.json (in target 'iDownload' from project 'iDownload')
    cd /Users/runner/Library/Developer/Xcode/DerivedData/idownloadd-buyibqeibzuaejeouuwsxitpvtst/SourcePackages/checkouts/iDownload
    builtin-copy -exclude .DS_Store -exclude CVS -exclude .svn -exclude .git -exclude .hg -strip-unsigned-binaries -strip-deterministic -strip-tool /Applications/Xcode_16.2.app/Contents/Developer/Toolchains/XcodeDefault.xctoolchain/usr/bin/strip -resolve-src-symlinks -rename /Users/runner/Library/Developer/Xcode/DerivedData/idownloadd-buyibqeibzuaejeouuwsxitpvtst/Build/Intermediates.noindex/ArchiveIntermediates/idownloadd/IntermediateBuildFilesPath/iDownload.build/Release-iphoneos/iDownload.build/Objects-normal/arm64/iDownload.abi.json /Users/runner/Library/Developer/Xcode/DerivedData/idownloadd-buyibqeibzuaejeouuwsxitpvtst/Build/Intermediates.noindex/ArchiveIntermediates/idownloadd/BuildProductsPath/Release-iphoneos/iDownload.swiftmodule/arm64-apple-ios.abi.json

Ld /Users/runner/Library/Developer/Xcode/DerivedData/idownloadd-buyibqeibzuaejeouuwsxitpvtst/Build/Intermediates.noindex/ArchiveIntermediates/idownloadd/IntermediateBuildFilesPath/UninstalledProducts/iphoneos/iDownload.o normal (in target 'iDownload' from project 'iDownload')
    cd /Users/runner/Library/Developer/Xcode/DerivedData/idownloadd-buyibqeibzuaejeouuwsxitpvtst/SourcePackages/checkouts/iDownload
    /Applications/Xcode_16.2.app/Contents/Developer/Toolchains/XcodeDefault.xctoolchain/usr/bin/clang -Xlinker -reproducible -target arm64-apple-ios14.0 -r -isysroot /Applications/Xcode_16.2.app/Contents/Developer/Platforms/iPhoneOS.platform/Developer/SDKs/iPhoneOS18.2.sdk -Os -w -L/Users/runner/Library/Developer/Xcode/DerivedData/idownloadd-buyibqeibzuaejeouuwsxitpvtst/Build/Intermediates.noindex/ArchiveIntermediates/idownloadd/IntermediateBuildFilesPath/EagerLinkingTBDs/Release-iphoneos -L/Users/runner/Library/Developer/Xcode/DerivedData/idownloadd-buyibqeibzuaejeouuwsxitpvtst/Build/Intermediates.noindex/ArchiveIntermediates/idownloadd/BuildProductsPath/Release-iphoneos -L/Applications/Xcode_16.2.app/Contents/Developer/Platforms/iPhoneOS.platform/Developer/usr/lib -F/Users/runner/Library/Developer/Xcode/DerivedData/idownloadd-buyibqeibzuaejeouuwsxitpvtst/Build/Intermediates.noindex/ArchiveIntermediates/idownloadd/IntermediateBuildFilesPath/EagerLinkingTBDs/Release-iphoneos -F/Users/runner/Library/Developer/Xcode/DerivedData/idownloadd-buyibqeibzuaejeouuwsxitpvtst/Build/Intermediates.noindex/ArchiveIntermediates/idownloadd/BuildProductsPath/Release-iphoneos/PackageFrameworks -F/Users/runner/Library/Developer/Xcode/DerivedData/idownloadd-buyibqeibzuaejeouuwsxitpvtst/Build/Intermediates.noindex/ArchiveIntermediates/idownloadd/BuildProductsPath/Release-iphoneos -iframework /Applications/Xcode_16.2.app/Contents/Developer/Platforms/iPhoneOS.platform/Developer/Library/Frameworks -iframework /Applications/Xcode_16.2.app/Contents/Developer/Platforms/iPhoneOS.platform/Developer/SDKs/iPhoneOS18.2.sdk/Developer/Library/Frameworks -filelist /Users/runner/Library/Developer/Xcode/DerivedData/idownloadd-buyibqeibzuaejeouuwsxitpvtst/Build/Intermediates.noindex/ArchiveIntermediates/idownloadd/IntermediateBuildFilesPath/iDownload.build/Release-iphoneos/iDownload.build/Objects-normal/arm64/iDownload.LinkFileList -nostdlib -Xlinker -object_path_lto -Xlinker /Users/runner/Library/Developer/Xcode/DerivedData/idownloadd-buyibqeibzuaejeouuwsxitpvtst/Build/Intermediates.noindex/ArchiveIntermediates/idownloadd/IntermediateBuildFilesPath/iDownload.build/Release-iphoneos/iDownload.build/Objects-normal/arm64/iDownload_lto.o -fobjc-link-runtime -L/Applications/Xcode_16.2.app/Contents/Developer/Toolchains/XcodeDefault.xctoolchain/usr/lib/swift/iphoneos -L/usr/lib/swift -Xlinker -add_ast_path -Xlinker /Users/runner/Library/Developer/Xcode/DerivedData/idownloadd-buyibqeibzuaejeouuwsxitpvtst/Build/Intermediates.noindex/ArchiveIntermediates/idownloadd/IntermediateBuildFilesPath/iDownload.build/Release-iphoneos/iDownload.build/Objects-normal/arm64/iDownload.swiftmodule -Xlinker -dependency_info -Xlinker /Users/runner/Library/Developer/Xcode/DerivedData/idownloadd-buyibqeibzuaejeouuwsxitpvtst/Build/Intermediates.noindex/ArchiveIntermediates/idownloadd/IntermediateBuildFilesPath/iDownload.build/Release-iphoneos/iDownload.build/Objects-normal/arm64/iDownload_dependency_info.dat -o /Users/runner/Library/Developer/Xcode/DerivedData/idownloadd-buyibqeibzuaejeouuwsxitpvtst/Build/Intermediates.noindex/ArchiveIntermediates/idownloadd/IntermediateBuildFilesPath/UninstalledProducts/iphoneos/iDownload.o

SwiftDriver idownloadd normal arm64 com.apple.xcode.tools.swift.compiler (in target 'idownloadd' from project 'idownloadd')
    cd /Users/runner/work/dopamine-extended/dopamine-extended/Dopamine/BaseBin/idownloadd/src
    builtin-SwiftDriver -- /Applications/Xcode_16.2.app/Contents/Developer/Toolchains/XcodeDefault.xctoolchain/usr/bin/swiftc -module-name idownloadd -O -whole-module-optimization -enforce-exclusivity\=checked @/Users/runner/Library/Developer/Xcode/DerivedData/idownloadd-buyibqeibzuaejeouuwsxitpvtst/Build/Intermediates.noindex/ArchiveIntermediates/idownloadd/IntermediateBuildFilesPath/idownloadd.build/Release-iphoneos/idownloadd.build/Objects-normal/arm64/idownloadd.SwiftFileList -enable-bare-slash-regex -enable-experimental-feature DebugDescriptionMacro -sdk /Applications/Xcode_16.2.app/Contents/Developer/Platforms/iPhoneOS.platform/Developer/SDKs/iPhoneOS18.2.sdk -target arm64-apple-ios15.0 -g -module-cache-path /Users/runner/Library/Developer/Xcode/DerivedData/ModuleCache.noindex -Xfrontend -serialize-debugging-options -swift-version 5 -I /Users/runner/Library/Developer/Xcode/DerivedData/idownloadd-buyibqeibzuaejeouuwsxitpvtst/Build/Intermediates.noindex/ArchiveIntermediates/idownloadd/BuildProductsPath/Release-iphoneos -F /Users/runner/Library/Developer/Xcode/DerivedData/idownloadd-buyibqeibzuaejeouuwsxitpvtst/Build/Intermediates.noindex/ArchiveIntermediates/idownloadd/BuildProductsPath/Release-iphoneos/PackageFrameworks -F /Users/runner/Library/Developer/Xcode/DerivedData/idownloadd-buyibqeibzuaejeouuwsxitpvtst/Build/Intermediates.noindex/ArchiveIntermediates/idownloadd/BuildProductsPath/Release-iphoneos/PackageFrameworks -F /Users/runner/Library/Developer/Xcode/DerivedData/idownloadd-buyibqeibzuaejeouuwsxitpvtst/Build/Intermediates.noindex/ArchiveIntermediates/idownloadd/BuildProductsPath/Release-iphoneos -c -num-threads 3 -Xcc -ivfsstatcache -Xcc /Users/runner/Library/Developer/Xcode/DerivedData/SDKStatCaches.noindex/iphoneos18.2-22C146-6f6929c68f51360d5ca70a73a7e0c2f9.sdkstatcache -output-file-map /Users/runner/Library/Developer/Xcode/DerivedData/idownloadd-buyibqeibzuaejeouuwsxitpvtst/Build/Intermediates.noindex/ArchiveIntermediates/idownloadd/IntermediateBuildFilesPath/idownloadd.build/Release-iphoneos/idownloadd.build/Objects-normal/arm64/idownloadd-OutputFileMap.json -use-frontend-parseable-output -save-temps -no-color-diagnostics -serialize-diagnostics -emit-dependencies -emit-module -emit-module-path /Users/runner/Library/Developer/Xcode/DerivedData/idownloadd-buyibqeibzuaejeouuwsxitpvtst/Build/Intermediates.noindex/ArchiveIntermediates/idownloadd/IntermediateBuildFilesPath/idownloadd.build/Release-iphoneos/idownloadd.build/Objects-normal/arm64/idownloadd.swiftmodule -validate-clang-modules-once -clang-build-session-file /Users/runner/Library/Developer/Xcode/DerivedData/ModuleCache.noindex/Session.modulevalidation -Xcc -I/Users/runner/Library/Developer/Xcode/DerivedData/idownloadd-buyibqeibzuaejeouuwsxitpvtst/Build/Intermediates.noindex/ArchiveIntermediates/idownloadd/IntermediateBuildFilesPath/idownloadd.build/Release-iphoneos/idownloadd.build/swift-overrides.hmap -emit-const-values -Xfrontend -const-gather-protocols-file -Xfrontend /Users/runner/Library/Developer/Xcode/DerivedData/idownloadd-buyibqeibzuaejeouuwsxitpvtst/Build/Intermediates.noindex/ArchiveIntermediates/idownloadd/IntermediateBuildFilesPath/idownloadd.build/Release-iphoneos/idownloadd.build/Objects-normal/arm64/idownloadd_const_extract_protocols.json -Xcc -iquote -Xcc /Users/runner/Library/Developer/Xcode/DerivedData/idownloadd-buyibqeibzuaejeouuwsxitpvtst/Build/Intermediates.noindex/ArchiveIntermediates/idownloadd/IntermediateBuildFilesPath/idownloadd.build/Release-iphoneos/idownloadd.build/idownloadd-generated-files.hmap -Xcc -I/Users/runner/Library/Developer/Xcode/DerivedData/idownloadd-buyibqeibzuaejeouuwsxitpvtst/Build/Intermediates.noindex/ArchiveIntermediates/idownloadd/IntermediateBuildFilesPath/idownloadd.build/Release-iphoneos/idownloadd.build/idownloadd-own-target-headers.hmap -Xcc -I/Users/runner/Library/Developer/Xcode/DerivedData/idownloadd-buyibqeibzuaejeouuwsxitpvtst/Build/Intermediates.noindex/ArchiveIntermediates/idownloadd/IntermediateBuildFilesPath/idownloadd.build/Release-iphoneos/idownloadd.build/idownloadd-all-non-framework-target-headers.hmap -Xcc -ivfsoverlay -Xcc /Users/runner/Library/Developer/Xcode/DerivedData/idownloadd-buyibqeibzuaejeouuwsxitpvtst/Build/Intermediates.noindex/ArchiveIntermediates/idownloadd/IntermediateBuildFilesPath/idownloadd.build/Release-iphoneos/idownloadd-b2e5d7cb007b8a24cc3179f58e35639b-VFS-iphoneos/all-product-headers.yaml -Xcc -iquote -Xcc /Users/runner/Library/Developer/Xcode/DerivedData/idownloadd-buyibqeibzuaejeouuwsxitpvtst/Build/Intermediates.noindex/ArchiveIntermediates/idownloadd/IntermediateBuildFilesPath/idownloadd.build/Release-iphoneos/idownloadd.build/idownloadd-project-headers.hmap -Xcc -I/Users/runner/Library/Developer/Xcode/DerivedData/idownloadd-buyibqeibzuaejeouuwsxitpvtst/Build/Intermediates.noindex/ArchiveIntermediates/idownloadd/BuildProductsPath/Release-iphoneos/include -Xcc -I/Users/runner/work/dopamine-extended/dopamine-extended/Dopamine/BaseBin/.include -Xcc -I/Users/runner/Library/Developer/Xcode/DerivedData/idownloadd-buyibqeibzuaejeouuwsxitpvtst/Build/Intermediates.noindex/ArchiveIntermediates/idownloadd/IntermediateBuildFilesPath/idownloadd.build/Release-iphoneos/idownloadd.build/DerivedSources-normal/arm64 -Xcc -I/Users/runner/Library/Developer/Xcode/DerivedData/idownloadd-buyibqeibzuaejeouuwsxitpvtst/Build/Intermediates.noindex/ArchiveIntermediates/idownloadd/IntermediateBuildFilesPath/idownloadd.build/Release-iphoneos/idownloadd.build/DerivedSources/arm64 -Xcc -I/Users/runner/Library/Developer/Xcode/DerivedData/idownloadd-buyibqeibzuaejeouuwsxitpvtst/Build/Intermediates.noindex/ArchiveIntermediates/idownloadd/IntermediateBuildFilesPath/idownloadd.build/Release-iphoneos/idownloadd.build/DerivedSources -emit-objc-header -emit-objc-header-path /Users/runner/Library/Developer/Xcode/DerivedData/idownloadd-buyibqeibzuaejeouuwsxitpvtst/Build/Intermediates.noindex/ArchiveIntermediates/idownloadd/IntermediateBuildFilesPath/idownloadd.build/Release-iphoneos/idownloadd.build/Objects-normal/arm64/idownloadd-Swift.h -import-objc-header /Users/runner/work/dopamine-extended/dopamine-extended/Dopamine/BaseBin/idownloadd/src/idownloadd/idownloadd-Bridging-Header.h -pch-output-dir /Users/runner/Library/Developer/Xcode/DerivedData/idownloadd-buyibqeibzuaejeouuwsxitpvtst/Build/Intermediates.noindex/ArchiveIntermediates/idownloadd/PrecompiledHeaders -working-directory /Users/runner/work/dopamine-extended/dopamine-extended/Dopamine/BaseBin/idownloadd/src -no-emit-module-separately-wmo

SwiftDriver\ Compilation idownloadd normal arm64 com.apple.xcode.tools.swift.compiler (in target 'idownloadd' from project 'idownloadd')
    cd /Users/runner/work/dopamine-extended/dopamine-extended/Dopamine/BaseBin/idownloadd/src
    builtin-Swift-Compilation -- /Applications/Xcode_16.2.app/Contents/Developer/Toolchains/XcodeDefault.xctoolchain/usr/bin/swiftc -module-name idownloadd -O -whole-module-optimization -enforce-exclusivity\=checked @/Users/runner/Library/Developer/Xcode/DerivedData/idownloadd-buyibqeibzuaejeouuwsxitpvtst/Build/Intermediates.noindex/ArchiveIntermediates/idownloadd/IntermediateBuildFilesPath/idownloadd.build/Release-iphoneos/idownloadd.build/Objects-normal/arm64/idownloadd.SwiftFileList -enable-bare-slash-regex -enable-experimental-feature DebugDescriptionMacro -sdk /Applications/Xcode_16.2.app/Contents/Developer/Platforms/iPhoneOS.platform/Developer/SDKs/iPhoneOS18.2.sdk -target arm64-apple-ios15.0 -g -module-cache-path /Users/runner/Library/Developer/Xcode/DerivedData/ModuleCache.noindex -Xfrontend -serialize-debugging-options -swift-version 5 -I /Users/runner/Library/Developer/Xcode/DerivedData/idownloadd-buyibqeibzuaejeouuwsxitpvtst/Build/Intermediates.noindex/ArchiveIntermediates/idownloadd/BuildProductsPath/Release-iphoneos -F /Users/runner/Library/Developer/Xcode/DerivedData/idownloadd-buyibqeibzuaejeouuwsxitpvtst/Build/Intermediates.noindex/ArchiveIntermediates/idownloadd/BuildProductsPath/Release-iphoneos/PackageFrameworks -F /Users/runner/Library/Developer/Xcode/DerivedData/idownloadd-buyibqeibzuaejeouuwsxitpvtst/Build/Intermediates.noindex/ArchiveIntermediates/idownloadd/BuildProductsPath/Release-iphoneos/PackageFrameworks -F /Users/runner/Library/Developer/Xcode/DerivedData/idownloadd-buyibqeibzuaejeouuwsxitpvtst/Build/Intermediates.noindex/ArchiveIntermediates/idownloadd/BuildProductsPath/Release-iphoneos -c -num-threads 3 -Xcc -ivfsstatcache -Xcc /Users/runner/Library/Developer/Xcode/DerivedData/SDKStatCaches.noindex/iphoneos18.2-22C146-6f6929c68f51360d5ca70a73a7e0c2f9.sdkstatcache -output-file-map /Users/runner/Library/Developer/Xcode/DerivedData/idownloadd-buyibqeibzuaejeouuwsxitpvtst/Build/Intermediates.noindex/ArchiveIntermediates/idownloadd/IntermediateBuildFilesPath/idownloadd.build/Release-iphoneos/idownloadd.build/Objects-normal/arm64/idownloadd-OutputFileMap.json -use-frontend-parseable-output -save-temps -no-color-diagnostics -serialize-diagnostics -emit-dependencies -emit-module -emit-module-path /Users/runner/Library/Developer/Xcode/DerivedData/idownloadd-buyibqeibzuaejeouuwsxitpvtst/Build/Intermediates.noindex/ArchiveIntermediates/idownloadd/IntermediateBuildFilesPath/idownloadd.build/Release-iphoneos/idownloadd.build/Objects-normal/arm64/idownloadd.swiftmodule -validate-clang-modules-once -clang-build-session-file /Users/runner/Library/Developer/Xcode/DerivedData/ModuleCache.noindex/Session.modulevalidation -Xcc -I/Users/runner/Library/Developer/Xcode/DerivedData/idownloadd-buyibqeibzuaejeouuwsxitpvtst/Build/Intermediates.noindex/ArchiveIntermediates/idownloadd/IntermediateBuildFilesPath/idownloadd.build/Release-iphoneos/idownloadd.build/swift-overrides.hmap -emit-const-values -Xfrontend -const-gather-protocols-file -Xfrontend /Users/runner/Library/Developer/Xcode/DerivedData/idownloadd-buyibqeibzuaejeouuwsxitpvtst/Build/Intermediates.noindex/ArchiveIntermediates/idownloadd/IntermediateBuildFilesPath/idownloadd.build/Release-iphoneos/idownloadd.build/Objects-normal/arm64/idownloadd_const_extract_protocols.json -Xcc -iquote -Xcc /Users/runner/Library/Developer/Xcode/DerivedData/idownloadd-buyibqeibzuaejeouuwsxitpvtst/Build/Intermediates.noindex/ArchiveIntermediates/idownloadd/IntermediateBuildFilesPath/idownloadd.build/Release-iphoneos/idownloadd.build/idownloadd-generated-files.hmap -Xcc -I/Users/runner/Library/Developer/Xcode/DerivedData/idownloadd-buyibqeibzuaejeouuwsxitpvtst/Build/Intermediates.noindex/ArchiveIntermediates/idownloadd/IntermediateBuildFilesPath/idownloadd.build/Release-iphoneos/idownloadd.build/idownloadd-own-target-headers.hmap -Xcc -I/Users/runner/Library/Developer/Xcode/DerivedData/idownloadd-buyibqeibzuaejeouuwsxitpvtst/Build/Intermediates.noindex/ArchiveIntermediates/idownloadd/IntermediateBuildFilesPath/idownloadd.build/Release-iphoneos/idownloadd.build/idownloadd-all-non-framework-target-headers.hmap -Xcc -ivfsoverlay -Xcc /Users/runner/Library/Developer/Xcode/DerivedData/idownloadd-buyibqeibzuaejeouuwsxitpvtst/Build/Intermediates.noindex/ArchiveIntermediates/idownloadd/IntermediateBuildFilesPath/idownloadd.build/Release-iphoneos/idownloadd-b2e5d7cb007b8a24cc3179f58e35639b-VFS-iphoneos/all-product-headers.yaml -Xcc -iquote -Xcc /Users/runner/Library/Developer/Xcode/DerivedData/idownloadd-buyibqeibzuaejeouuwsxitpvtst/Build/Intermediates.noindex/ArchiveIntermediates/idownloadd/IntermediateBuildFilesPath/idownloadd.build/Release-iphoneos/idownloadd.build/idownloadd-project-headers.hmap -Xcc -I/Users/runner/Library/Developer/Xcode/DerivedData/idownloadd-buyibqeibzuaejeouuwsxitpvtst/Build/Intermediates.noindex/ArchiveIntermediates/idownloadd/BuildProductsPath/Release-iphoneos/include -Xcc -I/Users/runner/work/dopamine-extended/dopamine-extended/Dopamine/BaseBin/.include -Xcc -I/Users/runner/Library/Developer/Xcode/DerivedData/idownloadd-buyibqeibzuaejeouuwsxitpvtst/Build/Intermediates.noindex/ArchiveIntermediates/idownloadd/IntermediateBuildFilesPath/idownloadd.build/Release-iphoneos/idownloadd.build/DerivedSources-normal/arm64 -Xcc -I/Users/runner/Library/Developer/Xcode/DerivedData/idownloadd-buyibqeibzuaejeouuwsxitpvtst/Build/Intermediates.noindex/ArchiveIntermediates/idownloadd/IntermediateBuildFilesPath/idownloadd.build/Release-iphoneos/idownloadd.build/DerivedSources/arm64 -Xcc -I/Users/runner/Library/Developer/Xcode/DerivedData/idownloadd-buyibqeibzuaejeouuwsxitpvtst/Build/Intermediates.noindex/ArchiveIntermediates/idownloadd/IntermediateBuildFilesPath/idownloadd.build/Release-iphoneos/idownloadd.build/DerivedSources -emit-objc-header -emit-objc-header-path /Users/runner/Library/Developer/Xcode/DerivedData/idownloadd-buyibqeibzuaejeouuwsxitpvtst/Build/Intermediates.noindex/ArchiveIntermediates/idownloadd/IntermediateBuildFilesPath/idownloadd.build/Release-iphoneos/idownloadd.build/Objects-normal/arm64/idownloadd-Swift.h -import-objc-header /Users/runner/work/dopamine-extended/dopamine-extended/Dopamine/BaseBin/idownloadd/src/idownloadd/idownloadd-Bridging-Header.h -pch-output-dir /Users/runner/Library/Developer/Xcode/DerivedData/idownloadd-buyibqeibzuaejeouuwsxitpvtst/Build/Intermediates.noindex/ArchiveIntermediates/idownloadd/PrecompiledHeaders -working-directory /Users/runner/work/dopamine-extended/dopamine-extended/Dopamine/BaseBin/idownloadd/src -no-emit-module-separately-wmo

SwiftGeneratePch normal arm64 Compiling\ bridging\ header (in target 'idownloadd' from project 'idownloadd')
    cd /Users/runner/work/dopamine-extended/dopamine-extended/Dopamine/BaseBin/idownloadd/src
    builtin-swiftTaskExecution -- /Applications/Xcode_16.2.app/Contents/Developer/Toolchains/XcodeDefault.xctoolchain/usr/bin/swift-frontend -frontend -target arm64-apple-ios15.0 -Xllvm -aarch64-use-tbi -enable-objc-interop -stack-check -sdk /Applications/Xcode_16.2.app/Contents/Developer/Platforms/iPhoneOS.platform/Developer/SDKs/iPhoneOS18.2.sdk -I /Users/runner/Library/Developer/Xcode/DerivedData/idownloadd-buyibqeibzuaejeouuwsxitpvtst/Build/Intermediates.noindex/ArchiveIntermediates/idownloadd/BuildProductsPath/Release-iphoneos -F /Users/runner/Library/Developer/Xcode/DerivedData/idownloadd-buyibqeibzuaejeouuwsxitpvtst/Build/Intermediates.noindex/ArchiveIntermediates/idownloadd/BuildProductsPath/Release-iphoneos/PackageFrameworks -F /Users/runner/Library/Developer/Xcode/DerivedData/idownloadd-buyibqeibzuaejeouuwsxitpvtst/Build/Intermediates.noindex/ArchiveIntermediates/idownloadd/BuildProductsPath/Release-iphoneos/PackageFrameworks -F /Users/runner/Library/Developer/Xcode/DerivedData/idownloadd-buyibqeibzuaejeouuwsxitpvtst/Build/Intermediates.noindex/ArchiveIntermediates/idownloadd/BuildProductsPath/Release-iphoneos -no-color-diagnostics -g -debug-info-format\=dwarf -dwarf-version\=4 -module-cache-path /Users/runner/Library/Developer/Xcode/DerivedData/ModuleCache.noindex -swift-version 5 -enforce-exclusivity\=checked -O -serialize-debugging-options -const-gather-protocols-file /Users/runner/Library/Developer/Xcode/DerivedData/idownloadd-buyibqeibzuaejeouuwsxitpvtst/Build/Intermediates.noindex/ArchiveIntermediates/idownloadd/IntermediateBuildFilesPath/idownloadd.build/Release-iphoneos/idownloadd.build/Objects-normal/arm64/idownloadd_const_extract_protocols.json -enable-experimental-feature DebugDescriptionMacro -enable-bare-slash-regex -empty-abi-descriptor -validate-clang-modules-once -clang-build-session-file /Users/runner/Library/Developer/Xcode/DerivedData/ModuleCache.noindex/Session.modulevalidation -Xcc -working-directory -Xcc /Users/runner/work/dopamine-extended/dopamine-extended/Dopamine/BaseBin/idownloadd/src -resource-dir /Applications/Xcode_16.2.app/Contents/Developer/Toolchains/XcodeDefault.xctoolchain/usr/lib/swift -file-compilation-dir /Users/runner/work/dopamine-extended/dopamine-extended/Dopamine/BaseBin/idownloadd/src -Xcc -ivfsstatcache -Xcc /Users/runner/Library/Developer/Xcode/DerivedData/SDKStatCaches.noindex/iphoneos18.2-22C146-6f6929c68f51360d5ca70a73a7e0c2f9.sdkstatcache -Xcc -I/Users/runner/Library/Developer/Xcode/DerivedData/idownloadd-buyibqeibzuaejeouuwsxitpvtst/Build/Intermediates.noindex/ArchiveIntermediates/idownloadd/IntermediateBuildFilesPath/idownloadd.build/Release-iphoneos/idownloadd.build/swift-overrides.hmap -Xcc -iquote -Xcc /Users/runner/Library/Developer/Xcode/DerivedData/idownloadd-buyibqeibzuaejeouuwsxitpvtst/Build/Intermediates.noindex/ArchiveIntermediates/idownloadd/IntermediateBuildFilesPath/idownloadd.build/Release-iphoneos/idownloadd.build/idownloadd-generated-files.hmap -Xcc -I/Users/runner/Library/Developer/Xcode/DerivedData/idownloadd-buyibqeibzuaejeouuwsxitpvtst/Build/Intermediates.noindex/ArchiveIntermediates/idownloadd/IntermediateBuildFilesPath/idownloadd.build/Release-iphoneos/idownloadd.build/idownloadd-own-target-headers.hmap -Xcc -I/Users/runner/Library/Developer/Xcode/DerivedData/idownloadd-buyibqeibzuaejeouuwsxitpvtst/Build/Intermediates.noindex/ArchiveIntermediates/idownloadd/IntermediateBuildFilesPath/idownloadd.build/Release-iphoneos/idownloadd.build/idownloadd-all-non-framework-target-headers.hmap -Xcc -ivfsoverlay -Xcc /Users/runner/Library/Developer/Xcode/DerivedData/idownloadd-buyibqeibzuaejeouuwsxitpvtst/Build/Intermediates.noindex/ArchiveIntermediates/idownloadd/IntermediateBuildFilesPath/idownloadd.build/Release-iphoneos/idownloadd-b2e5d7cb007b8a24cc3179f58e35639b-VFS-iphoneos/all-product-headers.yaml -Xcc -iquote -Xcc /Users/runner/Library/Developer/Xcode/DerivedData/idownloadd-buyibqeibzuaejeouuwsxitpvtst/Build/Intermediates.noindex/ArchiveIntermediates/idownloadd/IntermediateBuildFilesPath/idownloadd.build/Release-iphoneos/idownloadd.build/idownloadd-project-headers.hmap -Xcc -I/Users/runner/Library/Developer/Xcode/DerivedData/idownloadd-buyibqeibzuaejeouuwsxitpvtst/Build/Intermediates.noindex/ArchiveIntermediates/idownloadd/BuildProductsPath/Release-iphoneos/include -Xcc -I/Users/runner/work/dopamine-extended/dopamine-extended/Dopamine/BaseBin/.include -Xcc -I/Users/runner/Library/Developer/Xcode/DerivedData/idownloadd-buyibqeibzuaejeouuwsxitpvtst/Build/Intermediates.noindex/ArchiveIntermediates/idownloadd/IntermediateBuildFilesPath/idownloadd.build/Release-iphoneos/idownloadd.build/DerivedSources-normal/arm64 -Xcc -I/Users/runner/Library/Developer/Xcode/DerivedData/idownloadd-buyibqeibzuaejeouuwsxitpvtst/Build/Intermediates.noindex/ArchiveIntermediates/idownloadd/IntermediateBuildFilesPath/idownloadd.build/Release-iphoneos/idownloadd.build/DerivedSources/arm64 -Xcc -I/Users/runner/Library/Developer/Xcode/DerivedData/idownloadd-buyibqeibzuaejeouuwsxitpvtst/Build/Intermediates.noindex/ArchiveIntermediates/idownloadd/IntermediateBuildFilesPath/idownloadd.build/Release-iphoneos/idownloadd.build/DerivedSources -import-objc-header /Users/runner/work/dopamine-extended/dopamine-extended/Dopamine/BaseBin/idownloadd/src/idownloadd/idownloadd-Bridging-Header.h -module-name idownloadd -frontend-parseable-output -disable-clang-spi -target-sdk-version 18.2 -target-sdk-name iphoneos18.2 -external-plugin-path /Applications/Xcode_16.2.app/Contents/Developer/Platforms/iPhoneOS.platform/Developer/usr/lib/swift/host/plugins\#/Applications/Xcode_16.2.app/Contents/Developer/Platforms/iPhoneOS.platform/Developer/usr/bin/swift-plugin-server -external-plugin-path /Applications/Xcode_16.2.app/Contents/Developer/Platforms/iPhoneOS.platform/Developer/usr/local/lib/swift/host/plugins\#/Applications/Xcode_16.2.app/Contents/Developer/Platforms/iPhoneOS.platform/Developer/usr/bin/swift-plugin-server -plugin-path /Applications/Xcode_16.2.app/Contents/Developer/Toolchains/XcodeDefault.xctoolchain/usr/lib/swift/host/plugins -plugin-path /Applications/Xcode_16.2.app/Contents/Developer/Toolchains/XcodeDefault.xctoolchain/usr/local/lib/swift/host/plugins -emit-pch -serialize-diagnostics-path /Users/runner/Library/Developer/Xcode/DerivedData/idownloadd-buyibqeibzuaejeouuwsxitpvtst/Build/Intermediates.noindex/ArchiveIntermediates/idownloadd/PrecompiledHeaders/idownloadd-Bridging-Header-3lrjitbgsctbs.dia -pch-output-dir /Users/runner/Library/Developer/Xcode/DerivedData/idownloadd-buyibqeibzuaejeouuwsxitpvtst/Build/Intermediates.noindex/ArchiveIntermediates/idownloadd/PrecompiledHeaders /Users/runner/work/dopamine-extended/dopamine-extended/Dopamine/BaseBin/idownloadd/src/idownloadd/idownloadd-Bridging-Header.h

PrecompileSwiftBridgingHeader normal arm64 (in target 'idownloadd' from project 'idownloadd')
    cd /Users/runner/work/dopamine-extended/dopamine-extended/Dopamine/BaseBin/idownloadd/src
    /Applications/Xcode_16.2.app/Contents/Developer/Toolchains/XcodeDefault.xctoolchain/usr/bin/swift-frontend -target arm64-apple-ios15.0 -Xllvm -aarch64-use-tbi -enable-objc-interop -stack-check -sdk /Applications/Xcode_16.2.app/Contents/Developer/Platforms/iPhoneOS.platform/Developer/SDKs/iPhoneOS18.2.sdk -I /Users/runner/Library/Developer/Xcode/DerivedData/idownloadd-buyibqeibzuaejeouuwsxitpvtst/Build/Intermediates.noindex/ArchiveIntermediates/idownloadd/BuildProductsPath/Release-iphoneos -F /Users/runner/Library/Developer/Xcode/DerivedData/idownloadd-buyibqeibzuaejeouuwsxitpvtst/Build/Intermediates.noindex/ArchiveIntermediates/idownloadd/BuildProductsPath/Release-iphoneos/PackageFrameworks -F /Users/runner/Library/Developer/Xcode/DerivedData/idownloadd-buyibqeibzuaejeouuwsxitpvtst/Build/Intermediates.noindex/ArchiveIntermediates/idownloadd/BuildProductsPath/Release-iphoneos/PackageFrameworks -F /Users/runner/Library/Developer/Xcode/DerivedData/idownloadd-buyibqeibzuaejeouuwsxitpvtst/Build/Intermediates.noindex/ArchiveIntermediates/idownloadd/BuildProductsPath/Release-iphoneos -no-color-diagnostics -g -debug-info-format\=dwarf -dwarf-version\=4 -module-cache-path /Users/runner/Library/Developer/Xcode/DerivedData/ModuleCache.noindex -swift-version 5 -enforce-exclusivity\=checked -O -serialize-debugging-options -const-gather-protocols-file /Users/runner/Library/Developer/Xcode/DerivedData/idownloadd-buyibqeibzuaejeouuwsxitpvtst/Build/Intermediates.noindex/ArchiveIntermediates/idownloadd/IntermediateBuildFilesPath/idownloadd.build/Release-iphoneos/idownloadd.build/Objects-normal/arm64/idownloadd_const_extract_protocols.json -enable-experimental-feature DebugDescriptionMacro -enable-bare-slash-regex -empty-abi-descriptor -validate-clang-modules-once -clang-build-session-file /Users/runner/Library/Developer/Xcode/DerivedData/ModuleCache.noindex/Session.modulevalidation -Xcc -working-directory -Xcc /Users/runner/work/dopamine-extended/dopamine-extended/Dopamine/BaseBin/idownloadd/src -resource-dir /Applications/Xcode_16.2.app/Contents/Developer/Toolchains/XcodeDefault.xctoolchain/usr/lib/swift -file-compilation-dir /Users/runner/work/dopamine-extended/dopamine-extended/Dopamine/BaseBin/idownloadd/src -Xcc -ivfsstatcache -Xcc /Users/runner/Library/Developer/Xcode/DerivedData/SDKStatCaches.noindex/iphoneos18.2-22C146-6f6929c68f51360d5ca70a73a7e0c2f9.sdkstatcache -Xcc -I/Users/runner/Library/Developer/Xcode/DerivedData/idownloadd-buyibqeibzuaejeouuwsxitpvtst/Build/Intermediates.noindex/ArchiveIntermediates/idownloadd/IntermediateBuildFilesPath/idownloadd.build/Release-iphoneos/idownloadd.build/swift-overrides.hmap -Xcc -iquote -Xcc /Users/runner/Library/Developer/Xcode/DerivedData/idownloadd-buyibqeibzuaejeouuwsxitpvtst/Build/Intermediates.noindex/ArchiveIntermediates/idownloadd/IntermediateBuildFilesPath/idownloadd.build/Release-iphoneos/idownloadd.build/idownloadd-generated-files.hmap -Xcc -I/Users/runner/Library/Developer/Xcode/DerivedData/idownloadd-buyibqeibzuaejeouuwsxitpvtst/Build/Intermediates.noindex/ArchiveIntermediates/idownloadd/IntermediateBuildFilesPath/idownloadd.build/Release-iphoneos/idownloadd.build/idownloadd-own-target-headers.hmap -Xcc -I/Users/runner/Library/Developer/Xcode/DerivedData/idownloadd-buyibqeibzuaejeouuwsxitpvtst/Build/Intermediates.noindex/ArchiveIntermediates/idownloadd/IntermediateBuildFilesPath/idownloadd.build/Release-iphoneos/idownloadd.build/idownloadd-all-non-framework-target-headers.hmap -Xcc -ivfsoverlay -Xcc /Users/runner/Library/Developer/Xcode/DerivedData/idownloadd-buyibqeibzuaejeouuwsxitpvtst/Build/Intermediates.noindex/ArchiveIntermediates/idownloadd/IntermediateBuildFilesPath/idownloadd.build/Release-iphoneos/idownloadd-b2e5d7cb007b8a24cc3179f58e35639b-VFS-iphoneos/all-product-headers.yaml -Xcc -iquote -Xcc /Users/runner/Library/Developer/Xcode/DerivedData/idownloadd-buyibqeibzuaejeouuwsxitpvtst/Build/Intermediates.noindex/ArchiveIntermediates/idownloadd/IntermediateBuildFilesPath/idownloadd.build/Release-iphoneos/idownloadd.build/idownloadd-project-headers.hmap -Xcc -I/Users/runner/Library/Developer/Xcode/DerivedData/idownloadd-buyibqeibzuaejeouuwsxitpvtst/Build/Intermediates.noindex/ArchiveIntermediates/idownloadd/BuildProductsPath/Release-iphoneos/include -Xcc -I/Users/runner/work/dopamine-extended/dopamine-extended/Dopamine/BaseBin/.include -Xcc -I/Users/runner/Library/Developer/Xcode/DerivedData/idownloadd-buyibqeibzuaejeouuwsxitpvtst/Build/Intermediates.noindex/ArchiveIntermediates/idownloadd/IntermediateBuildFilesPath/idownloadd.build/Release-iphoneos/idownloadd.build/DerivedSources-normal/arm64 -Xcc -I/Users/runner/Library/Developer/Xcode/DerivedData/idownloadd-buyibqeibzuaejeouuwsxitpvtst/Build/Intermediates.noindex/ArchiveIntermediates/idownloadd/IntermediateBuildFilesPath/idownloadd.build/Release-iphoneos/idownloadd.build/DerivedSources/arm64 -Xcc -I/Users/runner/Library/Developer/Xcode/DerivedData/idownloadd-buyibqeibzuaejeouuwsxitpvtst/Build/Intermediates.noindex/ArchiveIntermediates/idownloadd/IntermediateBuildFilesPath/idownloadd.build/Release-iphoneos/idownloadd.build/DerivedSources -import-objc-header /Users/runner/work/dopamine-extended/dopamine-extended/Dopamine/BaseBin/idownloadd/src/idownloadd/idownloadd-Bridging-Header.h -module-name idownloadd -frontend-parseable-output -disable-clang-spi -target-sdk-version 18.2 -target-sdk-name iphoneos18.2 -external-plugin-path /Applications/Xcode_16.2.app/Contents/Developer/Platforms/iPhoneOS.platform/Developer/usr/lib/swift/host/plugins\#/Applications/Xcode_16.2.app/Contents/Developer/Platforms/iPhoneOS.platform/Developer/usr/bin/swift-plugin-server -external-plugin-path /Applications/Xcode_16.2.app/Contents/Developer/Platforms/iPhoneOS.platform/Developer/usr/local/lib/swift/host/plugins\#/Applications/Xcode_16.2.app/Contents/Developer/Platforms/iPhoneOS.platform/Developer/usr/bin/swift-plugin-server -plugin-path /Applications/Xcode_16.2.app/Contents/Developer/Toolchains/XcodeDefault.xctoolchain/usr/lib/swift/host/plugins -plugin-path /Applications/Xcode_16.2.app/Contents/Developer/Toolchains/XcodeDefault.xctoolchain/usr/local/lib/swift/host/plugins -emit-pch -serialize-diagnostics-path /Users/runner/Library/Developer/Xcode/DerivedData/idownloadd-buyibqeibzuaejeouuwsxitpvtst/Build/Intermediates.noindex/ArchiveIntermediates/idownloadd/PrecompiledHeaders/idownloadd-Bridging-Header-3lrjitbgsctbs.dia -pch-output-dir /Users/runner/Library/Developer/Xcode/DerivedData/idownloadd-buyibqeibzuaejeouuwsxitpvtst/Build/Intermediates.noindex/ArchiveIntermediates/idownloadd/PrecompiledHeaders /Users/runner/work/dopamine-extended/dopamine-extended/Dopamine/BaseBin/idownloadd/src/idownloadd/idownloadd-Bridging-Header.h

SetOwnerAndGroup runner:staff /Users/runner/Library/Developer/Xcode/DerivedData/idownloadd-buyibqeibzuaejeouuwsxitpvtst/Build/Intermediates.noindex/ArchiveIntermediates/idownloadd/IntermediateBuildFilesPath/UninstalledProducts/iphoneos/iDownload.o (in target 'iDownload' from project 'iDownload')
    cd /Users/runner/Library/Developer/Xcode/DerivedData/idownloadd-buyibqeibzuaejeouuwsxitpvtst/SourcePackages/checkouts/iDownload
    /usr/sbin/chown -RH runner:staff /Users/runner/Library/Developer/Xcode/DerivedData/idownloadd-buyibqeibzuaejeouuwsxitpvtst/Build/Intermediates.noindex/ArchiveIntermediates/idownloadd/IntermediateBuildFilesPath/UninstalledProducts/iphoneos/iDownload.o

SetMode u+w,go-w,a+rX /Users/runner/Library/Developer/Xcode/DerivedData/idownloadd-buyibqeibzuaejeouuwsxitpvtst/Build/Intermediates.noindex/ArchiveIntermediates/idownloadd/IntermediateBuildFilesPath/UninstalledProducts/iphoneos/iDownload.o (in target 'iDownload' from project 'iDownload')
    cd /Users/runner/Library/Developer/Xcode/DerivedData/idownloadd-buyibqeibzuaejeouuwsxitpvtst/SourcePackages/checkouts/iDownload
    /bin/chmod -RH u+w,go-w,a+rX /Users/runner/Library/Developer/Xcode/DerivedData/idownloadd-buyibqeibzuaejeouuwsxitpvtst/Build/Intermediates.noindex/ArchiveIntermediates/idownloadd/IntermediateBuildFilesPath/UninstalledProducts/iphoneos/iDownload.o

RegisterExecutionPolicyException /Users/runner/Library/Developer/Xcode/DerivedData/idownloadd-buyibqeibzuaejeouuwsxitpvtst/Build/Intermediates.noindex/ArchiveIntermediates/idownloadd/IntermediateBuildFilesPath/UninstalledProducts/iphoneos/iDownload.o (in target 'iDownload' from project 'iDownload')
    cd /Users/runner/Library/Developer/Xcode/DerivedData/idownloadd-buyibqeibzuaejeouuwsxitpvtst/SourcePackages/checkouts/iDownload
    builtin-RegisterExecutionPolicyException /Users/runner/Library/Developer/Xcode/DerivedData/idownloadd-buyibqeibzuaejeouuwsxitpvtst/Build/Intermediates.noindex/ArchiveIntermediates/idownloadd/IntermediateBuildFilesPath/UninstalledProducts/iphoneos/iDownload.o

SwiftDriverJobDiscovery normal arm64 Compiling bridging header (in target 'idownloadd' from project 'idownloadd')

SwiftCompile normal arm64 Compiling\ iDownloadKRW.swift,\ main.swift,\ iDownloadCmds.swift /Users/runner/work/dopamine-extended/dopamine-extended/Dopamine/BaseBin/idownloadd/src/idownloadd/iDownloadKRW.swift /Users/runner/work/dopamine-extended/dopamine-extended/Dopamine/BaseBin/idownloadd/src/idownloadd/main.swift /Users/runner/work/dopamine-extended/dopamine-extended/Dopamine/BaseBin/idownloadd/src/idownloadd/iDownloadCmds.swift /Users/runner/Library/Developer/Xcode/DerivedData/idownloadd-buyibqeibzuaejeouuwsxitpvtst/Build/Intermediates.noindex/ArchiveIntermediates/idownloadd/PrecompiledHeaders/idownloadd-Bridging-Header.pch (in target 'idownloadd' from project 'idownloadd')
    cd /Users/runner/work/dopamine-extended/dopamine-extended/Dopamine/BaseBin/idownloadd/src
    builtin-swiftTaskExecution -- /Applications/Xcode_16.2.app/Contents/Developer/Toolchains/XcodeDefault.xctoolchain/usr/bin/swift-frontend -frontend -c /Users/runner/work/dopamine-extended/dopamine-extended/Dopamine/BaseBin/idownloadd/src/idownloadd/iDownloadKRW.swift /Users/runner/work/dopamine-extended/dopamine-extended/Dopamine/BaseBin/idownloadd/src/idownloadd/main.swift /Users/runner/work/dopamine-extended/dopamine-extended/Dopamine/BaseBin/idownloadd/src/idownloadd/iDownloadCmds.swift -supplementary-output-file-map /Users/runner/Library/Developer/Xcode/DerivedData/idownloadd-buyibqeibzuaejeouuwsxitpvtst/Build/Intermediates.noindex/ArchiveIntermediates/idownloadd/IntermediateBuildFilesPath/idownloadd.build/Release-iphoneos/idownloadd.build/Objects-normal/arm64/supplementaryOutputs-2 -target arm64-apple-ios15.0 -Xllvm -aarch64-use-tbi -enable-objc-interop -stack-check -sdk /Applications/Xcode_16.2.app/Contents/Developer/Platforms/iPhoneOS.platform/Developer/SDKs/iPhoneOS18.2.sdk -I /Users/runner/Library/Developer/Xcode/DerivedData/idownloadd-buyibqeibzuaejeouuwsxitpvtst/Build/Intermediates.noindex/ArchiveIntermediates/idownloadd/BuildProductsPath/Release-iphoneos -F /Users/runner/Library/Developer/Xcode/DerivedData/idownloadd-buyibqeibzuaejeouuwsxitpvtst/Build/Intermediates.noindex/ArchiveIntermediates/idownloadd/BuildProductsPath/Release-iphoneos/PackageFrameworks -F /Users/runner/Library/Developer/Xcode/DerivedData/idownloadd-buyibqeibzuaejeouuwsxitpvtst/Build/Intermediates.noindex/ArchiveIntermediates/idownloadd/BuildProductsPath/Release-iphoneos/PackageFrameworks -F /Users/runner/Library/Developer/Xcode/DerivedData/idownloadd-buyibqeibzuaejeouuwsxitpvtst/Build/Intermediates.noindex/ArchiveIntermediates/idownloadd/BuildProductsPath/Release-iphoneos -no-color-diagnostics -g -debug-info-format\=dwarf -dwarf-version\=4 -module-cache-path /Users/runner/Library/Developer/Xcode/DerivedData/ModuleCache.noindex -swift-version 5 -enforce-exclusivity\=checked -O -serialize-debugging-options -const-gather-protocols-file /Users/runner/Library/Developer/Xcode/DerivedData/idownloadd-buyibqeibzuaejeouuwsxitpvtst/Build/Intermediates.noindex/ArchiveIntermediates/idownloadd/IntermediateBuildFilesPath/idownloadd.build/Release-iphoneos/idownloadd.build/Objects-normal/arm64/idownloadd_const_extract_protocols.json -enable-experimental-feature DebugDescriptionMacro -enable-bare-slash-regex -empty-abi-descriptor -validate-clang-modules-once -clang-build-session-file /Users/runner/Library/Developer/Xcode/DerivedData/ModuleCache.noindex/Session.modulevalidation -Xcc -working-directory -Xcc /Users/runner/work/dopamine-extended/dopamine-extended/Dopamine/BaseBin/idownloadd/src -resource-dir /Applications/Xcode_16.2.app/Contents/Developer/Toolchains/XcodeDefault.xctoolchain/usr/lib/swift -file-compilation-dir /Users/runner/work/dopamine-extended/dopamine-extended/Dopamine/BaseBin/idownloadd/src -Xcc -ivfsstatcache -Xcc /Users/runner/Library/Developer/Xcode/DerivedData/SDKStatCaches.noindex/iphoneos18.2-22C146-6f6929c68f51360d5ca70a73a7e0c2f9.sdkstatcache -Xcc -I/Users/runner/Library/Developer/Xcode/DerivedData/idownloadd-buyibqeibzuaejeouuwsxitpvtst/Build/Intermediates.noindex/ArchiveIntermediates/idownloadd/IntermediateBuildFilesPath/idownloadd.build/Release-iphoneos/idownloadd.build/swift-overrides.hmap -Xcc -iquote -Xcc /Users/runner/Library/Developer/Xcode/DerivedData/idownloadd-buyibqeibzuaejeouuwsxitpvtst/Build/Intermediates.noindex/ArchiveIntermediates/idownloadd/IntermediateBuildFilesPath/idownloadd.build/Release-iphoneos/idownloadd.build/idownloadd-generated-files.hmap -Xcc -I/Users/runner/Library/Developer/Xcode/DerivedData/idownloadd-buyibqeibzuaejeouuwsxitpvtst/Build/Intermediates.noindex/ArchiveIntermediates/idownloadd/IntermediateBuildFilesPath/idownloadd.build/Release-iphoneos/idownloadd.build/idownloadd-own-target-headers.hmap -Xcc -I/Users/runner/Library/Developer/Xcode/DerivedData/idownloadd-buyibqeibzuaejeouuwsxitpvtst/Build/Intermediates.noindex/ArchiveIntermediates/idownloadd/IntermediateBuildFilesPath/idownloadd.build/Release-iphoneos/idownloadd.build/idownloadd-all-non-framework-target-headers.hmap -Xcc -ivfsoverlay -Xcc /Users/runner/Library/Developer/Xcode/DerivedData/idownloadd-buyibqeibzuaejeouuwsxitpvtst/Build/Intermediates.noindex/ArchiveIntermediates/idownloadd/IntermediateBuildFilesPath/idownloadd.build/Release-iphoneos/idownloadd-b2e5d7cb007b8a24cc3179f58e35639b-VFS-iphoneos/all-product-headers.yaml -Xcc -iquote -Xcc /Users/runner/Library/Developer/Xcode/DerivedData/idownloadd-buyibqeibzuaejeouuwsxitpvtst/Build/Intermediates.noindex/ArchiveIntermediates/idownloadd/IntermediateBuildFilesPath/idownloadd.build/Release-iphoneos/idownloadd.build/idownloadd-project-headers.hmap -Xcc -I/Users/runner/Library/Developer/Xcode/DerivedData/idownloadd-buyibqeibzuaejeouuwsxitpvtst/Build/Intermediates.noindex/ArchiveIntermediates/idownloadd/BuildProductsPath/Release-iphoneos/include -Xcc -I/Users/runner/work/dopamine-extended/dopamine-extended/Dopamine/BaseBin/.include -Xcc -I/Users/runner/Library/Developer/Xcode/DerivedData/idownloadd-buyibqeibzuaejeouuwsxitpvtst/Build/Intermediates.noindex/ArchiveIntermediates/idownloadd/IntermediateBuildFilesPath/idownloadd.build/Release-iphoneos/idownloadd.build/DerivedSources-normal/arm64 -Xcc -I/Users/runner/Library/Developer/Xcode/DerivedData/idownloadd-buyibqeibzuaejeouuwsxitpvtst/Build/Intermediates.noindex/ArchiveIntermediates/idownloadd/IntermediateBuildFilesPath/idownloadd.build/Release-iphoneos/idownloadd.build/DerivedSources/arm64 -Xcc -I/Users/runner/Library/Developer/Xcode/DerivedData/idownloadd-buyibqeibzuaejeouuwsxitpvtst/Build/Intermediates.noindex/ArchiveIntermediates/idownloadd/IntermediateBuildFilesPath/idownloadd.build/Release-iphoneos/idownloadd.build/DerivedSources -import-objc-header /Users/runner/work/dopamine-extended/dopamine-extended/Dopamine/BaseBin/idownloadd/src/idownloadd/idownloadd-Bridging-Header.h -pch-output-dir /Users/runner/Library/Developer/Xcode/DerivedData/idownloadd-buyibqeibzuaejeouuwsxitpvtst/Build/Intermediates.noindex/ArchiveIntermediates/idownloadd/PrecompiledHeaders -module-name idownloadd -frontend-parseable-output -disable-clang-spi -target-sdk-version 18.2 -target-sdk-name iphoneos18.2 -external-plugin-path /Applications/Xcode_16.2.app/Contents/Developer/Platforms/iPhoneOS.platform/Developer/usr/lib/swift/host/plugins\#/Applications/Xcode_16.2.app/Contents/Developer/Platforms/iPhoneOS.platform/Developer/usr/bin/swift-plugin-server -external-plugin-path /Applications/Xcode_16.2.app/Contents/Developer/Platforms/iPhoneOS.platform/Developer/usr/local/lib/swift/host/plugins\#/Applications/Xcode_16.2.app/Contents/Developer/Platforms/iPhoneOS.platform/Developer/usr/bin/swift-plugin-server -plugin-path /Applications/Xcode_16.2.app/Contents/Developer/Toolchains/XcodeDefault.xctoolchain/usr/lib/swift/host/plugins -plugin-path /Applications/Xcode_16.2.app/Contents/Developer/Toolchains/XcodeDefault.xctoolchain/usr/local/lib/swift/host/plugins -enable-default-cmo -num-threads 3 -o /Users/runner/Library/Developer/Xcode/DerivedData/idownloadd-buyibqeibzuaejeouuwsxitpvtst/Build/Intermediates.noindex/ArchiveIntermediates/idownloadd/IntermediateBuildFilesPath/idownloadd.build/Release-iphoneos/idownloadd.build/Objects-normal/arm64/iDownloadKRW.o -o /Users/runner/Library/Developer/Xcode/DerivedData/idownloadd-buyibqeibzuaejeouuwsxitpvtst/Build/Intermediates.noindex/ArchiveIntermediates/idownloadd/IntermediateBuildFilesPath/idownloadd.build/Release-iphoneos/idownloadd.build/Objects-normal/arm64/main.o -o /Users/runner/Library/Developer/Xcode/DerivedData/idownloadd-buyibqeibzuaejeouuwsxitpvtst/Build/Intermediates.noindex/ArchiveIntermediates/idownloadd/IntermediateBuildFilesPath/idownloadd.build/Release-iphoneos/idownloadd.build/Objects-normal/arm64/iDownloadCmds.o -index-unit-output-path /idownloadd.build/Release-iphoneos/idownloadd.build/Objects-normal/arm64/iDownloadKRW.o -index-unit-output-path /idownloadd.build/Release-iphoneos/idownloadd.build/Objects-normal/arm64/main.o -index-unit-output-path /idownloadd.build/Release-iphoneos/idownloadd.build/Objects-normal/arm64/iDownloadCmds.o

CompileSwift normal arm64 (in target 'idownloadd' from project 'idownloadd')
    cd /Users/runner/work/dopamine-extended/dopamine-extended/Dopamine/BaseBin/idownloadd/src
    /Applications/Xcode_16.2.app/Contents/Developer/Toolchains/XcodeDefault.xctoolchain/usr/bin/swift-frontend -c /Users/runner/work/dopamine-extended/dopamine-extended/Dopamine/BaseBin/idownloadd/src/idownloadd/iDownloadKRW.swift /Users/runner/work/dopamine-extended/dopamine-extended/Dopamine/BaseBin/idownloadd/src/idownloadd/main.swift /Users/runner/work/dopamine-extended/dopamine-extended/Dopamine/BaseBin/idownloadd/src/idownloadd/iDownloadCmds.swift -supplementary-output-file-map /Users/runner/Library/Developer/Xcode/DerivedData/idownloadd-buyibqeibzuaejeouuwsxitpvtst/Build/Intermediates.noindex/ArchiveIntermediates/idownloadd/IntermediateBuildFilesPath/idownloadd.build/Release-iphoneos/idownloadd.build/Objects-normal/arm64/supplementaryOutputs-2 -target arm64-apple-ios15.0 -Xllvm -aarch64-use-tbi -enable-objc-interop -stack-check -sdk /Applications/Xcode_16.2.app/Contents/Developer/Platforms/iPhoneOS.platform/Developer/SDKs/iPhoneOS18.2.sdk -I /Users/runner/Library/Developer/Xcode/DerivedData/idownloadd-buyibqeibzuaejeouuwsxitpvtst/Build/Intermediates.noindex/ArchiveIntermediates/idownloadd/BuildProductsPath/Release-iphoneos -F /Users/runner/Library/Developer/Xcode/DerivedData/idownloadd-buyibqeibzuaejeouuwsxitpvtst/Build/Intermediates.noindex/ArchiveIntermediates/idownloadd/BuildProductsPath/Release-iphoneos/PackageFrameworks -F /Users/runner/Library/Developer/Xcode/DerivedData/idownloadd-buyibqeibzuaejeouuwsxitpvtst/Build/Intermediates.noindex/ArchiveIntermediates/idownloadd/BuildProductsPath/Release-iphoneos/PackageFrameworks -F /Users/runner/Library/Developer/Xcode/DerivedData/idownloadd-buyibqeibzuaejeouuwsxitpvtst/Build/Intermediates.noindex/ArchiveIntermediates/idownloadd/BuildProductsPath/Release-iphoneos -no-color-diagnostics -g -debug-info-format\=dwarf -dwarf-version\=4 -module-cache-path /Users/runner/Library/Developer/Xcode/DerivedData/ModuleCache.noindex -swift-version 5 -enforce-exclusivity\=checked -O -serialize-debugging-options -const-gather-protocols-file /Users/runner/Library/Developer/Xcode/DerivedData/idownloadd-buyibqeibzuaejeouuwsxitpvtst/Build/Intermediates.noindex/ArchiveIntermediates/idownloadd/IntermediateBuildFilesPath/idownloadd.build/Release-iphoneos/idownloadd.build/Objects-normal/arm64/idownloadd_const_extract_protocols.json -enable-experimental-feature DebugDescriptionMacro -enable-bare-slash-regex -empty-abi-descriptor -validate-clang-modules-once -clang-build-session-file /Users/runner/Library/Developer/Xcode/DerivedData/ModuleCache.noindex/Session.modulevalidation -Xcc -working-directory -Xcc /Users/runner/work/dopamine-extended/dopamine-extended/Dopamine/BaseBin/idownloadd/src -resource-dir /Applications/Xcode_16.2.app/Contents/Developer/Toolchains/XcodeDefault.xctoolchain/usr/lib/swift -file-compilation-dir /Users/runner/work/dopamine-extended/dopamine-extended/Dopamine/BaseBin/idownloadd/src -Xcc -ivfsstatcache -Xcc /Users/runner/Library/Developer/Xcode/DerivedData/SDKStatCaches.noindex/iphoneos18.2-22C146-6f6929c68f51360d5ca70a73a7e0c2f9.sdkstatcache -Xcc -I/Users/runner/Library/Developer/Xcode/DerivedData/idownloadd-buyibqeibzuaejeouuwsxitpvtst/Build/Intermediates.noindex/ArchiveIntermediates/idownloadd/IntermediateBuildFilesPath/idownloadd.build/Release-iphoneos/idownloadd.build/swift-overrides.hmap -Xcc -iquote -Xcc /Users/runner/Library/Developer/Xcode/DerivedData/idownloadd-buyibqeibzuaejeouuwsxitpvtst/Build/Intermediates.noindex/ArchiveIntermediates/idownloadd/IntermediateBuildFilesPath/idownloadd.build/Release-iphoneos/idownloadd.build/idownloadd-generated-files.hmap -Xcc -I/Users/runner/Library/Developer/Xcode/DerivedData/idownloadd-buyibqeibzuaejeouuwsxitpvtst/Build/Intermediates.noindex/ArchiveIntermediates/idownloadd/IntermediateBuildFilesPath/idownloadd.build/Release-iphoneos/idownloadd.build/idownloadd-own-target-headers.hmap -Xcc -I/Users/runner/Library/Developer/Xcode/DerivedData/idownloadd-buyibqeibzuaejeouuwsxitpvtst/Build/Intermediates.noindex/ArchiveIntermediates/idownloadd/IntermediateBuildFilesPath/idownloadd.build/Release-iphoneos/idownloadd.build/idownloadd-all-non-framework-target-headers.hmap -Xcc -ivfsoverlay -Xcc /Users/runner/Library/Developer/Xcode/DerivedData/idownloadd-buyibqeibzuaejeouuwsxitpvtst/Build/Intermediates.noindex/ArchiveIntermediates/idownloadd/IntermediateBuildFilesPath/idownloadd.build/Release-iphoneos/idownloadd-b2e5d7cb007b8a24cc3179f58e35639b-VFS-iphoneos/all-product-headers.yaml -Xcc -iquote -Xcc /Users/runner/Library/Developer/Xcode/DerivedData/idownloadd-buyibqeibzuaejeouuwsxitpvtst/Build/Intermediates.noindex/ArchiveIntermediates/idownloadd/IntermediateBuildFilesPath/idownloadd.build/Release-iphoneos/idownloadd.build/idownloadd-project-headers.hmap -Xcc -I/Users/runner/Library/Developer/Xcode/DerivedData/idownloadd-buyibqeibzuaejeouuwsxitpvtst/Build/Intermediates.noindex/ArchiveIntermediates/idownloadd/BuildProductsPath/Release-iphoneos/include -Xcc -I/Users/runner/work/dopamine-extended/dopamine-extended/Dopamine/BaseBin/.include -Xcc -I/Users/runner/Library/Developer/Xcode/DerivedData/idownloadd-buyibqeibzuaejeouuwsxitpvtst/Build/Intermediates.noindex/ArchiveIntermediates/idownloadd/IntermediateBuildFilesPath/idownloadd.build/Release-iphoneos/idownloadd.build/DerivedSources-normal/arm64 -Xcc -I/Users/runner/Library/Developer/Xcode/DerivedData/idownloadd-buyibqeibzuaejeouuwsxitpvtst/Build/Intermediates.noindex/ArchiveIntermediates/idownloadd/IntermediateBuildFilesPath/idownloadd.build/Release-iphoneos/idownloadd.build/DerivedSources/arm64 -Xcc -I/Users/runner/Library/Developer/Xcode/DerivedData/idownloadd-buyibqeibzuaejeouuwsxitpvtst/Build/Intermediates.noindex/ArchiveIntermediates/idownloadd/IntermediateBuildFilesPath/idownloadd.build/Release-iphoneos/idownloadd.build/DerivedSources -import-objc-header /Users/runner/work/dopamine-extended/dopamine-extended/Dopamine/BaseBin/idownloadd/src/idownloadd/idownloadd-Bridging-Header.h -pch-output-dir /Users/runner/Library/Developer/Xcode/DerivedData/idownloadd-buyibqeibzuaejeouuwsxitpvtst/Build/Intermediates.noindex/ArchiveIntermediates/idownloadd/PrecompiledHeaders -module-name idownloadd -frontend-parseable-output -disable-clang-spi -target-sdk-version 18.2 -target-sdk-name iphoneos18.2 -external-plugin-path /Applications/Xcode_16.2.app/Contents/Developer/Platforms/iPhoneOS.platform/Developer/usr/lib/swift/host/plugins\#/Applications/Xcode_16.2.app/Contents/Developer/Platforms/iPhoneOS.platform/Developer/usr/bin/swift-plugin-server -external-plugin-path /Applications/Xcode_16.2.app/Contents/Developer/Platforms/iPhoneOS.platform/Developer/usr/local/lib/swift/host/plugins\#/Applications/Xcode_16.2.app/Contents/Developer/Platforms/iPhoneOS.platform/Developer/usr/bin/swift-plugin-server -plugin-path /Applications/Xcode_16.2.app/Contents/Developer/Toolchains/XcodeDefault.xctoolchain/usr/lib/swift/host/plugins -plugin-path /Applications/Xcode_16.2.app/Contents/Developer/Toolchains/XcodeDefault.xctoolchain/usr/local/lib/swift/host/plugins -enable-default-cmo -num-threads 3 -o /Users/runner/Library/Developer/Xcode/DerivedData/idownloadd-buyibqeibzuaejeouuwsxitpvtst/Build/Intermediates.noindex/ArchiveIntermediates/idownloadd/IntermediateBuildFilesPath/idownloadd.build/Release-iphoneos/idownloadd.build/Objects-normal/arm64/iDownloadKRW.o -o /Users/runner/Library/Developer/Xcode/DerivedData/idownloadd-buyibqeibzuaejeouuwsxitpvtst/Build/Intermediates.noindex/ArchiveIntermediates/idownloadd/IntermediateBuildFilesPath/idownloadd.build/Release-iphoneos/idownloadd.build/Objects-normal/arm64/main.o -o /Users/runner/Library/Developer/Xcode/DerivedData/idownloadd-buyibqeibzuaejeouuwsxitpvtst/Build/Intermediates.noindex/ArchiveIntermediates/idownloadd/IntermediateBuildFilesPath/idownloadd.build/Release-iphoneos/idownloadd.build/Objects-normal/arm64/iDownloadCmds.o -index-unit-output-path /idownloadd.build/Release-iphoneos/idownloadd.build/Objects-normal/arm64/iDownloadKRW.o -index-unit-output-path /idownloadd.build/Release-iphoneos/idownloadd.build/Objects-normal/arm64/main.o -index-unit-output-path /idownloadd.build/Release-iphoneos/idownloadd.build/Objects-normal/arm64/iDownloadCmds.o
/Users/runner/work/dopamine-extended/dopamine-extended/Dopamine/BaseBin/idownloadd/src/idownloadd/iDownloadKRW.swift:116:25: warning: 'withUnsafeBytes' is deprecated: use `withUnsafeBytes<R>(_: (UnsafeRawBufferPointer) throws -> R) rethrows -> R` instead
        return try data.withUnsafeBytes { (p: UnsafePointer<UInt64>) in
                        ^

SwiftDriverJobDiscovery normal arm64 Compiling iDownloadKRW.swift, main.swift, iDownloadCmds.swift (in target 'idownloadd' from project 'idownloadd')

SwiftDriver\ Compilation\ Requirements idownloadd normal arm64 com.apple.xcode.tools.swift.compiler (in target 'idownloadd' from project 'idownloadd')
    cd /Users/runner/work/dopamine-extended/dopamine-extended/Dopamine/BaseBin/idownloadd/src
    builtin-Swift-Compilation-Requirements -- /Applications/Xcode_16.2.app/Contents/Developer/Toolchains/XcodeDefault.xctoolchain/usr/bin/swiftc -module-name idownloadd -O -whole-module-optimization -enforce-exclusivity\=checked @/Users/runner/Library/Developer/Xcode/DerivedData/idownloadd-buyibqeibzuaejeouuwsxitpvtst/Build/Intermediates.noindex/ArchiveIntermediates/idownloadd/IntermediateBuildFilesPath/idownloadd.build/Release-iphoneos/idownloadd.build/Objects-normal/arm64/idownloadd.SwiftFileList -enable-bare-slash-regex -enable-experimental-feature DebugDescriptionMacro -sdk /Applications/Xcode_16.2.app/Contents/Developer/Platforms/iPhoneOS.platform/Developer/SDKs/iPhoneOS18.2.sdk -target arm64-apple-ios15.0 -g -module-cache-path /Users/runner/Library/Developer/Xcode/DerivedData/ModuleCache.noindex -Xfrontend -serialize-debugging-options -swift-version 5 -I /Users/runner/Library/Developer/Xcode/DerivedData/idownloadd-buyibqeibzuaejeouuwsxitpvtst/Build/Intermediates.noindex/ArchiveIntermediates/idownloadd/BuildProductsPath/Release-iphoneos -F /Users/runner/Library/Developer/Xcode/DerivedData/idownloadd-buyibqeibzuaejeouuwsxitpvtst/Build/Intermediates.noindex/ArchiveIntermediates/idownloadd/BuildProductsPath/Release-iphoneos/PackageFrameworks -F /Users/runner/Library/Developer/Xcode/DerivedData/idownloadd-buyibqeibzuaejeouuwsxitpvtst/Build/Intermediates.noindex/ArchiveIntermediates/idownloadd/BuildProductsPath/Release-iphoneos/PackageFrameworks -F /Users/runner/Library/Developer/Xcode/DerivedData/idownloadd-buyibqeibzuaejeouuwsxitpvtst/Build/Intermediates.noindex/ArchiveIntermediates/idownloadd/BuildProductsPath/Release-iphoneos -c -num-threads 3 -Xcc -ivfsstatcache -Xcc /Users/runner/Library/Developer/Xcode/DerivedData/SDKStatCaches.noindex/iphoneos18.2-22C146-6f6929c68f51360d5ca70a73a7e0c2f9.sdkstatcache -output-file-map /Users/runner/Library/Developer/Xcode/DerivedData/idownloadd-buyibqeibzuaejeouuwsxitpvtst/Build/Intermediates.noindex/ArchiveIntermediates/idownloadd/IntermediateBuildFilesPath/idownloadd.build/Release-iphoneos/idownloadd.build/Objects-normal/arm64/idownloadd-OutputFileMap.json -use-frontend-parseable-output -save-temps -no-color-diagnostics -serialize-diagnostics -emit-dependencies -emit-module -emit-module-path /Users/runner/Library/Developer/Xcode/DerivedData/idownloadd-buyibqeibzuaejeouuwsxitpvtst/Build/Intermediates.noindex/ArchiveIntermediates/idownloadd/IntermediateBuildFilesPath/idownloadd.build/Release-iphoneos/idownloadd.build/Objects-normal/arm64/idownloadd.swiftmodule -validate-clang-modules-once -clang-build-session-file /Users/runner/Library/Developer/Xcode/DerivedData/ModuleCache.noindex/Session.modulevalidation -Xcc -I/Users/runner/Library/Developer/Xcode/DerivedData/idownloadd-buyibqeibzuaejeouuwsxitpvtst/Build/Intermediates.noindex/ArchiveIntermediates/idownloadd/IntermediateBuildFilesPath/idownloadd.build/Release-iphoneos/idownloadd.build/swift-overrides.hmap -emit-const-values -Xfrontend -const-gather-protocols-file -Xfrontend /Users/runner/Library/Developer/Xcode/DerivedData/idownloadd-buyibqeibzuaejeouuwsxitpvtst/Build/Intermediates.noindex/ArchiveIntermediates/idownloadd/IntermediateBuildFilesPath/idownloadd.build/Release-iphoneos/idownloadd.build/Objects-normal/arm64/idownloadd_const_extract_protocols.json -Xcc -iquote -Xcc /Users/runner/Library/Developer/Xcode/DerivedData/idownloadd-buyibqeibzuaejeouuwsxitpvtst/Build/Intermediates.noindex/ArchiveIntermediates/idownloadd/IntermediateBuildFilesPath/idownloadd.build/Release-iphoneos/idownloadd.build/idownloadd-generated-files.hmap -Xcc -I/Users/runner/Library/Developer/Xcode/DerivedData/idownloadd-buyibqeibzuaejeouuwsxitpvtst/Build/Intermediates.noindex/ArchiveIntermediates/idownloadd/IntermediateBuildFilesPath/idownloadd.build/Release-iphoneos/idownloadd.build/idownloadd-own-target-headers.hmap -Xcc -I/Users/runner/Library/Developer/Xcode/DerivedData/idownloadd-buyibqeibzuaejeouuwsxitpvtst/Build/Intermediates.noindex/ArchiveIntermediates/idownloadd/IntermediateBuildFilesPath/idownloadd.build/Release-iphoneos/idownloadd.build/idownloadd-all-non-framework-target-headers.hmap -Xcc -ivfsoverlay -Xcc /Users/runner/Library/Developer/Xcode/DerivedData/idownloadd-buyibqeibzuaejeouuwsxitpvtst/Build/Intermediates.noindex/ArchiveIntermediates/idownloadd/IntermediateBuildFilesPath/idownloadd.build/Release-iphoneos/idownloadd-b2e5d7cb007b8a24cc3179f58e35639b-VFS-iphoneos/all-product-headers.yaml -Xcc -iquote -Xcc /Users/runner/Library/Developer/Xcode/DerivedData/idownloadd-buyibqeibzuaejeouuwsxitpvtst/Build/Intermediates.noindex/ArchiveIntermediates/idownloadd/IntermediateBuildFilesPath/idownloadd.build/Release-iphoneos/idownloadd.build/idownloadd-project-headers.hmap -Xcc -I/Users/runner/Library/Developer/Xcode/DerivedData/idownloadd-buyibqeibzuaejeouuwsxitpvtst/Build/Intermediates.noindex/ArchiveIntermediates/idownloadd/BuildProductsPath/Release-iphoneos/include -Xcc -I/Users/runner/work/dopamine-extended/dopamine-extended/Dopamine/BaseBin/.include -Xcc -I/Users/runner/Library/Developer/Xcode/DerivedData/idownloadd-buyibqeibzuaejeouuwsxitpvtst/Build/Intermediates.noindex/ArchiveIntermediates/idownloadd/IntermediateBuildFilesPath/idownloadd.build/Release-iphoneos/idownloadd.build/DerivedSources-normal/arm64 -Xcc -I/Users/runner/Library/Developer/Xcode/DerivedData/idownloadd-buyibqeibzuaejeouuwsxitpvtst/Build/Intermediates.noindex/ArchiveIntermediates/idownloadd/IntermediateBuildFilesPath/idownloadd.build/Release-iphoneos/idownloadd.build/DerivedSources/arm64 -Xcc -I/Users/runner/Library/Developer/Xcode/DerivedData/idownloadd-buyibqeibzuaejeouuwsxitpvtst/Build/Intermediates.noindex/ArchiveIntermediates/idownloadd/IntermediateBuildFilesPath/idownloadd.build/Release-iphoneos/idownloadd.build/DerivedSources -emit-objc-header -emit-objc-header-path /Users/runner/Library/Developer/Xcode/DerivedData/idownloadd-buyibqeibzuaejeouuwsxitpvtst/Build/Intermediates.noindex/ArchiveIntermediates/idownloadd/IntermediateBuildFilesPath/idownloadd.build/Release-iphoneos/idownloadd.build/Objects-normal/arm64/idownloadd-Swift.h -import-objc-header /Users/runner/work/dopamine-extended/dopamine-extended/Dopamine/BaseBin/idownloadd/src/idownloadd/idownloadd-Bridging-Header.h -pch-output-dir /Users/runner/Library/Developer/Xcode/DerivedData/idownloadd-buyibqeibzuaejeouuwsxitpvtst/Build/Intermediates.noindex/ArchiveIntermediates/idownloadd/PrecompiledHeaders -working-directory /Users/runner/work/dopamine-extended/dopamine-extended/Dopamine/BaseBin/idownloadd/src -no-emit-module-separately-wmo

SwiftMergeGeneratedHeaders /Users/runner/Library/Developer/Xcode/DerivedData/idownloadd-buyibqeibzuaejeouuwsxitpvtst/Build/Intermediates.noindex/ArchiveIntermediates/idownloadd/IntermediateBuildFilesPath/idownloadd.build/Release-iphoneos/idownloadd.build/DerivedSources/idownloadd-Swift.h /Users/runner/Library/Developer/Xcode/DerivedData/idownloadd-buyibqeibzuaejeouuwsxitpvtst/Build/Intermediates.noindex/ArchiveIntermediates/idownloadd/IntermediateBuildFilesPath/idownloadd.build/Release-iphoneos/idownloadd.build/Objects-normal/arm64/idownloadd-Swift.h (in target 'idownloadd' from project 'idownloadd')
    cd /Users/runner/work/dopamine-extended/dopamine-extended/Dopamine/BaseBin/idownloadd/src
    builtin-swiftHeaderTool -arch arm64 /Users/runner/Library/Developer/Xcode/DerivedData/idownloadd-buyibqeibzuaejeouuwsxitpvtst/Build/Intermediates.noindex/ArchiveIntermediates/idownloadd/IntermediateBuildFilesPath/idownloadd.build/Release-iphoneos/idownloadd.build/Objects-normal/arm64/idownloadd-Swift.h -o /Users/runner/Library/Developer/Xcode/DerivedData/idownloadd-buyibqeibzuaejeouuwsxitpvtst/Build/Intermediates.noindex/ArchiveIntermediates/idownloadd/IntermediateBuildFilesPath/idownloadd.build/Release-iphoneos/idownloadd.build/DerivedSources/idownloadd-Swift.h

Copy /Users/runner/Library/Developer/Xcode/DerivedData/idownloadd-buyibqeibzuaejeouuwsxitpvtst/Build/Intermediates.noindex/ArchiveIntermediates/idownloadd/BuildProductsPath/Release-iphoneos/idownloadd.swiftmodule/arm64-apple-ios.swiftmodule /Users/runner/Library/Developer/Xcode/DerivedData/idownloadd-buyibqeibzuaejeouuwsxitpvtst/Build/Intermediates.noindex/ArchiveIntermediates/idownloadd/IntermediateBuildFilesPath/idownloadd.build/Release-iphoneos/idownloadd.build/Objects-normal/arm64/idownloadd.swiftmodule (in target 'idownloadd' from project 'idownloadd')
    cd /Users/runner/work/dopamine-extended/dopamine-extended/Dopamine/BaseBin/idownloadd/src
    builtin-copy -exclude .DS_Store -exclude CVS -exclude .svn -exclude .git -exclude .hg -resolve-src-symlinks -rename /Users/runner/Library/Developer/Xcode/DerivedData/idownloadd-buyibqeibzuaejeouuwsxitpvtst/Build/Intermediates.noindex/ArchiveIntermediates/idownloadd/IntermediateBuildFilesPath/idownloadd.build/Release-iphoneos/idownloadd.build/Objects-normal/arm64/idownloadd.swiftmodule /Users/runner/Library/Developer/Xcode/DerivedData/idownloadd-buyibqeibzuaejeouuwsxitpvtst/Build/Intermediates.noindex/ArchiveIntermediates/idownloadd/BuildProductsPath/Release-iphoneos/idownloadd.swiftmodule/arm64-apple-ios.swiftmodule

Copy /Users/runner/Library/Developer/Xcode/DerivedData/idownloadd-buyibqeibzuaejeouuwsxitpvtst/Build/Intermediates.noindex/ArchiveIntermediates/idownloadd/BuildProductsPath/Release-iphoneos/idownloadd.swiftmodule/arm64-apple-ios.swiftdoc /Users/runner/Library/Developer/Xcode/DerivedData/idownloadd-buyibqeibzuaejeouuwsxitpvtst/Build/Intermediates.noindex/ArchiveIntermediates/idownloadd/IntermediateBuildFilesPath/idownloadd.build/Release-iphoneos/idownloadd.build/Objects-normal/arm64/idownloadd.swiftdoc (in target 'idownloadd' from project 'idownloadd')
    cd /Users/runner/work/dopamine-extended/dopamine-extended/Dopamine/BaseBin/idownloadd/src
    builtin-copy -exclude .DS_Store -exclude CVS -exclude .svn -exclude .git -exclude .hg -resolve-src-symlinks -rename /Users/runner/Library/Developer/Xcode/DerivedData/idownloadd-buyibqeibzuaejeouuwsxitpvtst/Build/Intermediates.noindex/ArchiveIntermediates/idownloadd/IntermediateBuildFilesPath/idownloadd.build/Release-iphoneos/idownloadd.build/Objects-normal/arm64/idownloadd.swiftdoc /Users/runner/Library/Developer/Xcode/DerivedData/idownloadd-buyibqeibzuaejeouuwsxitpvtst/Build/Intermediates.noindex/ArchiveIntermediates/idownloadd/BuildProductsPath/Release-iphoneos/idownloadd.swiftmodule/arm64-apple-ios.swiftdoc

Copy /Users/runner/Library/Developer/Xcode/DerivedData/idownloadd-buyibqeibzuaejeouuwsxitpvtst/Build/Intermediates.noindex/ArchiveIntermediates/idownloadd/BuildProductsPath/Release-iphoneos/idownloadd.swiftmodule/arm64-apple-ios.abi.json /Users/runner/Library/Developer/Xcode/DerivedData/idownloadd-buyibqeibzuaejeouuwsxitpvtst/Build/Intermediates.noindex/ArchiveIntermediates/idownloadd/IntermediateBuildFilesPath/idownloadd.build/Release-iphoneos/idownloadd.build/Objects-normal/arm64/idownloadd.abi.json (in target 'idownloadd' from project 'idownloadd')
    cd /Users/runner/work/dopamine-extended/dopamine-extended/Dopamine/BaseBin/idownloadd/src
    builtin-copy -exclude .DS_Store -exclude CVS -exclude .svn -exclude .git -exclude .hg -resolve-src-symlinks -rename /Users/runner/Library/Developer/Xcode/DerivedData/idownloadd-buyibqeibzuaejeouuwsxitpvtst/Build/Intermediates.noindex/ArchiveIntermediates/idownloadd/IntermediateBuildFilesPath/idownloadd.build/Release-iphoneos/idownloadd.build/Objects-normal/arm64/idownloadd.abi.json /Users/runner/Library/Developer/Xcode/DerivedData/idownloadd-buyibqeibzuaejeouuwsxitpvtst/Build/Intermediates.noindex/ArchiveIntermediates/idownloadd/BuildProductsPath/Release-iphoneos/idownloadd.swiftmodule/arm64-apple-ios.abi.json

ScanDependencies /Users/runner/Library/Developer/Xcode/DerivedData/idownloadd-buyibqeibzuaejeouuwsxitpvtst/Build/Intermediates.noindex/ArchiveIntermediates/idownloadd/IntermediateBuildFilesPath/idownloadd.build/Release-iphoneos/idownloadd.build/Objects-normal/arm64/shim.o /Users/runner/work/dopamine-extended/dopamine-extended/Dopamine/BaseBin/idownloadd/src/idownloadd/shim.c normal arm64 c com.apple.compilers.llvm.clang.1_0.compiler (in target 'idownloadd' from project 'idownloadd')
    cd /Users/runner/work/dopamine-extended/dopamine-extended/Dopamine/BaseBin/idownloadd/src
    
    Using response file: /Users/runner/Library/Developer/Xcode/DerivedData/idownloadd-buyibqeibzuaejeouuwsxitpvtst/Build/Intermediates.noindex/ArchiveIntermediates/idownloadd/IntermediateBuildFilesPath/idownloadd.build/Release-iphoneos/idownloadd.build/Objects-normal/arm64/7187679823f38a2a940e0043cdf9d637-common-args.resp
    
    builtin-ScanDependencies -o /Users/runner/Library/Developer/Xcode/DerivedData/idownloadd-buyibqeibzuaejeouuwsxitpvtst/Build/Intermediates.noindex/ArchiveIntermediates/idownloadd/IntermediateBuildFilesPath/idownloadd.build/Release-iphoneos/idownloadd.build/Objects-normal/arm64/shim.o.scan -- /Applications/Xcode_16.2.app/Contents/Developer/Toolchains/XcodeDefault.xctoolchain/usr/bin/clang -x c -ivfsstatcache /Users/runner/Library/Developer/Xcode/DerivedData/SDKStatCaches.noindex/iphoneos18.2-22C146-6f6929c68f51360d5ca70a73a7e0c2f9.sdkstatcache -fmessage-length\=0 -fdiagnostics-show-note-include-stack -fmacro-backtrace-limit\=0 -fno-color-diagnostics -fmodules-prune-interval\=86400 -fmodules-prune-after\=345600 -fbuild-session-file\=/Users/runner/Library/Developer/Xcode/DerivedData/ModuleCache.noindex/Session.modulevalidation -fmodules-validate-once-per-build-session -Wnon-modular-include-in-framework-module -Werror\=non-modular-include-in-framework-module -Wno-trigraphs -Wno-missing-field-initializers -Wno-missing-prototypes -Werror\=return-type -Wdocumentation -Wunreachable-code -Wquoted-include-in-framework-header -Werror\=deprecated-objc-isa-usage -Werror\=objc-root-class -Wno-missing-braces -Wparentheses -Wswitch -Wunused-function -Wno-unused-label -Wno-unused-parameter -Wunused-variable -Wunused-value -Wempty-body -Wuninitialized -Wconditional-uninitialized -Wno-unknown-pragmas -Wno-shadow -Wno-four-char-constants -Wno-conversion -Wconstant-conversion -Wint-conversion -Wbool-conversion -Wenum-conversion -Wno-float-conversion -Wnon-literal-null-conversion -Wobjc-literal-conversion -Wshorten-64-to-32 -Wpointer-sign -Wno-newline-eof -Wno-implicit-fallthrough -fstrict-aliasing -Wdeprecated-declarations -Wno-sign-conversion -Winfinite-recursion -Wcomma -Wblock-capture-autoreleasing -Wstrict-prototypes -Wno-semicolon-before-method-body -Wunguarded-availability @/Users/runner/Library/Developer/Xcode/DerivedData/idownloadd-buyibqeibzuaejeouuwsxitpvtst/Build/Intermediates.noindex/ArchiveIntermediates/idownloadd/IntermediateBuildFilesPath/idownloadd.build/Release-iphoneos/idownloadd.build/Objects-normal/arm64/7187679823f38a2a940e0043cdf9d637-common-args.resp -MMD -MT dependencies -MF /Users/runner/Library/Developer/Xcode/DerivedData/idownloadd-buyibqeibzuaejeouuwsxitpvtst/Build/Intermediates.noindex/ArchiveIntermediates/idownloadd/IntermediateBuildFilesPath/idownloadd.build/Release-iphoneos/idownloadd.build/Objects-normal/arm64/shim.d --serialize-diagnostics /Users/runner/Library/Developer/Xcode/DerivedData/idownloadd-buyibqeibzuaejeouuwsxitpvtst/Build/Intermediates.noindex/ArchiveIntermediates/idownloadd/IntermediateBuildFilesPath/idownloadd.build/Release-iphoneos/idownloadd.build/Objects-normal/arm64/shim.dia -c /Users/runner/work/dopamine-extended/dopamine-extended/Dopamine/BaseBin/idownloadd/src/idownloadd/shim.c -o /Users/runner/Library/Developer/Xcode/DerivedData/idownloadd-buyibqeibzuaejeouuwsxitpvtst/Build/Intermediates.noindex/ArchiveIntermediates/idownloadd/IntermediateBuildFilesPath/idownloadd.build/Release-iphoneos/idownloadd.build/Objects-normal/arm64/shim.o

PrecompileModule /Users/runner/Library/Developer/Xcode/DerivedData/idownloadd-buyibqeibzuaejeouuwsxitpvtst/Build/Intermediates.noindex/ArchiveIntermediates/idownloadd/IntermediateBuildFilesPath/ExplicitPrecompiledModules/_Builtin_stdarg-85XMVA4EBLUBYQG2S1KBK3OUM.scan
    cd /Users/runner/work/dopamine-extended/dopamine-extended/Dopamine/BaseBin/idownloadd/src
    builtin-precompileModule /Users/runner/Library/Developer/Xcode/DerivedData/idownloadd-buyibqeibzuaejeouuwsxitpvtst/Build/Intermediates.noindex/ArchiveIntermediates/idownloadd/IntermediateBuildFilesPath/ExplicitPrecompiledModules/_Builtin_stdarg-85XMVA4EBLUBYQG2S1KBK3OUM.scan
/Applications/Xcode_16.2.app/Contents/Developer/Toolchains/XcodeDefault.xctoolchain/usr/bin/clang -cc1 -fdiagnostics-show-note-include-stack -fmacro-backtrace-limit\=0 -ferror-limit 19 -serialize-diagnostic-file /Users/runner/Library/Developer/Xcode/DerivedData/idownloadd-buyibqeibzuaejeouuwsxitpvtst/Build/Intermediates.noindex/ArchiveIntermediates/idownloadd/IntermediateBuildFilesPath/ExplicitPrecompiledModules/_Builtin_stdarg-85XMVA4EBLUBYQG2S1KBK3OUM.dia -fsystem-module -o /Users/runner/Library/Developer/Xcode/DerivedData/idownloadd-buyibqeibzuaejeouuwsxitpvtst/Build/Intermediates.noindex/ArchiveIntermediates/idownloadd/IntermediateBuildFilesPath/ExplicitPrecompiledModules/_Builtin_stdarg-85XMVA4EBLUBYQG2S1KBK3OUM.pcm -disable-free -emit-module -x c /Applications/Xcode_16.2.app/Contents/Developer/Toolchains/XcodeDefault.xctoolchain/usr/lib/clang/16/include/module.modulemap -target-abi darwinpcs -target-cpu apple-a7 -target-feature +v8a -target-feature +aes -target-feature +fp-armv8 -target-feature +sha2 -target-feature +neon -target-feature +zcm -target-feature +zcz -triple arm64-apple-ios15.0.0 -target-linker-version 1115.7.3 -target-sdk-version\=18.2 -fmodules-validate-system-headers -fno-modules-prune-non-affecting-module-map-files -fno-modulemap-allow-subdirectory-search -isysroot /Applications/Xcode_16.2.app/Contents/Developer/Platforms/iPhoneOS.platform/Developer/SDKs/iPhoneOS18.2.sdk -resource-dir /Applications/Xcode_16.2.app/Contents/Developer/Toolchains/XcodeDefault.xctoolchain/usr/lib/clang/16 -fmodule-format\=obj -ivfsstatcache /Users/runner/Library/Developer/Xcode/DerivedData/SDKStatCaches.noindex/iphoneos18.2-22C146-6f6929c68f51360d5ca70a73a7e0c2f9.sdkstatcache -std\=gnu11 -fmodules -fmodule-name\=_Builtin_stdarg -fmodules-search-all -fno-implicit-modules -fmax-type-align\=16 -fstack-check -mdarwin-stkchk-strong-link -fno-odr-hash-protocols -pic-level 2 -disable-objc-default-synthesize-properties -stack-protector 1 -fgnuc-version\=4.2.1 -fblocks -ffp-contract\=off -fclang-abi-compat\=4.0 -fno-experimental-relative-c++-abi-vtables -fno-file-reproducible -clang-vendor-feature\=+disableNonDependentMemberExprInCurrentInstantiation -clang-vendor-feature\=+enableAggressiveVLAFolding -clang-vendor-feature\=+revert09abecef7bbf -clang-vendor-feature\=+thisNoAlignAttr -clang-vendor-feature\=+thisNoNullAttr -clang-vendor-feature\=+disableAtImportPrivateFrameworkInImplementationError -O2 -fcommon -fno-sanitize-address-use-odr-indicator -fno-sanitize-memory-param-retval -fmerge-all-constants -fno-verbose-asm -fregister-global-dtors-with-atexit -fno-use-init-array -funique-basic-block-section-names -dwarf-version\=4 -debugger-tuning\=lldb -llvm-verify-each -dwarf-ext-refs -no-struct-path-tbaa -fexperimental-assignment-tracking\=disabled -no-enable-noundef-analysis -stack-protector-buffer-size 0 -finline-functions -debug-info-kind\=standalone -Os -fno-unroll-loops -fdiagnostics-hotness-threshold\=0 -fdiagnostics-misexpect-tolerance\=0 -fno-split-cold-code -D __GCC_HAVE_DWARF2_CFI_ASM\=1 -MT moduledependenciestarget -dependency-file /Users/runner/Library/Developer/Xcode/DerivedData/idownloadd-buyibqeibzuaejeouuwsxitpvtst/Build/Intermediates.noindex/ArchiveIntermediates/idownloadd/IntermediateBuildFilesPath/ExplicitPrecompiledModules/_Builtin_stdarg-85XMVA4EBLUBYQG2S1KBK3OUM.d -skip-unused-modulemap-deps

PrecompileModule /Users/runner/Library/Developer/Xcode/DerivedData/idownloadd-buyibqeibzuaejeouuwsxitpvtst/Build/Intermediates.noindex/ArchiveIntermediates/idownloadd/IntermediateBuildFilesPath/ExplicitPrecompiledModules/TargetConditionals-9V4RLKLXN2F3W8RNHJ7SQSDOI.scan
    cd /Users/runner/work/dopamine-extended/dopamine-extended/Dopamine/BaseBin/idownloadd/src
    builtin-precompileModule /Users/runner/Library/Developer/Xcode/DerivedData/idownloadd-buyibqeibzuaejeouuwsxitpvtst/Build/Intermediates.noindex/ArchiveIntermediates/idownloadd/IntermediateBuildFilesPath/ExplicitPrecompiledModules/TargetConditionals-9V4RLKLXN2F3W8RNHJ7SQSDOI.scan
/Applications/Xcode_16.2.app/Contents/Developer/Toolchains/XcodeDefault.xctoolchain/usr/bin/clang -cc1 -fdiagnostics-show-note-include-stack -fmacro-backtrace-limit\=0 -ferror-limit 19 -serialize-diagnostic-file /Users/runner/Library/Developer/Xcode/DerivedData/idownloadd-buyibqeibzuaejeouuwsxitpvtst/Build/Intermediates.noindex/ArchiveIntermediates/idownloadd/IntermediateBuildFilesPath/ExplicitPrecompiledModules/TargetConditionals-9V4RLKLXN2F3W8RNHJ7SQSDOI.dia -fsystem-module -o /Users/runner/Library/Developer/Xcode/DerivedData/idownloadd-buyibqeibzuaejeouuwsxitpvtst/Build/Intermediates.noindex/ArchiveIntermediates/idownloadd/IntermediateBuildFilesPath/ExplicitPrecompiledModules/TargetConditionals-9V4RLKLXN2F3W8RNHJ7SQSDOI.pcm -disable-free -emit-module -x c /Applications/Xcode_16.2.app/Contents/Developer/Platforms/iPhoneOS.platform/Developer/SDKs/iPhoneOS.sdk/usr/include/TargetConditionals.modulemap -target-abi darwinpcs -target-cpu apple-a7 -target-feature +v8a -target-feature +aes -target-feature +fp-armv8 -target-feature +sha2 -target-feature +neon -target-feature +zcm -target-feature +zcz -triple arm64-apple-ios15.0.0 -target-linker-version 1115.7.3 -target-sdk-version\=18.2 -fmodules-validate-system-headers -fno-modules-prune-non-affecting-module-map-files -fno-modulemap-allow-subdirectory-search -isysroot /Applications/Xcode_16.2.app/Contents/Developer/Platforms/iPhoneOS.platform/Developer/SDKs/iPhoneOS18.2.sdk -resource-dir /Applications/Xcode_16.2.app/Contents/Developer/Toolchains/XcodeDefault.xctoolchain/usr/lib/clang/16 -fmodule-format\=obj -ivfsstatcache /Users/runner/Library/Developer/Xcode/DerivedData/SDKStatCaches.noindex/iphoneos18.2-22C146-6f6929c68f51360d5ca70a73a7e0c2f9.sdkstatcache -std\=gnu11 -fmodules -fmodule-name\=TargetConditionals -fmodules-search-all -fno-implicit-modules -fmax-type-align\=16 -fstack-check -mdarwin-stkchk-strong-link -fno-odr-hash-protocols -pic-level 2 -disable-objc-default-synthesize-properties -stack-protector 1 -fgnuc-version\=4.2.1 -fblocks -ffp-contract\=off -fclang-abi-compat\=4.0 -fno-experimental-relative-c++-abi-vtables -fno-file-reproducible -clang-vendor-feature\=+disableNonDependentMemberExprInCurrentInstantiation -clang-vendor-feature\=+enableAggressiveVLAFolding -clang-vendor-feature\=+revert09abecef7bbf -clang-vendor-feature\=+thisNoAlignAttr -clang-vendor-feature\=+thisNoNullAttr -clang-vendor-feature\=+disableAtImportPrivateFrameworkInImplementationError -O2 -fcommon -fno-sanitize-address-use-odr-indicator -fno-sanitize-memory-param-retval -fmerge-all-constants -fno-verbose-asm -fregister-global-dtors-with-atexit -fno-use-init-array -funique-basic-block-section-names -dwarf-version\=4 -debugger-tuning\=lldb -llvm-verify-each -dwarf-ext-refs -no-struct-path-tbaa -fexperimental-assignment-tracking\=disabled -no-enable-noundef-analysis -stack-protector-buffer-size 0 -finline-functions -debug-info-kind\=standalone -Os -fno-unroll-loops -fdiagnostics-hotness-threshold\=0 -fdiagnostics-misexpect-tolerance\=0 -fno-split-cold-code -D __GCC_HAVE_DWARF2_CFI_ASM\=1 -MT moduledependenciestarget -dependency-file /Users/runner/Library/Developer/Xcode/DerivedData/idownloadd-buyibqeibzuaejeouuwsxitpvtst/Build/Intermediates.noindex/ArchiveIntermediates/idownloadd/IntermediateBuildFilesPath/ExplicitPrecompiledModules/TargetConditionals-9V4RLKLXN2F3W8RNHJ7SQSDOI.d -skip-unused-modulemap-deps

PrecompileModule /Users/runner/Library/Developer/Xcode/DerivedData/idownloadd-buyibqeibzuaejeouuwsxitpvtst/Build/Intermediates.noindex/ArchiveIntermediates/idownloadd/IntermediateBuildFilesPath/ExplicitPrecompiledModules/_fenv-8P1E1E18L6AMA885RY5OEBYSY.scan
    cd /Users/runner/work/dopamine-extended/dopamine-extended/Dopamine/BaseBin/idownloadd/src
    builtin-precompileModule /Users/runner/Library/Developer/Xcode/DerivedData/idownloadd-buyibqeibzuaejeouuwsxitpvtst/Build/Intermediates.noindex/ArchiveIntermediates/idownloadd/IntermediateBuildFilesPath/ExplicitPrecompiledModules/_fenv-8P1E1E18L6AMA885RY5OEBYSY.scan
/Applications/Xcode_16.2.app/Contents/Developer/Toolchains/XcodeDefault.xctoolchain/usr/bin/clang -cc1 -fdiagnostics-show-note-include-stack -fmacro-backtrace-limit\=0 -ferror-limit 19 -serialize-diagnostic-file /Users/runner/Library/Developer/Xcode/DerivedData/idownloadd-buyibqeibzuaejeouuwsxitpvtst/Build/Intermediates.noindex/ArchiveIntermediates/idownloadd/IntermediateBuildFilesPath/ExplicitPrecompiledModules/_fenv-8P1E1E18L6AMA885RY5OEBYSY.dia -fsystem-module -o /Users/runner/Library/Developer/Xcode/DerivedData/idownloadd-buyibqeibzuaejeouuwsxitpvtst/Build/Intermediates.noindex/ArchiveIntermediates/idownloadd/IntermediateBuildFilesPath/ExplicitPrecompiledModules/_fenv-8P1E1E18L6AMA885RY5OEBYSY.pcm -disable-free -emit-module -x c /Applications/Xcode_16.2.app/Contents/Developer/Platforms/iPhoneOS.platform/Developer/SDKs/iPhoneOS.sdk/usr/include/c_standard_library.modulemap -target-abi darwinpcs -target-cpu apple-a7 -target-feature +v8a -target-feature +aes -target-feature +fp-armv8 -target-feature +sha2 -target-feature +neon -target-feature +zcm -target-feature +zcz -triple arm64-apple-ios15.0.0 -target-linker-version 1115.7.3 -target-sdk-version\=18.2 -fmodules-validate-system-headers -fno-modules-prune-non-affecting-module-map-files -fno-modulemap-allow-subdirectory-search -isysroot /Applications/Xcode_16.2.app/Contents/Developer/Platforms/iPhoneOS.platform/Developer/SDKs/iPhoneOS18.2.sdk -resource-dir /Applications/Xcode_16.2.app/Contents/Developer/Toolchains/XcodeDefault.xctoolchain/usr/lib/clang/16 -fmodule-format\=obj -ivfsstatcache /Users/runner/Library/Developer/Xcode/DerivedData/SDKStatCaches.noindex/iphoneos18.2-22C146-6f6929c68f51360d5ca70a73a7e0c2f9.sdkstatcache -std\=gnu11 -fmodules -fmodule-name\=_fenv -fmodules-search-all -fno-implicit-modules -fmax-type-align\=16 -fstack-check -mdarwin-stkchk-strong-link -fno-odr-hash-protocols -pic-level 2 -disable-objc-default-synthesize-properties -stack-protector 1 -fgnuc-version\=4.2.1 -fblocks -ffp-contract\=off -fclang-abi-compat\=4.0 -fno-experimental-relative-c++-abi-vtables -fno-file-reproducible -clang-vendor-feature\=+disableNonDependentMemberExprInCurrentInstantiation -clang-vendor-feature\=+enableAggressiveVLAFolding -clang-vendor-feature\=+revert09abecef7bbf -clang-vendor-feature\=+thisNoAlignAttr -clang-vendor-feature\=+thisNoNullAttr -clang-vendor-feature\=+disableAtImportPrivateFrameworkInImplementationError -O2 -fcommon -fno-sanitize-address-use-odr-indicator -fno-sanitize-memory-param-retval -fmerge-all-constants -fno-verbose-asm -fregister-global-dtors-with-atexit -fno-use-init-array -funique-basic-block-section-names -dwarf-version\=4 -debugger-tuning\=lldb -llvm-verify-each -dwarf-ext-refs -no-struct-path-tbaa -fexperimental-assignment-tracking\=disabled -no-enable-noundef-analysis -stack-protector-buffer-size 0 -finline-functions -debug-info-kind\=standalone -Os -fno-unroll-loops -fdiagnostics-hotness-threshold\=0 -fdiagnostics-misexpect-tolerance\=0 -fno-split-cold-code -D __GCC_HAVE_DWARF2_CFI_ASM\=1 -MT moduledependenciestarget -dependency-file /Users/runner/Library/Developer/Xcode/DerivedData/idownloadd-buyibqeibzuaejeouuwsxitpvtst/Build/Intermediates.noindex/ArchiveIntermediates/idownloadd/IntermediateBuildFilesPath/ExplicitPrecompiledModules/_fenv-8P1E1E18L6AMA885RY5OEBYSY.d -skip-unused-modulemap-deps

PrecompileModule /Users/runner/Library/Developer/Xcode/DerivedData/idownloadd-buyibqeibzuaejeouuwsxitpvtst/Build/Intermediates.noindex/ArchiveIntermediates/idownloadd/IntermediateBuildFilesPath/ExplicitPrecompiledModules/_Builtin_stdbool-7WFJALECAZXT3UZ8V1IGX0REG.scan
    cd /Users/runner/work/dopamine-extended/dopamine-extended/Dopamine/BaseBin/idownloadd/src
    builtin-precompileModule /Users/runner/Library/Developer/Xcode/DerivedData/idownloadd-buyibqeibzuaejeouuwsxitpvtst/Build/Intermediates.noindex/ArchiveIntermediates/idownloadd/IntermediateBuildFilesPath/ExplicitPrecompiledModules/_Builtin_stdbool-7WFJALECAZXT3UZ8V1IGX0REG.scan
/Applications/Xcode_16.2.app/Contents/Developer/Toolchains/XcodeDefault.xctoolchain/usr/bin/clang -cc1 -fdiagnostics-show-note-include-stack -fmacro-backtrace-limit\=0 -ferror-limit 19 -serialize-diagnostic-file /Users/runner/Library/Developer/Xcode/DerivedData/idownloadd-buyibqeibzuaejeouuwsxitpvtst/Build/Intermediates.noindex/ArchiveIntermediates/idownloadd/IntermediateBuildFilesPath/ExplicitPrecompiledModules/_Builtin_stdbool-7WFJALECAZXT3UZ8V1IGX0REG.dia -fsystem-module -o /Users/runner/Library/Developer/Xcode/DerivedData/idownloadd-buyibqeibzuaejeouuwsxitpvtst/Build/Intermediates.noindex/ArchiveIntermediates/idownloadd/IntermediateBuildFilesPath/ExplicitPrecompiledModules/_Builtin_stdbool-7WFJALECAZXT3UZ8V1IGX0REG.pcm -disable-free -emit-module -x c /Applications/Xcode_16.2.app/Contents/Developer/Toolchains/XcodeDefault.xctoolchain/usr/lib/clang/16/include/module.modulemap -target-abi darwinpcs -target-cpu apple-a7 -target-feature +v8a -target-feature +aes -target-feature +fp-armv8 -target-feature +sha2 -target-feature +neon -target-feature +zcm -target-feature +zcz -triple arm64-apple-ios15.0.0 -target-linker-version 1115.7.3 -target-sdk-version\=18.2 -fmodules-validate-system-headers -fno-modules-prune-non-affecting-module-map-files -fno-modulemap-allow-subdirectory-search -isysroot /Applications/Xcode_16.2.app/Contents/Developer/Platforms/iPhoneOS.platform/Developer/SDKs/iPhoneOS18.2.sdk -resource-dir /Applications/Xcode_16.2.app/Contents/Developer/Toolchains/XcodeDefault.xctoolchain/usr/lib/clang/16 -fmodule-format\=obj -ivfsstatcache /Users/runner/Library/Developer/Xcode/DerivedData/SDKStatCaches.noindex/iphoneos18.2-22C146-6f6929c68f51360d5ca70a73a7e0c2f9.sdkstatcache -std\=gnu11 -fmodules -fmodule-name\=_Builtin_stdbool -fmodules-search-all -fno-implicit-modules -fmax-type-align\=16 -fstack-check -mdarwin-stkchk-strong-link -fno-odr-hash-protocols -pic-level 2 -disable-objc-default-synthesize-properties -stack-protector 1 -fgnuc-version\=4.2.1 -fblocks -ffp-contract\=off -fclang-abi-compat\=4.0 -fno-experimental-relative-c++-abi-vtables -fno-file-reproducible -clang-vendor-feature\=+disableNonDependentMemberExprInCurrentInstantiation -clang-vendor-feature\=+enableAggressiveVLAFolding -clang-vendor-feature\=+revert09abecef7bbf -clang-vendor-feature\=+thisNoAlignAttr -clang-vendor-feature\=+thisNoNullAttr -clang-vendor-feature\=+disableAtImportPrivateFrameworkInImplementationError -O2 -fcommon -fno-sanitize-address-use-odr-indicator -fno-sanitize-memory-param-retval -fmerge-all-constants -fno-verbose-asm -fregister-global-dtors-with-atexit -fno-use-init-array -funique-basic-block-section-names -dwarf-version\=4 -debugger-tuning\=lldb -llvm-verify-each -dwarf-ext-refs -no-struct-path-tbaa -fexperimental-assignment-tracking\=disabled -no-enable-noundef-analysis -stack-protector-buffer-size 0 -finline-functions -debug-info-kind\=standalone -Os -fno-unroll-loops -fdiagnostics-hotness-threshold\=0 -fdiagnostics-misexpect-tolerance\=0 -fno-split-cold-code -D __GCC_HAVE_DWARF2_CFI_ASM\=1 -MT moduledependenciestarget -dependency-file /Users/runner/Library/Developer/Xcode/DerivedData/idownloadd-buyibqeibzuaejeouuwsxitpvtst/Build/Intermediates.noindex/ArchiveIntermediates/idownloadd/IntermediateBuildFilesPath/ExplicitPrecompiledModules/_Builtin_stdbool-7WFJALECAZXT3UZ8V1IGX0REG.d -skip-unused-modulemap-deps

PrecompileModule /Users/runner/Library/Developer/Xcode/DerivedData/idownloadd-buyibqeibzuaejeouuwsxitpvtst/Build/Intermediates.noindex/ArchiveIntermediates/idownloadd/IntermediateBuildFilesPath/ExplicitPrecompiledModules/_Builtin_iso646-1TL72I0GZ139ELLOYHJOZPJXM.scan
    cd /Users/runner/work/dopamine-extended/dopamine-extended/Dopamine/BaseBin/idownloadd/src
    builtin-precompileModule /Users/runner/Library/Developer/Xcode/DerivedData/idownloadd-buyibqeibzuaejeouuwsxitpvtst/Build/Intermediates.noindex/ArchiveIntermediates/idownloadd/IntermediateBuildFilesPath/ExplicitPrecompiledModules/_Builtin_iso646-1TL72I0GZ139ELLOYHJOZPJXM.scan
/Applications/Xcode_16.2.app/Contents/Developer/Toolchains/XcodeDefault.xctoolchain/usr/bin/clang -cc1 -fdiagnostics-show-note-include-stack -fmacro-backtrace-limit\=0 -ferror-limit 19 -serialize-diagnostic-file /Users/runner/Library/Developer/Xcode/DerivedData/idownloadd-buyibqeibzuaejeouuwsxitpvtst/Build/Intermediates.noindex/ArchiveIntermediates/idownloadd/IntermediateBuildFilesPath/ExplicitPrecompiledModules/_Builtin_iso646-1TL72I0GZ139ELLOYHJOZPJXM.dia -fsystem-module -o /Users/runner/Library/Developer/Xcode/DerivedData/idownloadd-buyibqeibzuaejeouuwsxitpvtst/Build/Intermediates.noindex/ArchiveIntermediates/idownloadd/IntermediateBuildFilesPath/ExplicitPrecompiledModules/_Builtin_iso646-1TL72I0GZ139ELLOYHJOZPJXM.pcm -disable-free -emit-module -x c /Applications/Xcode_16.2.app/Contents/Developer/Toolchains/XcodeDefault.xctoolchain/usr/lib/clang/16/include/module.modulemap -target-abi darwinpcs -target-cpu apple-a7 -target-feature +v8a -target-feature +aes -target-feature +fp-armv8 -target-feature +sha2 -target-feature +neon -target-feature +zcm -target-feature +zcz -triple arm64-apple-ios15.0.0 -target-linker-version 1115.7.3 -target-sdk-version\=18.2 -fmodules-validate-system-headers -fno-modules-prune-non-affecting-module-map-files -fno-modulemap-allow-subdirectory-search -isysroot /Applications/Xcode_16.2.app/Contents/Developer/Platforms/iPhoneOS.platform/Developer/SDKs/iPhoneOS18.2.sdk -resource-dir /Applications/Xcode_16.2.app/Contents/Developer/Toolchains/XcodeDefault.xctoolchain/usr/lib/clang/16 -fmodule-format\=obj -ivfsstatcache /Users/runner/Library/Developer/Xcode/DerivedData/SDKStatCaches.noindex/iphoneos18.2-22C146-6f6929c68f51360d5ca70a73a7e0c2f9.sdkstatcache -std\=gnu11 -fmodules -fmodule-name\=_Builtin_iso646 -fmodules-search-all -fno-implicit-modules -fmax-type-align\=16 -fstack-check -mdarwin-stkchk-strong-link -fno-odr-hash-protocols -pic-level 2 -disable-objc-default-synthesize-properties -stack-protector 1 -fgnuc-version\=4.2.1 -fblocks -ffp-contract\=off -fclang-abi-compat\=4.0 -fno-experimental-relative-c++-abi-vtables -fno-file-reproducible -clang-vendor-feature\=+disableNonDependentMemberExprInCurrentInstantiation -clang-vendor-feature\=+enableAggressiveVLAFolding -clang-vendor-feature\=+revert09abecef7bbf -clang-vendor-feature\=+thisNoAlignAttr -clang-vendor-feature\=+thisNoNullAttr -clang-vendor-feature\=+disableAtImportPrivateFrameworkInImplementationError -O2 -fcommon -fno-sanitize-address-use-odr-indicator -fno-sanitize-memory-param-retval -fmerge-all-constants -fno-verbose-asm -fregister-global-dtors-with-atexit -fno-use-init-array -funique-basic-block-section-names -dwarf-version\=4 -debugger-tuning\=lldb -llvm-verify-each -dwarf-ext-refs -no-struct-path-tbaa -fexperimental-assignment-tracking\=disabled -no-enable-noundef-analysis -stack-protector-buffer-size 0 -finline-functions -debug-info-kind\=standalone -Os -fno-unroll-loops -fdiagnostics-hotness-threshold\=0 -fdiagnostics-misexpect-tolerance\=0 -fno-split-cold-code -D __GCC_HAVE_DWARF2_CFI_ASM\=1 -MT moduledependenciestarget -dependency-file /Users/runner/Library/Developer/Xcode/DerivedData/idownloadd-buyibqeibzuaejeouuwsxitpvtst/Build/Intermediates.noindex/ArchiveIntermediates/idownloadd/IntermediateBuildFilesPath/ExplicitPrecompiledModules/_Builtin_iso646-1TL72I0GZ139ELLOYHJOZPJXM.d -skip-unused-modulemap-deps

PrecompileModule /Users/runner/Library/Developer/Xcode/DerivedData/idownloadd-buyibqeibzuaejeouuwsxitpvtst/Build/Intermediates.noindex/ArchiveIntermediates/idownloadd/IntermediateBuildFilesPath/ExplicitPrecompiledModules/_Builtin_stddef-4DDFN0QOMUUWZWGJG3KUVJ4JM.scan
    cd /Users/runner/work/dopamine-extended/dopamine-extended/Dopamine/BaseBin/idownloadd/src
    builtin-precompileModule /Users/runner/Library/Developer/Xcode/DerivedData/idownloadd-buyibqeibzuaejeouuwsxitpvtst/Build/Intermediates.noindex/ArchiveIntermediates/idownloadd/IntermediateBuildFilesPath/ExplicitPrecompiledModules/_Builtin_stddef-4DDFN0QOMUUWZWGJG3KUVJ4JM.scan
/Applications/Xcode_16.2.app/Contents/Developer/Toolchains/XcodeDefault.xctoolchain/usr/bin/clang -cc1 -fdiagnostics-show-note-include-stack -fmacro-backtrace-limit\=0 -ferror-limit 19 -serialize-diagnostic-file /Users/runner/Library/Developer/Xcode/DerivedData/idownloadd-buyibqeibzuaejeouuwsxitpvtst/Build/Intermediates.noindex/ArchiveIntermediates/idownloadd/IntermediateBuildFilesPath/ExplicitPrecompiledModules/_Builtin_stddef-4DDFN0QOMUUWZWGJG3KUVJ4JM.dia -fsystem-module -o /Users/runner/Library/Developer/Xcode/DerivedData/idownloadd-buyibqeibzuaejeouuwsxitpvtst/Build/Intermediates.noindex/ArchiveIntermediates/idownloadd/IntermediateBuildFilesPath/ExplicitPrecompiledModules/_Builtin_stddef-4DDFN0QOMUUWZWGJG3KUVJ4JM.pcm -disable-free -emit-module -x c /Applications/Xcode_16.2.app/Contents/Developer/Toolchains/XcodeDefault.xctoolchain/usr/lib/clang/16/include/module.modulemap -target-abi darwinpcs -target-cpu apple-a7 -target-feature +v8a -target-feature +aes -target-feature +fp-armv8 -target-feature +sha2 -target-feature +neon -target-feature +zcm -target-feature +zcz -triple arm64-apple-ios15.0.0 -target-linker-version 1115.7.3 -target-sdk-version\=18.2 -fmodules-validate-system-headers -fno-modules-prune-non-affecting-module-map-files -fno-modulemap-allow-subdirectory-search -isysroot /Applications/Xcode_16.2.app/Contents/Developer/Platforms/iPhoneOS.platform/Developer/SDKs/iPhoneOS18.2.sdk -resource-dir /Applications/Xcode_16.2.app/Contents/Developer/Toolchains/XcodeDefault.xctoolchain/usr/lib/clang/16 -fmodule-format\=obj -ivfsstatcache /Users/runner/Library/Developer/Xcode/DerivedData/SDKStatCaches.noindex/iphoneos18.2-22C146-6f6929c68f51360d5ca70a73a7e0c2f9.sdkstatcache -std\=gnu11 -fmodules -fmodule-name\=_Builtin_stddef -fmodules-search-all -fno-implicit-modules -fmax-type-align\=16 -fstack-check -mdarwin-stkchk-strong-link -fno-odr-hash-protocols -pic-level 2 -disable-objc-default-synthesize-properties -stack-protector 1 -fgnuc-version\=4.2.1 -fblocks -ffp-contract\=off -fclang-abi-compat\=4.0 -fno-experimental-relative-c++-abi-vtables -fno-file-reproducible -clang-vendor-feature\=+disableNonDependentMemberExprInCurrentInstantiation -clang-vendor-feature\=+enableAggressiveVLAFolding -clang-vendor-feature\=+revert09abecef7bbf -clang-vendor-feature\=+thisNoAlignAttr -clang-vendor-feature\=+thisNoNullAttr -clang-vendor-feature\=+disableAtImportPrivateFrameworkInImplementationError -O2 -fcommon -fno-sanitize-address-use-odr-indicator -fno-sanitize-memory-param-retval -fmerge-all-constants -fno-verbose-asm -fregister-global-dtors-with-atexit -fno-use-init-array -funique-basic-block-section-names -dwarf-version\=4 -debugger-tuning\=lldb -llvm-verify-each -dwarf-ext-refs -no-struct-path-tbaa -fexperimental-assignment-tracking\=disabled -no-enable-noundef-analysis -stack-protector-buffer-size 0 -finline-functions -debug-info-kind\=standalone -Os -fno-unroll-loops -fdiagnostics-hotness-threshold\=0 -fdiagnostics-misexpect-tolerance\=0 -fno-split-cold-code -D __GCC_HAVE_DWARF2_CFI_ASM\=1 -MT moduledependenciestarget -dependency-file /Users/runner/Library/Developer/Xcode/DerivedData/idownloadd-buyibqeibzuaejeouuwsxitpvtst/Build/Intermediates.noindex/ArchiveIntermediates/idownloadd/IntermediateBuildFilesPath/ExplicitPrecompiledModules/_Builtin_stddef-4DDFN0QOMUUWZWGJG3KUVJ4JM.d -skip-unused-modulemap-deps

PrecompileModule /Users/runner/Library/Developer/Xcode/DerivedData/idownloadd-buyibqeibzuaejeouuwsxitpvtst/Build/Intermediates.noindex/ArchiveIntermediates/idownloadd/IntermediateBuildFilesPath/ExplicitPrecompiledModules/os_availability_internal-68HPQMMJ07Y4681FNFUC1N8FI.scan
    cd /Users/runner/work/dopamine-extended/dopamine-extended/Dopamine/BaseBin/idownloadd/src
    builtin-precompileModule /Users/runner/Library/Developer/Xcode/DerivedData/idownloadd-buyibqeibzuaejeouuwsxitpvtst/Build/Intermediates.noindex/ArchiveIntermediates/idownloadd/IntermediateBuildFilesPath/ExplicitPrecompiledModules/os_availability_internal-68HPQMMJ07Y4681FNFUC1N8FI.scan
/Applications/Xcode_16.2.app/Contents/Developer/Toolchains/XcodeDefault.xctoolchain/usr/bin/clang -cc1 -fdiagnostics-show-note-include-stack -fmacro-backtrace-limit\=0 -ferror-limit 19 -serialize-diagnostic-file /Users/runner/Library/Developer/Xcode/DerivedData/idownloadd-buyibqeibzuaejeouuwsxitpvtst/Build/Intermediates.noindex/ArchiveIntermediates/idownloadd/IntermediateBuildFilesPath/ExplicitPrecompiledModules/os_availability_internal-68HPQMMJ07Y4681FNFUC1N8FI.dia -fsystem-module -o /Users/runner/Library/Developer/Xcode/DerivedData/idownloadd-buyibqeibzuaejeouuwsxitpvtst/Build/Intermediates.noindex/ArchiveIntermediates/idownloadd/IntermediateBuildFilesPath/ExplicitPrecompiledModules/os_availability_internal-68HPQMMJ07Y4681FNFUC1N8FI.pcm -disable-free -emit-module -x c /Applications/Xcode_16.2.app/Contents/Developer/Platforms/iPhoneOS.platform/Developer/SDKs/iPhoneOS.sdk/usr/include/os_availability.modulemap -target-abi darwinpcs -target-cpu apple-a7 -target-feature +v8a -target-feature +aes -target-feature +fp-armv8 -target-feature +sha2 -target-feature +neon -target-feature +zcm -target-feature +zcz -triple arm64-apple-ios15.0.0 -target-linker-version 1115.7.3 -target-sdk-version\=18.2 -fmodules-validate-system-headers -fno-modules-prune-non-affecting-module-map-files -fno-modulemap-allow-subdirectory-search -isysroot /Applications/Xcode_16.2.app/Contents/Developer/Platforms/iPhoneOS.platform/Developer/SDKs/iPhoneOS18.2.sdk -resource-dir /Applications/Xcode_16.2.app/Contents/Developer/Toolchains/XcodeDefault.xctoolchain/usr/lib/clang/16 -fmodule-format\=obj -internal-externc-isystem /Applications/Xcode_16.2.app/Contents/Developer/Platforms/iPhoneOS.platform/Developer/SDKs/iPhoneOS18.2.sdk/usr/include -ivfsstatcache /Users/runner/Library/Developer/Xcode/DerivedData/SDKStatCaches.noindex/iphoneos18.2-22C146-6f6929c68f51360d5ca70a73a7e0c2f9.sdkstatcache -std\=gnu11 -fmodules -fmodule-name\=os_availability_internal -fmodules-search-all -fno-implicit-modules -fmax-type-align\=16 -fstack-check -mdarwin-stkchk-strong-link -fno-odr-hash-protocols -pic-level 2 -disable-objc-default-synthesize-properties -stack-protector 1 -fgnuc-version\=4.2.1 -fblocks -ffp-contract\=off -fclang-abi-compat\=4.0 -fno-experimental-relative-c++-abi-vtables -fno-file-reproducible -clang-vendor-feature\=+disableNonDependentMemberExprInCurrentInstantiation -clang-vendor-feature\=+enableAggressiveVLAFolding -clang-vendor-feature\=+revert09abecef7bbf -clang-vendor-feature\=+thisNoAlignAttr -clang-vendor-feature\=+thisNoNullAttr -clang-vendor-feature\=+disableAtImportPrivateFrameworkInImplementationError -O2 -fcommon -fno-sanitize-address-use-odr-indicator -fno-sanitize-memory-param-retval -fmerge-all-constants -fno-verbose-asm -fregister-global-dtors-with-atexit -fno-use-init-array -funique-basic-block-section-names -dwarf-version\=4 -debugger-tuning\=lldb -llvm-verify-each -dwarf-ext-refs -no-struct-path-tbaa -fexperimental-assignment-tracking\=disabled -no-enable-noundef-analysis -stack-protector-buffer-size 0 -finline-functions -debug-info-kind\=standalone -Os -fno-unroll-loops -fdiagnostics-hotness-threshold\=0 -fdiagnostics-misexpect-tolerance\=0 -fno-split-cold-code -D __GCC_HAVE_DWARF2_CFI_ASM\=1 -MT moduledependenciestarget -dependency-file /Users/runner/Library/Developer/Xcode/DerivedData/idownloadd-buyibqeibzuaejeouuwsxitpvtst/Build/Intermediates.noindex/ArchiveIntermediates/idownloadd/IntermediateBuildFilesPath/ExplicitPrecompiledModules/os_availability_internal-68HPQMMJ07Y4681FNFUC1N8FI.d -skip-unused-modulemap-deps

PrecompileModule /Users/runner/Library/Developer/Xcode/DerivedData/idownloadd-buyibqeibzuaejeouuwsxitpvtst/Build/Intermediates.noindex/ArchiveIntermediates/idownloadd/IntermediateBuildFilesPath/ExplicitPrecompiledModules/_float-SOJSN6VMNIBC2TKRPIHTHJW3.scan
    cd /Users/runner/work/dopamine-extended/dopamine-extended/Dopamine/BaseBin/idownloadd/src
    builtin-precompileModule /Users/runner/Library/Developer/Xcode/DerivedData/idownloadd-buyibqeibzuaejeouuwsxitpvtst/Build/Intermediates.noindex/ArchiveIntermediates/idownloadd/IntermediateBuildFilesPath/ExplicitPrecompiledModules/_float-SOJSN6VMNIBC2TKRPIHTHJW3.scan
/Applications/Xcode_16.2.app/Contents/Developer/Toolchains/XcodeDefault.xctoolchain/usr/bin/clang -cc1 -fdiagnostics-show-note-include-stack -fmacro-backtrace-limit\=0 -ferror-limit 19 -serialize-diagnostic-file /Users/runner/Library/Developer/Xcode/DerivedData/idownloadd-buyibqeibzuaejeouuwsxitpvtst/Build/Intermediates.noindex/ArchiveIntermediates/idownloadd/IntermediateBuildFilesPath/ExplicitPrecompiledModules/_float-SOJSN6VMNIBC2TKRPIHTHJW3.dia -fsystem-module -o /Users/runner/Library/Developer/Xcode/DerivedData/idownloadd-buyibqeibzuaejeouuwsxitpvtst/Build/Intermediates.noindex/ArchiveIntermediates/idownloadd/IntermediateBuildFilesPath/ExplicitPrecompiledModules/_float-SOJSN6VMNIBC2TKRPIHTHJW3.pcm -disable-free -emit-module -x c /Applications/Xcode_16.2.app/Contents/Developer/Platforms/iPhoneOS.platform/Developer/SDKs/iPhoneOS.sdk/usr/include/c_standard_library.modulemap -target-abi darwinpcs -target-cpu apple-a7 -target-feature +v8a -target-feature +aes -target-feature +fp-armv8 -target-feature +sha2 -target-feature +neon -target-feature +zcm -target-feature +zcz -triple arm64-apple-ios15.0.0 -target-linker-version 1115.7.3 -target-sdk-version\=18.2 -fmodules-validate-system-headers -fno-modules-prune-non-affecting-module-map-files -fno-modulemap-allow-subdirectory-search -isysroot /Applications/Xcode_16.2.app/Contents/Developer/Platforms/iPhoneOS.platform/Developer/SDKs/iPhoneOS18.2.sdk -resource-dir /Applications/Xcode_16.2.app/Contents/Developer/Toolchains/XcodeDefault.xctoolchain/usr/lib/clang/16 -fmodule-format\=obj -ivfsstatcache /Users/runner/Library/Developer/Xcode/DerivedData/SDKStatCaches.noindex/iphoneos18.2-22C146-6f6929c68f51360d5ca70a73a7e0c2f9.sdkstatcache -std\=gnu11 -fmodules -fmodule-name\=_float -fmodules-search-all -fno-implicit-modules -fmax-type-align\=16 -fstack-check -mdarwin-stkchk-strong-link -fno-odr-hash-protocols -pic-level 2 -disable-objc-default-synthesize-properties -stack-protector 1 -fgnuc-version\=4.2.1 -fblocks -ffp-contract\=off -fclang-abi-compat\=4.0 -fno-experimental-relative-c++-abi-vtables -fno-file-reproducible -clang-vendor-feature\=+disableNonDependentMemberExprInCurrentInstantiation -clang-vendor-feature\=+enableAggressiveVLAFolding -clang-vendor-feature\=+revert09abecef7bbf -clang-vendor-feature\=+thisNoAlignAttr -clang-vendor-feature\=+thisNoNullAttr -clang-vendor-feature\=+disableAtImportPrivateFrameworkInImplementationError -O2 -fcommon -fno-sanitize-address-use-odr-indicator -fno-sanitize-memory-param-retval -fmerge-all-constants -fno-verbose-asm -fregister-global-dtors-with-atexit -fno-use-init-array -funique-basic-block-section-names -dwarf-version\=4 -debugger-tuning\=lldb -llvm-verify-each -dwarf-ext-refs -no-struct-path-tbaa -fexperimental-assignment-tracking\=disabled -no-enable-noundef-analysis -stack-protector-buffer-size 0 -finline-functions -debug-info-kind\=standalone -Os -fno-unroll-loops -fdiagnostics-hotness-threshold\=0 -fdiagnostics-misexpect-tolerance\=0 -fno-split-cold-code -D __GCC_HAVE_DWARF2_CFI_ASM\=1 -MT moduledependenciestarget -dependency-file /Users/runner/Library/Developer/Xcode/DerivedData/idownloadd-buyibqeibzuaejeouuwsxitpvtst/Build/Intermediates.noindex/ArchiveIntermediates/idownloadd/IntermediateBuildFilesPath/ExplicitPrecompiledModules/_float-SOJSN6VMNIBC2TKRPIHTHJW3.d -skip-unused-modulemap-deps

PrecompileModule /Users/runner/Library/Developer/Xcode/DerivedData/idownloadd-buyibqeibzuaejeouuwsxitpvtst/Build/Intermediates.noindex/ArchiveIntermediates/idownloadd/IntermediateBuildFilesPath/ExplicitPrecompiledModules/_Builtin_float-23X3F0272L4QQ0GOYXDF8YK7Q.scan
    cd /Users/runner/work/dopamine-extended/dopamine-extended/Dopamine/BaseBin/idownloadd/src
    builtin-precompileModule /Users/runner/Library/Developer/Xcode/DerivedData/idownloadd-buyibqeibzuaejeouuwsxitpvtst/Build/Intermediates.noindex/ArchiveIntermediates/idownloadd/IntermediateBuildFilesPath/ExplicitPrecompiledModules/_Builtin_float-23X3F0272L4QQ0GOYXDF8YK7Q.scan
/Applications/Xcode_16.2.app/Contents/Developer/Toolchains/XcodeDefault.xctoolchain/usr/bin/clang -cc1 -fdiagnostics-show-note-include-stack -fmacro-backtrace-limit\=0 -ferror-limit 19 -serialize-diagnostic-file /Users/runner/Library/Developer/Xcode/DerivedData/idownloadd-buyibqeibzuaejeouuwsxitpvtst/Build/Intermediates.noindex/ArchiveIntermediates/idownloadd/IntermediateBuildFilesPath/ExplicitPrecompiledModules/_Builtin_float-23X3F0272L4QQ0GOYXDF8YK7Q.dia -fsystem-module -fmodule-map-file\=/Applications/Xcode_16.2.app/Contents/Developer/Platforms/iPhoneOS.platform/Developer/SDKs/iPhoneOS18.2.sdk/usr/include/c_standard_library.modulemap -o /Users/runner/Library/Developer/Xcode/DerivedData/idownloadd-buyibqeibzuaejeouuwsxitpvtst/Build/Intermediates.noindex/ArchiveIntermediates/idownloadd/IntermediateBuildFilesPath/ExplicitPrecompiledModules/_Builtin_float-23X3F0272L4QQ0GOYXDF8YK7Q.pcm -disable-free -emit-module -x c /Applications/Xcode_16.2.app/Contents/Developer/Toolchains/XcodeDefault.xctoolchain/usr/lib/clang/16/include/module.modulemap -target-abi darwinpcs -target-cpu apple-a7 -target-feature +v8a -target-feature +aes -target-feature +fp-armv8 -target-feature +sha2 -target-feature +neon -target-feature +zcm -target-feature +zcz -triple arm64-apple-ios15.0.0 -target-linker-version 1115.7.3 -target-sdk-version\=18.2 -fmodules-validate-system-headers -fno-modules-prune-non-affecting-module-map-files -fno-modulemap-allow-subdirectory-search -isysroot /Applications/Xcode_16.2.app/Contents/Developer/Platforms/iPhoneOS.platform/Developer/SDKs/iPhoneOS18.2.sdk -resource-dir /Applications/Xcode_16.2.app/Contents/Developer/Toolchains/XcodeDefault.xctoolchain/usr/lib/clang/16 -fmodule-format\=obj -fmodule-file\=_float\=/Users/runner/Library/Developer/Xcode/DerivedData/idownloadd-buyibqeibzuaejeouuwsxitpvtst/Build/Intermediates.noindex/ArchiveIntermediates/idownloadd/IntermediateBuildFilesPath/ExplicitPrecompiledModules/_float-SOJSN6VMNIBC2TKRPIHTHJW3.pcm -isystem /Applications/Xcode_16.2.app/Contents/Developer/Toolchains/XcodeDefault.xctoolchain/usr/lib/clang/16/include -internal-externc-isystem /Applications/Xcode_16.2.app/Contents/Developer/Platforms/iPhoneOS.platform/Developer/SDKs/iPhoneOS18.2.sdk/usr/include -ivfsstatcache /Users/runner/Library/Developer/Xcode/DerivedData/SDKStatCaches.noindex/iphoneos18.2-22C146-6f6929c68f51360d5ca70a73a7e0c2f9.sdkstatcache -std\=gnu11 -fmodules -fmodule-name\=_Builtin_float -fmodules-search-all -fno-implicit-modules -fmax-type-align\=16 -fstack-check -mdarwin-stkchk-strong-link -fno-odr-hash-protocols -pic-level 2 -disable-objc-default-synthesize-properties -stack-protector 1 -fgnuc-version\=4.2.1 -fblocks -ffp-contract\=off -fclang-abi-compat\=4.0 -fno-experimental-relative-c++-abi-vtables -fno-file-reproducible -clang-vendor-feature\=+disableNonDependentMemberExprInCurrentInstantiation -clang-vendor-feature\=+enableAggressiveVLAFolding -clang-vendor-feature\=+revert09abecef7bbf -clang-vendor-feature\=+thisNoAlignAttr -clang-vendor-feature\=+thisNoNullAttr -clang-vendor-feature\=+disableAtImportPrivateFrameworkInImplementationError -O2 -fcommon -fno-sanitize-address-use-odr-indicator -fno-sanitize-memory-param-retval -fmerge-all-constants -fno-verbose-asm -fregister-global-dtors-with-atexit -fno-use-init-array -funique-basic-block-section-names -dwarf-version\=4 -debugger-tuning\=lldb -llvm-verify-each -dwarf-ext-refs -no-struct-path-tbaa -fexperimental-assignment-tracking\=disabled -no-enable-noundef-analysis -stack-protector-buffer-size 0 -finline-functions -debug-info-kind\=standalone -Os -fno-unroll-loops -fdiagnostics-hotness-threshold\=0 -fdiagnostics-misexpect-tolerance\=0 -fno-split-cold-code -D __GCC_HAVE_DWARF2_CFI_ASM\=1 -MT moduledependenciestarget -dependency-file /Users/runner/Library/Developer/Xcode/DerivedData/idownloadd-buyibqeibzuaejeouuwsxitpvtst/Build/Intermediates.noindex/ArchiveIntermediates/idownloadd/IntermediateBuildFilesPath/ExplicitPrecompiledModules/_Builtin_float-23X3F0272L4QQ0GOYXDF8YK7Q.d -skip-unused-modulemap-deps

PrecompileModule /Users/runner/Library/Developer/Xcode/DerivedData/idownloadd-buyibqeibzuaejeouuwsxitpvtst/Build/Intermediates.noindex/ArchiveIntermediates/idownloadd/IntermediateBuildFilesPath/ExplicitPrecompiledModules/os_availability-8QAK4H1NV59LBT8PA90U4FAD4.scan
    cd /Users/runner/work/dopamine-extended/dopamine-extended/Dopamine/BaseBin/idownloadd/src
    builtin-precompileModule /Users/runner/Library/Developer/Xcode/DerivedData/idownloadd-buyibqeibzuaejeouuwsxitpvtst/Build/Intermediates.noindex/ArchiveIntermediates/idownloadd/IntermediateBuildFilesPath/ExplicitPrecompiledModules/os_availability-8QAK4H1NV59LBT8PA90U4FAD4.scan
/Applications/Xcode_16.2.app/Contents/Developer/Toolchains/XcodeDefault.xctoolchain/usr/bin/clang -cc1 -fdiagnostics-show-note-include-stack -fmacro-backtrace-limit\=0 -ferror-limit 19 -serialize-diagnostic-file /Users/runner/Library/Developer/Xcode/DerivedData/idownloadd-buyibqeibzuaejeouuwsxitpvtst/Build/Intermediates.noindex/ArchiveIntermediates/idownloadd/IntermediateBuildFilesPath/ExplicitPrecompiledModules/os_availability-8QAK4H1NV59LBT8PA90U4FAD4.dia -fsystem-module -fmodule-map-file\=/Applications/Xcode_16.2.app/Contents/Developer/Platforms/iPhoneOS.platform/Developer/SDKs/iPhoneOS18.2.sdk/usr/include/os_availability.modulemap -o /Users/runner/Library/Developer/Xcode/DerivedData/idownloadd-buyibqeibzuaejeouuwsxitpvtst/Build/Intermediates.noindex/ArchiveIntermediates/idownloadd/IntermediateBuildFilesPath/ExplicitPrecompiledModules/os_availability-8QAK4H1NV59LBT8PA90U4FAD4.pcm -disable-free -emit-module -x c /Applications/Xcode_16.2.app/Contents/Developer/Platforms/iPhoneOS.platform/Developer/SDKs/iPhoneOS.sdk/usr/include/os_availability.modulemap -target-abi darwinpcs -target-cpu apple-a7 -target-feature +v8a -target-feature +aes -target-feature +fp-armv8 -target-feature +sha2 -target-feature +neon -target-feature +zcm -target-feature +zcz -triple arm64-apple-ios15.0.0 -target-linker-version 1115.7.3 -target-sdk-version\=18.2 -fmodules-validate-system-headers -fno-modules-prune-non-affecting-module-map-files -fno-modulemap-allow-subdirectory-search -isysroot /Applications/Xcode_16.2.app/Contents/Developer/Platforms/iPhoneOS.platform/Developer/SDKs/iPhoneOS18.2.sdk -resource-dir /Applications/Xcode_16.2.app/Contents/Developer/Toolchains/XcodeDefault.xctoolchain/usr/lib/clang/16 -fmodule-format\=obj -fmodule-file\=os_availability_internal\=/Users/runner/Library/Developer/Xcode/DerivedData/idownloadd-buyibqeibzuaejeouuwsxitpvtst/Build/Intermediates.noindex/ArchiveIntermediates/idownloadd/IntermediateBuildFilesPath/ExplicitPrecompiledModules/os_availability_internal-68HPQMMJ07Y4681FNFUC1N8FI.pcm -internal-externc-isystem /Applications/Xcode_16.2.app/Contents/Developer/Platforms/iPhoneOS.platform/Developer/SDKs/iPhoneOS18.2.sdk/usr/include -ivfsstatcache /Users/runner/Library/Developer/Xcode/DerivedData/SDKStatCaches.noindex/iphoneos18.2-22C146-6f6929c68f51360d5ca70a73a7e0c2f9.sdkstatcache -std\=gnu11 -fmodules -fmodule-name\=os_availability -fmodules-search-all -fno-implicit-modules -fmax-type-align\=16 -fstack-check -mdarwin-stkchk-strong-link -fno-odr-hash-protocols -pic-level 2 -disable-objc-default-synthesize-properties -stack-protector 1 -fgnuc-version\=4.2.1 -fblocks -ffp-contract\=off -fclang-abi-compat\=4.0 -fno-experimental-relative-c++-abi-vtables -fno-file-reproducible -clang-vendor-feature\=+disableNonDependentMemberExprInCurrentInstantiation -clang-vendor-feature\=+enableAggressiveVLAFolding -clang-vendor-feature\=+revert09abecef7bbf -clang-vendor-feature\=+thisNoAlignAttr -clang-vendor-feature\=+thisNoNullAttr -clang-vendor-feature\=+disableAtImportPrivateFrameworkInImplementationError -O2 -fcommon -fno-sanitize-address-use-odr-indicator -fno-sanitize-memory-param-retval -fmerge-all-constants -fno-verbose-asm -fregister-global-dtors-with-atexit -fno-use-init-array -funique-basic-block-section-names -dwarf-version\=4 -debugger-tuning\=lldb -llvm-verify-each -dwarf-ext-refs -no-struct-path-tbaa -fexperimental-assignment-tracking\=disabled -no-enable-noundef-analysis -stack-protector-buffer-size 0 -finline-functions -debug-info-kind\=standalone -Os -fno-unroll-loops -fdiagnostics-hotness-threshold\=0 -fdiagnostics-misexpect-tolerance\=0 -fno-split-cold-code -D __GCC_HAVE_DWARF2_CFI_ASM\=1 -MT moduledependenciestarget -dependency-file /Users/runner/Library/Developer/Xcode/DerivedData/idownloadd-buyibqeibzuaejeouuwsxitpvtst/Build/Intermediates.noindex/ArchiveIntermediates/idownloadd/IntermediateBuildFilesPath/ExplicitPrecompiledModules/os_availability-8QAK4H1NV59LBT8PA90U4FAD4.d -skip-unused-modulemap-deps

PrecompileModule /Users/runner/Library/Developer/Xcode/DerivedData/idownloadd-buyibqeibzuaejeouuwsxitpvtst/Build/Intermediates.noindex/ArchiveIntermediates/idownloadd/IntermediateBuildFilesPath/ExplicitPrecompiledModules/DarwinFoundation-BS732VSG5ERO13MLOL3IHMHDZ.scan
    cd /Users/runner/work/dopamine-extended/dopamine-extended/Dopamine/BaseBin/idownloadd/src
    builtin-precompileModule /Users/runner/Library/Developer/Xcode/DerivedData/idownloadd-buyibqeibzuaejeouuwsxitpvtst/Build/Intermediates.noindex/ArchiveIntermediates/idownloadd/IntermediateBuildFilesPath/ExplicitPrecompiledModules/DarwinFoundation-BS732VSG5ERO13MLOL3IHMHDZ.scan
/Applications/Xcode_16.2.app/Contents/Developer/Toolchains/XcodeDefault.xctoolchain/usr/bin/clang -cc1 -fdiagnostics-show-note-include-stack -fmacro-backtrace-limit\=0 -ferror-limit 19 -serialize-diagnostic-file /Users/runner/Library/Developer/Xcode/DerivedData/idownloadd-buyibqeibzuaejeouuwsxitpvtst/Build/Intermediates.noindex/ArchiveIntermediates/idownloadd/IntermediateBuildFilesPath/ExplicitPrecompiledModules/DarwinFoundation-BS732VSG5ERO13MLOL3IHMHDZ.dia -fsystem-module -fmodule-map-file\=/Applications/Xcode_16.2.app/Contents/Developer/Platforms/iPhoneOS.platform/Developer/SDKs/iPhoneOS18.2.sdk/usr/include/os_availability.modulemap -fmodule-map-file\=/Applications/Xcode_16.2.app/Contents/Developer/Toolchains/XcodeDefault.xctoolchain/usr/lib/clang/16/include/module.modulemap -o /Users/runner/Library/Developer/Xcode/DerivedData/idownloadd-buyibqeibzuaejeouuwsxitpvtst/Build/Intermediates.noindex/ArchiveIntermediates/idownloadd/IntermediateBuildFilesPath/ExplicitPrecompiledModules/DarwinFoundation-BS732VSG5ERO13MLOL3IHMHDZ.pcm -disable-free -emit-module -x c /Applications/Xcode_16.2.app/Contents/Developer/Platforms/iPhoneOS.platform/Developer/SDKs/iPhoneOS.sdk/usr/include/DarwinFoundation.modulemap -target-abi darwinpcs -target-cpu apple-a7 -target-feature +v8a -target-feature +aes -target-feature +fp-armv8 -target-feature +sha2 -target-feature +neon -target-feature +zcm -target-feature +zcz -triple arm64-apple-ios15.0.0 -target-linker-version 1115.7.3 -target-sdk-version\=18.2 -fmodules-validate-system-headers -fno-modules-prune-non-affecting-module-map-files -fno-modulemap-allow-subdirectory-search -isysroot /Applications/Xcode_16.2.app/Contents/Developer/Platforms/iPhoneOS.platform/Developer/SDKs/iPhoneOS18.2.sdk -resource-dir /Applications/Xcode_16.2.app/Contents/Developer/Toolchains/XcodeDefault.xctoolchain/usr/lib/clang/16 -fmodule-format\=obj -fmodule-file\=_Builtin_stdarg\=/Users/runner/Library/Developer/Xcode/DerivedData/idownloadd-buyibqeibzuaejeouuwsxitpvtst/Build/Intermediates.noindex/ArchiveIntermediates/idownloadd/IntermediateBuildFilesPath/ExplicitPrecompiledModules/_Builtin_stdarg-85XMVA4EBLUBYQG2S1KBK3OUM.pcm -fmodule-file\=_Builtin_stddef\=/Users/runner/Library/Developer/Xcode/DerivedData/idownloadd-buyibqeibzuaejeouuwsxitpvtst/Build/Intermediates.noindex/ArchiveIntermediates/idownloadd/IntermediateBuildFilesPath/ExplicitPrecompiledModules/_Builtin_stddef-4DDFN0QOMUUWZWGJG3KUVJ4JM.pcm -fmodule-file\=os_availability\=/Users/runner/Library/Developer/Xcode/DerivedData/idownloadd-buyibqeibzuaejeouuwsxitpvtst/Build/Intermediates.noindex/ArchiveIntermediates/idownloadd/IntermediateBuildFilesPath/ExplicitPrecompiledModules/os_availability-8QAK4H1NV59LBT8PA90U4FAD4.pcm -isystem /Applications/Xcode_16.2.app/Contents/Developer/Toolchains/XcodeDefault.xctoolchain/usr/lib/clang/16/include -internal-externc-isystem /Applications/Xcode_16.2.app/Contents/Developer/Platforms/iPhoneOS.platform/Developer/SDKs/iPhoneOS18.2.sdk/usr/include -ivfsstatcache /Users/runner/Library/Developer/Xcode/DerivedData/SDKStatCaches.noindex/iphoneos18.2-22C146-6f6929c68f51360d5ca70a73a7e0c2f9.sdkstatcache -std\=gnu11 -fmodules -fmodule-name\=DarwinFoundation -fmodules-search-all -fno-implicit-modules -fmax-type-align\=16 -fstack-check -mdarwin-stkchk-strong-link -fno-odr-hash-protocols -pic-level 2 -disable-objc-default-synthesize-properties -stack-protector 1 -fgnuc-version\=4.2.1 -fblocks -ffp-contract\=off -fclang-abi-compat\=4.0 -fno-experimental-relative-c++-abi-vtables -fno-file-reproducible -clang-vendor-feature\=+disableNonDependentMemberExprInCurrentInstantiation -clang-vendor-feature\=+enableAggressiveVLAFolding -clang-vendor-feature\=+revert09abecef7bbf -clang-vendor-feature\=+thisNoAlignAttr -clang-vendor-feature\=+thisNoNullAttr -clang-vendor-feature\=+disableAtImportPrivateFrameworkInImplementationError -O2 -fcommon -fno-sanitize-address-use-odr-indicator -fno-sanitize-memory-param-retval -fmerge-all-constants -fno-verbose-asm -fregister-global-dtors-with-atexit -fno-use-init-array -funique-basic-block-section-names -dwarf-version\=4 -debugger-tuning\=lldb -llvm-verify-each -dwarf-ext-refs -no-struct-path-tbaa -fexperimental-assignment-tracking\=disabled -no-enable-noundef-analysis -stack-protector-buffer-size 0 -finline-functions -debug-info-kind\=standalone -Os -fno-unroll-loops -fdiagnostics-hotness-threshold\=0 -fdiagnostics-misexpect-tolerance\=0 -fno-split-cold-code -D __GCC_HAVE_DWARF2_CFI_ASM\=1 -MT moduledependenciestarget -dependency-file /Users/runner/Library/Developer/Xcode/DerivedData/idownloadd-buyibqeibzuaejeouuwsxitpvtst/Build/Intermediates.noindex/ArchiveIntermediates/idownloadd/IntermediateBuildFilesPath/ExplicitPrecompiledModules/DarwinFoundation-BS732VSG5ERO13MLOL3IHMHDZ.d -skip-unused-modulemap-deps

PrecompileModule /Users/runner/Library/Developer/Xcode/DerivedData/idownloadd-buyibqeibzuaejeouuwsxitpvtst/Build/Intermediates.noindex/ArchiveIntermediates/idownloadd/IntermediateBuildFilesPath/ExplicitPrecompiledModules/netinet_in-621YAQBFBS7LWULW7PYAT6SZ3.scan
    cd /Users/runner/work/dopamine-extended/dopamine-extended/Dopamine/BaseBin/idownloadd/src
    builtin-precompileModule /Users/runner/Library/Developer/Xcode/DerivedData/idownloadd-buyibqeibzuaejeouuwsxitpvtst/Build/Intermediates.noindex/ArchiveIntermediates/idownloadd/IntermediateBuildFilesPath/ExplicitPrecompiledModules/netinet_in-621YAQBFBS7LWULW7PYAT6SZ3.scan
/Applications/Xcode_16.2.app/Contents/Developer/Toolchains/XcodeDefault.xctoolchain/usr/bin/clang -cc1 -fdiagnostics-show-note-include-stack -fmacro-backtrace-limit\=0 -ferror-limit 19 -serialize-diagnostic-file /Users/runner/Library/Developer/Xcode/DerivedData/idownloadd-buyibqeibzuaejeouuwsxitpvtst/Build/Intermediates.noindex/ArchiveIntermediates/idownloadd/IntermediateBuildFilesPath/ExplicitPrecompiledModules/netinet_in-621YAQBFBS7LWULW7PYAT6SZ3.dia -fsystem-module -fmodule-map-file\=/Applications/Xcode_16.2.app/Contents/Developer/Platforms/iPhoneOS.platform/Developer/SDKs/iPhoneOS18.2.sdk/usr/include/DarwinFoundation.modulemap -o /Users/runner/Library/Developer/Xcode/DerivedData/idownloadd-buyibqeibzuaejeouuwsxitpvtst/Build/Intermediates.noindex/ArchiveIntermediates/idownloadd/IntermediateBuildFilesPath/ExplicitPrecompiledModules/netinet_in-621YAQBFBS7LWULW7PYAT6SZ3.pcm -disable-free -emit-module -x c /Applications/Xcode_16.2.app/Contents/Developer/Platforms/iPhoneOS.platform/Developer/SDKs/iPhoneOS.sdk/usr/include/DarwinFoundation.modulemap -target-abi darwinpcs -target-cpu apple-a7 -target-feature +v8a -target-feature +aes -target-feature +fp-armv8 -target-feature +sha2 -target-feature +neon -target-feature +zcm -target-feature +zcz -triple arm64-apple-ios15.0.0 -target-linker-version 1115.7.3 -target-sdk-version\=18.2 -fmodules-validate-system-headers -fno-modules-prune-non-affecting-module-map-files -fno-modulemap-allow-subdirectory-search -isysroot /Applications/Xcode_16.2.app/Contents/Developer/Platforms/iPhoneOS.platform/Developer/SDKs/iPhoneOS18.2.sdk -resource-dir /Applications/Xcode_16.2.app/Contents/Developer/Toolchains/XcodeDefault.xctoolchain/usr/lib/clang/16 -fmodule-format\=obj -fmodule-file\=DarwinFoundation\=/Users/runner/Library/Developer/Xcode/DerivedData/idownloadd-buyibqeibzuaejeouuwsxitpvtst/Build/Intermediates.noindex/ArchiveIntermediates/idownloadd/IntermediateBuildFilesPath/ExplicitPrecompiledModules/DarwinFoundation-BS732VSG5ERO13MLOL3IHMHDZ.pcm -isystem /Applications/Xcode_16.2.app/Contents/Developer/Toolchains/XcodeDefault.xctoolchain/usr/lib/clang/16/include -internal-externc-isystem /Applications/Xcode_16.2.app/Contents/Developer/Platforms/iPhoneOS.platform/Developer/SDKs/iPhoneOS18.2.sdk/usr/include -ivfsstatcache /Users/runner/Library/Developer/Xcode/DerivedData/SDKStatCaches.noindex/iphoneos18.2-22C146-6f6929c68f51360d5ca70a73a7e0c2f9.sdkstatcache -std\=gnu11 -fmodules -fmodule-name\=netinet_in -fmodules-search-all -fno-implicit-modules -fmax-type-align\=16 -fstack-check -mdarwin-stkchk-strong-link -fno-odr-hash-protocols -pic-level 2 -disable-objc-default-synthesize-properties -stack-protector 1 -fgnuc-version\=4.2.1 -fblocks -ffp-contract\=off -fclang-abi-compat\=4.0 -fno-experimental-relative-c++-abi-vtables -fno-file-reproducible -clang-vendor-feature\=+disableNonDependentMemberExprInCurrentInstantiation -clang-vendor-feature\=+enableAggressiveVLAFolding -clang-vendor-feature\=+revert09abecef7bbf -clang-vendor-feature\=+thisNoAlignAttr -clang-vendor-feature\=+thisNoNullAttr -clang-vendor-feature\=+disableAtImportPrivateFrameworkInImplementationError -O2 -fcommon -fno-sanitize-address-use-odr-indicator -fno-sanitize-memory-param-retval -fmerge-all-constants -fno-verbose-asm -fregister-global-dtors-with-atexit -fno-use-init-array -funique-basic-block-section-names -dwarf-version\=4 -debugger-tuning\=lldb -llvm-verify-each -dwarf-ext-refs -no-struct-path-tbaa -fexperimental-assignment-tracking\=disabled -no-enable-noundef-analysis -stack-protector-buffer-size 0 -finline-functions -debug-info-kind\=standalone -Os -fno-unroll-loops -fdiagnostics-hotness-threshold\=0 -fdiagnostics-misexpect-tolerance\=0 -fno-split-cold-code -D __GCC_HAVE_DWARF2_CFI_ASM\=1 -MT moduledependenciestarget -dependency-file /Users/runner/Library/Developer/Xcode/DerivedData/idownloadd-buyibqeibzuaejeouuwsxitpvtst/Build/Intermediates.noindex/ArchiveIntermediates/idownloadd/IntermediateBuildFilesPath/ExplicitPrecompiledModules/netinet_in-621YAQBFBS7LWULW7PYAT6SZ3.d -skip-unused-modulemap-deps

PrecompileModule /Users/runner/Library/Developer/Xcode/DerivedData/idownloadd-buyibqeibzuaejeouuwsxitpvtst/Build/Intermediates.noindex/ArchiveIntermediates/idownloadd/IntermediateBuildFilesPath/ExplicitPrecompiledModules/_errno-6B8PAVG0CYFA0L0QTUHFUALVX.scan
    cd /Users/runner/work/dopamine-extended/dopamine-extended/Dopamine/BaseBin/idownloadd/src
    builtin-precompileModule /Users/runner/Library/Developer/Xcode/DerivedData/idownloadd-buyibqeibzuaejeouuwsxitpvtst/Build/Intermediates.noindex/ArchiveIntermediates/idownloadd/IntermediateBuildFilesPath/ExplicitPrecompiledModules/_errno-6B8PAVG0CYFA0L0QTUHFUALVX.scan
/Applications/Xcode_16.2.app/Contents/Developer/Toolchains/XcodeDefault.xctoolchain/usr/bin/clang -cc1 -fdiagnostics-show-note-include-stack -fmacro-backtrace-limit\=0 -ferror-limit 19 -serialize-diagnostic-file /Users/runner/Library/Developer/Xcode/DerivedData/idownloadd-buyibqeibzuaejeouuwsxitpvtst/Build/Intermediates.noindex/ArchiveIntermediates/idownloadd/IntermediateBuildFilesPath/ExplicitPrecompiledModules/_errno-6B8PAVG0CYFA0L0QTUHFUALVX.dia -fsystem-module -fmodule-map-file\=/Applications/Xcode_16.2.app/Contents/Developer/Platforms/iPhoneOS.platform/Developer/SDKs/iPhoneOS18.2.sdk/usr/include/DarwinFoundation.modulemap -o /Users/runner/Library/Developer/Xcode/DerivedData/idownloadd-buyibqeibzuaejeouuwsxitpvtst/Build/Intermediates.noindex/ArchiveIntermediates/idownloadd/IntermediateBuildFilesPath/ExplicitPrecompiledModules/_errno-6B8PAVG0CYFA0L0QTUHFUALVX.pcm -disable-free -emit-module -x c /Applications/Xcode_16.2.app/Contents/Developer/Platforms/iPhoneOS.platform/Developer/SDKs/iPhoneOS.sdk/usr/include/c_standard_library.modulemap -target-abi darwinpcs -target-cpu apple-a7 -target-feature +v8a -target-feature +aes -target-feature +fp-armv8 -target-feature +sha2 -target-feature +neon -target-feature +zcm -target-feature +zcz -triple arm64-apple-ios15.0.0 -target-linker-version 1115.7.3 -target-sdk-version\=18.2 -fmodules-validate-system-headers -fno-modules-prune-non-affecting-module-map-files -fno-modulemap-allow-subdirectory-search -isysroot /Applications/Xcode_16.2.app/Contents/Developer/Platforms/iPhoneOS.platform/Developer/SDKs/iPhoneOS18.2.sdk -resource-dir /Applications/Xcode_16.2.app/Contents/Developer/Toolchains/XcodeDefault.xctoolchain/usr/lib/clang/16 -fmodule-format\=obj -fmodule-file\=DarwinFoundation\=/Users/runner/Library/Developer/Xcode/DerivedData/idownloadd-buyibqeibzuaejeouuwsxitpvtst/Build/Intermediates.noindex/ArchiveIntermediates/idownloadd/IntermediateBuildFilesPath/ExplicitPrecompiledModules/DarwinFoundation-BS732VSG5ERO13MLOL3IHMHDZ.pcm -isystem /Applications/Xcode_16.2.app/Contents/Developer/Toolchains/XcodeDefault.xctoolchain/usr/lib/clang/16/include -internal-externc-isystem /Applications/Xcode_16.2.app/Contents/Developer/Platforms/iPhoneOS.platform/Developer/SDKs/iPhoneOS18.2.sdk/usr/include -ivfsstatcache /Users/runner/Library/Developer/Xcode/DerivedData/SDKStatCaches.noindex/iphoneos18.2-22C146-6f6929c68f51360d5ca70a73a7e0c2f9.sdkstatcache -std\=gnu11 -fmodules -fmodule-name\=_errno -fmodules-search-all -fno-implicit-modules -fmax-type-align\=16 -fstack-check -mdarwin-stkchk-strong-link -fno-odr-hash-protocols -pic-level 2 -disable-objc-default-synthesize-properties -stack-protector 1 -fgnuc-version\=4.2.1 -fblocks -ffp-contract\=off -fclang-abi-compat\=4.0 -fno-experimental-relative-c++-abi-vtables -fno-file-reproducible -clang-vendor-feature\=+disableNonDependentMemberExprInCurrentInstantiation -clang-vendor-feature\=+enableAggressiveVLAFolding -clang-vendor-feature\=+revert09abecef7bbf -clang-vendor-feature\=+thisNoAlignAttr -clang-vendor-feature\=+thisNoNullAttr -clang-vendor-feature\=+disableAtImportPrivateFrameworkInImplementationError -O2 -fcommon -fno-sanitize-address-use-odr-indicator -fno-sanitize-memory-param-retval -fmerge-all-constants -fno-verbose-asm -fregister-global-dtors-with-atexit -fno-use-init-array -funique-basic-block-section-names -dwarf-version\=4 -debugger-tuning\=lldb -llvm-verify-each -dwarf-ext-refs -no-struct-path-tbaa -fexperimental-assignment-tracking\=disabled -no-enable-noundef-analysis -stack-protector-buffer-size 0 -finline-functions -debug-info-kind\=standalone -Os -fno-unroll-loops -fdiagnostics-hotness-threshold\=0 -fdiagnostics-misexpect-tolerance\=0 -fno-split-cold-code -D __GCC_HAVE_DWARF2_CFI_ASM\=1 -MT moduledependenciestarget -dependency-file /Users/runner/Library/Developer/Xcode/DerivedData/idownloadd-buyibqeibzuaejeouuwsxitpvtst/Build/Intermediates.noindex/ArchiveIntermediates/idownloadd/IntermediateBuildFilesPath/ExplicitPrecompiledModules/_errno-6B8PAVG0CYFA0L0QTUHFUALVX.d -skip-unused-modulemap-deps

PrecompileModule /Users/runner/Library/Developer/Xcode/DerivedData/idownloadd-buyibqeibzuaejeouuwsxitpvtst/Build/Intermediates.noindex/ArchiveIntermediates/idownloadd/IntermediateBuildFilesPath/ExplicitPrecompiledModules/_setjmp-6TL0M7TBWY7WJVL6JDJT901OU.scan
    cd /Users/runner/work/dopamine-extended/dopamine-extended/Dopamine/BaseBin/idownloadd/src
    builtin-precompileModule /Users/runner/Library/Developer/Xcode/DerivedData/idownloadd-buyibqeibzuaejeouuwsxitpvtst/Build/Intermediates.noindex/ArchiveIntermediates/idownloadd/IntermediateBuildFilesPath/ExplicitPrecompiledModules/_setjmp-6TL0M7TBWY7WJVL6JDJT901OU.scan
/Applications/Xcode_16.2.app/Contents/Developer/Toolchains/XcodeDefault.xctoolchain/usr/bin/clang -cc1 -fdiagnostics-show-note-include-stack -fmacro-backtrace-limit\=0 -ferror-limit 19 -serialize-diagnostic-file /Users/runner/Library/Developer/Xcode/DerivedData/idownloadd-buyibqeibzuaejeouuwsxitpvtst/Build/Intermediates.noindex/ArchiveIntermediates/idownloadd/IntermediateBuildFilesPath/ExplicitPrecompiledModules/_setjmp-6TL0M7TBWY7WJVL6JDJT901OU.dia -fsystem-module -fmodule-map-file\=/Applications/Xcode_16.2.app/Contents/Developer/Platforms/iPhoneOS.platform/Developer/SDKs/iPhoneOS18.2.sdk/usr/include/DarwinFoundation.modulemap -fmodule-map-file\=/Applications/Xcode_16.2.app/Contents/Developer/Platforms/iPhoneOS.platform/Developer/SDKs/iPhoneOS18.2.sdk/usr/include/os_availability.modulemap -o /Users/runner/Library/Developer/Xcode/DerivedData/idownloadd-buyibqeibzuaejeouuwsxitpvtst/Build/Intermediates.noindex/ArchiveIntermediates/idownloadd/IntermediateBuildFilesPath/ExplicitPrecompiledModules/_setjmp-6TL0M7TBWY7WJVL6JDJT901OU.pcm -disable-free -emit-module -x c /Applications/Xcode_16.2.app/Contents/Developer/Platforms/iPhoneOS.platform/Developer/SDKs/iPhoneOS.sdk/usr/include/c_standard_library.modulemap -target-abi darwinpcs -target-cpu apple-a7 -target-feature +v8a -target-feature +aes -target-feature +fp-armv8 -target-feature +sha2 -target-feature +neon -target-feature +zcm -target-feature +zcz -triple arm64-apple-ios15.0.0 -target-linker-version 1115.7.3 -target-sdk-version\=18.2 -fmodules-validate-system-headers -fno-modules-prune-non-affecting-module-map-files -fno-modulemap-allow-subdirectory-search -isysroot /Applications/Xcode_16.2.app/Contents/Developer/Platforms/iPhoneOS.platform/Developer/SDKs/iPhoneOS18.2.sdk -resource-dir /Applications/Xcode_16.2.app/Contents/Developer/Toolchains/XcodeDefault.xctoolchain/usr/lib/clang/16 -fmodule-format\=obj -fmodule-file\=DarwinFoundation\=/Users/runner/Library/Developer/Xcode/DerivedData/idownloadd-buyibqeibzuaejeouuwsxitpvtst/Build/Intermediates.noindex/ArchiveIntermediates/idownloadd/IntermediateBuildFilesPath/ExplicitPrecompiledModules/DarwinFoundation-BS732VSG5ERO13MLOL3IHMHDZ.pcm -fmodule-file\=os_availability\=/Users/runner/Library/Developer/Xcode/DerivedData/idownloadd-buyibqeibzuaejeouuwsxitpvtst/Build/Intermediates.noindex/ArchiveIntermediates/idownloadd/IntermediateBuildFilesPath/ExplicitPrecompiledModules/os_availability-8QAK4H1NV59LBT8PA90U4FAD4.pcm -isystem /Applications/Xcode_16.2.app/Contents/Developer/Toolchains/XcodeDefault.xctoolchain/usr/lib/clang/16/include -internal-externc-isystem /Applications/Xcode_16.2.app/Contents/Developer/Platforms/iPhoneOS.platform/Developer/SDKs/iPhoneOS18.2.sdk/usr/include -ivfsstatcache /Users/runner/Library/Developer/Xcode/DerivedData/SDKStatCaches.noindex/iphoneos18.2-22C146-6f6929c68f51360d5ca70a73a7e0c2f9.sdkstatcache -std\=gnu11 -fmodules -fmodule-name\=_setjmp -fmodules-search-all -fno-implicit-modules -fmax-type-align\=16 -fstack-check -mdarwin-stkchk-strong-link -fno-odr-hash-protocols -pic-level 2 -disable-objc-default-synthesize-properties -stack-protector 1 -fgnuc-version\=4.2.1 -fblocks -ffp-contract\=off -fclang-abi-compat\=4.0 -fno-experimental-relative-c++-abi-vtables -fno-file-reproducible -clang-vendor-feature\=+disableNonDependentMemberExprInCurrentInstantiation -clang-vendor-feature\=+enableAggressiveVLAFolding -clang-vendor-feature\=+revert09abecef7bbf -clang-vendor-feature\=+thisNoAlignAttr -clang-vendor-feature\=+thisNoNullAttr -clang-vendor-feature\=+disableAtImportPrivateFrameworkInImplementationError -O2 -fcommon -fno-sanitize-address-use-odr-indicator -fno-sanitize-memory-param-retval -fmerge-all-constants -fno-verbose-asm -fregister-global-dtors-with-atexit -fno-use-init-array -funique-basic-block-section-names -dwarf-version\=4 -debugger-tuning\=lldb -llvm-verify-each -dwarf-ext-refs -no-struct-path-tbaa -fexperimental-assignment-tracking\=disabled -no-enable-noundef-analysis -stack-protector-buffer-size 0 -finline-functions -debug-info-kind\=standalone -Os -fno-unroll-loops -fdiagnostics-hotness-threshold\=0 -fdiagnostics-misexpect-tolerance\=0 -fno-split-cold-code -D __GCC_HAVE_DWARF2_CFI_ASM\=1 -MT moduledependenciestarget -dependency-file /Users/runner/Library/Developer/Xcode/DerivedData/idownloadd-buyibqeibzuaejeouuwsxitpvtst/Build/Intermediates.noindex/ArchiveIntermediates/idownloadd/IntermediateBuildFilesPath/ExplicitPrecompiledModules/_setjmp-6TL0M7TBWY7WJVL6JDJT901OU.d -skip-unused-modulemap-deps

PrecompileModule /Users/runner/Library/Developer/Xcode/DerivedData/idownloadd-buyibqeibzuaejeouuwsxitpvtst/Build/Intermediates.noindex/ArchiveIntermediates/idownloadd/IntermediateBuildFilesPath/ExplicitPrecompiledModules/_strings-4UR4PU47IDG823BC9JG7CMWHK.scan
    cd /Users/runner/work/dopamine-extended/dopamine-extended/Dopamine/BaseBin/idownloadd/src
    builtin-precompileModule /Users/runner/Library/Developer/Xcode/DerivedData/idownloadd-buyibqeibzuaejeouuwsxitpvtst/Build/Intermediates.noindex/ArchiveIntermediates/idownloadd/IntermediateBuildFilesPath/ExplicitPrecompiledModules/_strings-4UR4PU47IDG823BC9JG7CMWHK.scan
/Applications/Xcode_16.2.app/Contents/Developer/Toolchains/XcodeDefault.xctoolchain/usr/bin/clang -cc1 -fdiagnostics-show-note-include-stack -fmacro-backtrace-limit\=0 -ferror-limit 19 -serialize-diagnostic-file /Users/runner/Library/Developer/Xcode/DerivedData/idownloadd-buyibqeibzuaejeouuwsxitpvtst/Build/Intermediates.noindex/ArchiveIntermediates/idownloadd/IntermediateBuildFilesPath/ExplicitPrecompiledModules/_strings-4UR4PU47IDG823BC9JG7CMWHK.dia -fsystem-module -fmodule-map-file\=/Applications/Xcode_16.2.app/Contents/Developer/Platforms/iPhoneOS.platform/Developer/SDKs/iPhoneOS18.2.sdk/usr/include/DarwinFoundation.modulemap -fmodule-map-file\=/Applications/Xcode_16.2.app/Contents/Developer/Platforms/iPhoneOS.platform/Developer/SDKs/iPhoneOS18.2.sdk/usr/include/os_availability.modulemap -o /Users/runner/Library/Developer/Xcode/DerivedData/idownloadd-buyibqeibzuaejeouuwsxitpvtst/Build/Intermediates.noindex/ArchiveIntermediates/idownloadd/IntermediateBuildFilesPath/ExplicitPrecompiledModules/_strings-4UR4PU47IDG823BC9JG7CMWHK.pcm -disable-free -emit-module -x c /Applications/Xcode_16.2.app/Contents/Developer/Platforms/iPhoneOS.platform/Developer/SDKs/iPhoneOS.sdk/usr/include/DarwinBasic.modulemap -target-abi darwinpcs -target-cpu apple-a7 -target-feature +v8a -target-feature +aes -target-feature +fp-armv8 -target-feature +sha2 -target-feature +neon -target-feature +zcm -target-feature +zcz -triple arm64-apple-ios15.0.0 -target-linker-version 1115.7.3 -target-sdk-version\=18.2 -fmodules-validate-system-headers -fno-modules-prune-non-affecting-module-map-files -fno-modulemap-allow-subdirectory-search -isysroot /Applications/Xcode_16.2.app/Contents/Developer/Platforms/iPhoneOS.platform/Developer/SDKs/iPhoneOS18.2.sdk -resource-dir /Applications/Xcode_16.2.app/Contents/Developer/Toolchains/XcodeDefault.xctoolchain/usr/lib/clang/16 -fmodule-format\=obj -fmodule-file\=DarwinFoundation\=/Users/runner/Library/Developer/Xcode/DerivedData/idownloadd-buyibqeibzuaejeouuwsxitpvtst/Build/Intermediates.noindex/ArchiveIntermediates/idownloadd/IntermediateBuildFilesPath/ExplicitPrecompiledModules/DarwinFoundation-BS732VSG5ERO13MLOL3IHMHDZ.pcm -fmodule-file\=os_availability\=/Users/runner/Library/Developer/Xcode/DerivedData/idownloadd-buyibqeibzuaejeouuwsxitpvtst/Build/Intermediates.noindex/ArchiveIntermediates/idownloadd/IntermediateBuildFilesPath/ExplicitPrecompiledModules/os_availability-8QAK4H1NV59LBT8PA90U4FAD4.pcm -isystem /Applications/Xcode_16.2.app/Contents/Developer/Toolchains/XcodeDefault.xctoolchain/usr/lib/clang/16/include -internal-externc-isystem /Applications/Xcode_16.2.app/Contents/Developer/Platforms/iPhoneOS.platform/Developer/SDKs/iPhoneOS18.2.sdk/usr/include -ivfsstatcache /Users/runner/Library/Developer/Xcode/DerivedData/SDKStatCaches.noindex/iphoneos18.2-22C146-6f6929c68f51360d5ca70a73a7e0c2f9.sdkstatcache -std\=gnu11 -fmodules -fmodule-name\=_strings -fmodules-search-all -fno-implicit-modules -fmax-type-align\=16 -fstack-check -mdarwin-stkchk-strong-link -fno-odr-hash-protocols -pic-level 2 -disable-objc-default-synthesize-properties -stack-protector 1 -fgnuc-version\=4.2.1 -fblocks -ffp-contract\=off -fclang-abi-compat\=4.0 -fno-experimental-relative-c++-abi-vtables -fno-file-reproducible -clang-vendor-feature\=+disableNonDependentMemberExprInCurrentInstantiation -clang-vendor-feature\=+enableAggressiveVLAFolding -clang-vendor-feature\=+revert09abecef7bbf -clang-vendor-feature\=+thisNoAlignAttr -clang-vendor-feature\=+thisNoNullAttr -clang-vendor-feature\=+disableAtImportPrivateFrameworkInImplementationError -O2 -fcommon -fno-sanitize-address-use-odr-indicator -fno-sanitize-memory-param-retval -fmerge-all-constants -fno-verbose-asm -fregister-global-dtors-with-atexit -fno-use-init-array -funique-basic-block-section-names -dwarf-version\=4 -debugger-tuning\=lldb -llvm-verify-each -dwarf-ext-refs -no-struct-path-tbaa -fexperimental-assignment-tracking\=disabled -no-enable-noundef-analysis -stack-protector-buffer-size 0 -finline-functions -debug-info-kind\=standalone -Os -fno-unroll-loops -fdiagnostics-hotness-threshold\=0 -fdiagnostics-misexpect-tolerance\=0 -fno-split-cold-code -D __GCC_HAVE_DWARF2_CFI_ASM\=1 -MT moduledependenciestarget -dependency-file /Users/runner/Library/Developer/Xcode/DerivedData/idownloadd-buyibqeibzuaejeouuwsxitpvtst/Build/Intermediates.noindex/ArchiveIntermediates/idownloadd/IntermediateBuildFilesPath/ExplicitPrecompiledModules/_strings-4UR4PU47IDG823BC9JG7CMWHK.d -skip-unused-modulemap-deps

PrecompileModule /Users/runner/Library/Developer/Xcode/DerivedData/idownloadd-buyibqeibzuaejeouuwsxitpvtst/Build/Intermediates.noindex/ArchiveIntermediates/idownloadd/IntermediateBuildFilesPath/ExplicitPrecompiledModules/_sys_select-65HS96JY9CYIVPMSML9Y2D92K.scan
    cd /Users/runner/work/dopamine-extended/dopamine-extended/Dopamine/BaseBin/idownloadd/src
    builtin-precompileModule /Users/runner/Library/Developer/Xcode/DerivedData/idownloadd-buyibqeibzuaejeouuwsxitpvtst/Build/Intermediates.noindex/ArchiveIntermediates/idownloadd/IntermediateBuildFilesPath/ExplicitPrecompiledModules/_sys_select-65HS96JY9CYIVPMSML9Y2D92K.scan
/Applications/Xcode_16.2.app/Contents/Developer/Toolchains/XcodeDefault.xctoolchain/usr/bin/clang -cc1 -fdiagnostics-show-note-include-stack -fmacro-backtrace-limit\=0 -ferror-limit 19 -serialize-diagnostic-file /Users/runner/Library/Developer/Xcode/DerivedData/idownloadd-buyibqeibzuaejeouuwsxitpvtst/Build/Intermediates.noindex/ArchiveIntermediates/idownloadd/IntermediateBuildFilesPath/ExplicitPrecompiledModules/_sys_select-65HS96JY9CYIVPMSML9Y2D92K.dia -fsystem-module -fmodule-map-file\=/Applications/Xcode_16.2.app/Contents/Developer/Platforms/iPhoneOS.platform/Developer/SDKs/iPhoneOS18.2.sdk/usr/include/DarwinFoundation.modulemap -fmodule-map-file\=/Applications/Xcode_16.2.app/Contents/Developer/Platforms/iPhoneOS.platform/Developer/SDKs/iPhoneOS18.2.sdk/usr/include/os_availability.modulemap -o /Users/runner/Library/Developer/Xcode/DerivedData/idownloadd-buyibqeibzuaejeouuwsxitpvtst/Build/Intermediates.noindex/ArchiveIntermediates/idownloadd/IntermediateBuildFilesPath/ExplicitPrecompiledModules/_sys_select-65HS96JY9CYIVPMSML9Y2D92K.pcm -disable-free -emit-module -x c /Applications/Xcode_16.2.app/Contents/Developer/Platforms/iPhoneOS.platform/Developer/SDKs/iPhoneOS.sdk/usr/include/DarwinFoundation.modulemap -target-abi darwinpcs -target-cpu apple-a7 -target-feature +v8a -target-feature +aes -target-feature +fp-armv8 -target-feature +sha2 -target-feature +neon -target-feature +zcm -target-feature +zcz -triple arm64-apple-ios15.0.0 -target-linker-version 1115.7.3 -target-sdk-version\=18.2 -fmodules-validate-system-headers -fno-modules-prune-non-affecting-module-map-files -fno-modulemap-allow-subdirectory-search -isysroot /Applications/Xcode_16.2.app/Contents/Developer/Platforms/iPhoneOS.platform/Developer/SDKs/iPhoneOS18.2.sdk -resource-dir /Applications/Xcode_16.2.app/Contents/Developer/Toolchains/XcodeDefault.xctoolchain/usr/lib/clang/16 -fmodule-format\=obj -fmodule-file\=DarwinFoundation\=/Users/runner/Library/Developer/Xcode/DerivedData/idownloadd-buyibqeibzuaejeouuwsxitpvtst/Build/Intermediates.noindex/ArchiveIntermediates/idownloadd/IntermediateBuildFilesPath/ExplicitPrecompiledModules/DarwinFoundation-BS732VSG5ERO13MLOL3IHMHDZ.pcm -fmodule-file\=os_availability\=/Users/runner/Library/Developer/Xcode/DerivedData/idownloadd-buyibqeibzuaejeouuwsxitpvtst/Build/Intermediates.noindex/ArchiveIntermediates/idownloadd/IntermediateBuildFilesPath/ExplicitPrecompiledModules/os_availability-8QAK4H1NV59LBT8PA90U4FAD4.pcm -isystem /Applications/Xcode_16.2.app/Contents/Developer/Toolchains/XcodeDefault.xctoolchain/usr/lib/clang/16/include -internal-externc-isystem /Applications/Xcode_16.2.app/Contents/Developer/Platforms/iPhoneOS.platform/Developer/SDKs/iPhoneOS18.2.sdk/usr/include -ivfsstatcache /Users/runner/Library/Developer/Xcode/DerivedData/SDKStatCaches.noindex/iphoneos18.2-22C146-6f6929c68f51360d5ca70a73a7e0c2f9.sdkstatcache -std\=gnu11 -fmodules -fmodule-name\=_sys_select -fmodules-search-all -fno-implicit-modules -fmax-type-align\=16 -fstack-check -mdarwin-stkchk-strong-link -fno-odr-hash-protocols -pic-level 2 -disable-objc-default-synthesize-properties -stack-protector 1 -fgnuc-version\=4.2.1 -fblocks -ffp-contract\=off -fclang-abi-compat\=4.0 -fno-experimental-relative-c++-abi-vtables -fno-file-reproducible -clang-vendor-feature\=+disableNonDependentMemberExprInCurrentInstantiation -clang-vendor-feature\=+enableAggressiveVLAFolding -clang-vendor-feature\=+revert09abecef7bbf -clang-vendor-feature\=+thisNoAlignAttr -clang-vendor-feature\=+thisNoNullAttr -clang-vendor-feature\=+disableAtImportPrivateFrameworkInImplementationError -O2 -fcommon -fno-sanitize-address-use-odr-indicator -fno-sanitize-memory-param-retval -fmerge-all-constants -fno-verbose-asm -fregister-global-dtors-with-atexit -fno-use-init-array -funique-basic-block-section-names -dwarf-version\=4 -debugger-tuning\=lldb -llvm-verify-each -dwarf-ext-refs -no-struct-path-tbaa -fexperimental-assignment-tracking\=disabled -no-enable-noundef-analysis -stack-protector-buffer-size 0 -finline-functions -debug-info-kind\=standalone -Os -fno-unroll-loops -fdiagnostics-hotness-threshold\=0 -fdiagnostics-misexpect-tolerance\=0 -fno-split-cold-code -D __GCC_HAVE_DWARF2_CFI_ASM\=1 -MT moduledependenciestarget -dependency-file /Users/runner/Library/Developer/Xcode/DerivedData/idownloadd-buyibqeibzuaejeouuwsxitpvtst/Build/Intermediates.noindex/ArchiveIntermediates/idownloadd/IntermediateBuildFilesPath/ExplicitPrecompiledModules/_sys_select-65HS96JY9CYIVPMSML9Y2D92K.d -skip-unused-modulemap-deps

PrecompileModule /Users/runner/Library/Developer/Xcode/DerivedData/idownloadd-buyibqeibzuaejeouuwsxitpvtst/Build/Intermediates.noindex/ArchiveIntermediates/idownloadd/IntermediateBuildFilesPath/ExplicitPrecompiledModules/_mach_port_t-BX9Z38Y2SWIH220CHIPYJEAXE.scan
    cd /Users/runner/work/dopamine-extended/dopamine-extended/Dopamine/BaseBin/idownloadd/src
    builtin-precompileModule /Users/runner/Library/Developer/Xcode/DerivedData/idownloadd-buyibqeibzuaejeouuwsxitpvtst/Build/Intermediates.noindex/ArchiveIntermediates/idownloadd/IntermediateBuildFilesPath/ExplicitPrecompiledModules/_mach_port_t-BX9Z38Y2SWIH220CHIPYJEAXE.scan
/Applications/Xcode_16.2.app/Contents/Developer/Toolchains/XcodeDefault.xctoolchain/usr/bin/clang -cc1 -fdiagnostics-show-note-include-stack -fmacro-backtrace-limit\=0 -ferror-limit 19 -serialize-diagnostic-file /Users/runner/Library/Developer/Xcode/DerivedData/idownloadd-buyibqeibzuaejeouuwsxitpvtst/Build/Intermediates.noindex/ArchiveIntermediates/idownloadd/IntermediateBuildFilesPath/ExplicitPrecompiledModules/_mach_port_t-BX9Z38Y2SWIH220CHIPYJEAXE.dia -fsystem-module -fmodule-map-file\=/Applications/Xcode_16.2.app/Contents/Developer/Platforms/iPhoneOS.platform/Developer/SDKs/iPhoneOS18.2.sdk/usr/include/DarwinFoundation.modulemap -o /Users/runner/Library/Developer/Xcode/DerivedData/idownloadd-buyibqeibzuaejeouuwsxitpvtst/Build/Intermediates.noindex/ArchiveIntermediates/idownloadd/IntermediateBuildFilesPath/ExplicitPrecompiledModules/_mach_port_t-BX9Z38Y2SWIH220CHIPYJEAXE.pcm -disable-free -emit-module -x c /Applications/Xcode_16.2.app/Contents/Developer/Platforms/iPhoneOS.platform/Developer/SDKs/iPhoneOS.sdk/usr/include/DarwinFoundation.modulemap -target-abi darwinpcs -target-cpu apple-a7 -target-feature +v8a -target-feature +aes -target-feature +fp-armv8 -target-feature +sha2 -target-feature +neon -target-feature +zcm -target-feature +zcz -triple arm64-apple-ios15.0.0 -target-linker-version 1115.7.3 -target-sdk-version\=18.2 -fmodules-validate-system-headers -fno-modules-prune-non-affecting-module-map-files -fno-modulemap-allow-subdirectory-search -isysroot /Applications/Xcode_16.2.app/Contents/Developer/Platforms/iPhoneOS.platform/Developer/SDKs/iPhoneOS18.2.sdk -resource-dir /Applications/Xcode_16.2.app/Contents/Developer/Toolchains/XcodeDefault.xctoolchain/usr/lib/clang/16 -fmodule-format\=obj -fmodule-file\=DarwinFoundation\=/Users/runner/Library/Developer/Xcode/DerivedData/idownloadd-buyibqeibzuaejeouuwsxitpvtst/Build/Intermediates.noindex/ArchiveIntermediates/idownloadd/IntermediateBuildFilesPath/ExplicitPrecompiledModules/DarwinFoundation-BS732VSG5ERO13MLOL3IHMHDZ.pcm -isystem /Applications/Xcode_16.2.app/Contents/Developer/Toolchains/XcodeDefault.xctoolchain/usr/lib/clang/16/include -internal-externc-isystem /Applications/Xcode_16.2.app/Contents/Developer/Platforms/iPhoneOS.platform/Developer/SDKs/iPhoneOS18.2.sdk/usr/include -ivfsstatcache /Users/runner/Library/Developer/Xcode/DerivedData/SDKStatCaches.noindex/iphoneos18.2-22C146-6f6929c68f51360d5ca70a73a7e0c2f9.sdkstatcache -std\=gnu11 -fmodules -fmodule-name\=_mach_port_t -fmodules-search-all -fno-implicit-modules -fmax-type-align\=16 -fstack-check -mdarwin-stkchk-strong-link -fno-odr-hash-protocols -pic-level 2 -disable-objc-default-synthesize-properties -stack-protector 1 -fgnuc-version\=4.2.1 -fblocks -ffp-contract\=off -fclang-abi-compat\=4.0 -fno-experimental-relative-c++-abi-vtables -fno-file-reproducible -clang-vendor-feature\=+disableNonDependentMemberExprInCurrentInstantiation -clang-vendor-feature\=+enableAggressiveVLAFolding -clang-vendor-feature\=+revert09abecef7bbf -clang-vendor-feature\=+thisNoAlignAttr -clang-vendor-feature\=+thisNoNullAttr -clang-vendor-feature\=+disableAtImportPrivateFrameworkInImplementationError -O2 -fcommon -fno-sanitize-address-use-odr-indicator -fno-sanitize-memory-param-retval -fmerge-all-constants -fno-verbose-asm -fregister-global-dtors-with-atexit -fno-use-init-array -funique-basic-block-section-names -dwarf-version\=4 -debugger-tuning\=lldb -llvm-verify-each -dwarf-ext-refs -no-struct-path-tbaa -fexperimental-assignment-tracking\=disabled -no-enable-noundef-analysis -stack-protector-buffer-size 0 -finline-functions -debug-info-kind\=standalone -Os -fno-unroll-loops -fdiagnostics-hotness-threshold\=0 -fdiagnostics-misexpect-tolerance\=0 -fno-split-cold-code -D __GCC_HAVE_DWARF2_CFI_ASM\=1 -MT moduledependenciestarget -dependency-file /Users/runner/Library/Developer/Xcode/DerivedData/idownloadd-buyibqeibzuaejeouuwsxitpvtst/Build/Intermediates.noindex/ArchiveIntermediates/idownloadd/IntermediateBuildFilesPath/ExplicitPrecompiledModules/_mach_port_t-BX9Z38Y2SWIH220CHIPYJEAXE.d -skip-unused-modulemap-deps

PrecompileModule /Users/runner/Library/Developer/Xcode/DerivedData/idownloadd-buyibqeibzuaejeouuwsxitpvtst/Build/Intermediates.noindex/ArchiveIntermediates/idownloadd/IntermediateBuildFilesPath/ExplicitPrecompiledModules/_limits-RY0N225D6MWFD63KW598ZX2U.scan
    cd /Users/runner/work/dopamine-extended/dopamine-extended/Dopamine/BaseBin/idownloadd/src
    builtin-precompileModule /Users/runner/Library/Developer/Xcode/DerivedData/idownloadd-buyibqeibzuaejeouuwsxitpvtst/Build/Intermediates.noindex/ArchiveIntermediates/idownloadd/IntermediateBuildFilesPath/ExplicitPrecompiledModules/_limits-RY0N225D6MWFD63KW598ZX2U.scan
/Applications/Xcode_16.2.app/Contents/Developer/Toolchains/XcodeDefault.xctoolchain/usr/bin/clang -cc1 -fdiagnostics-show-note-include-stack -fmacro-backtrace-limit\=0 -ferror-limit 19 -serialize-diagnostic-file /Users/runner/Library/Developer/Xcode/DerivedData/idownloadd-buyibqeibzuaejeouuwsxitpvtst/Build/Intermediates.noindex/ArchiveIntermediates/idownloadd/IntermediateBuildFilesPath/ExplicitPrecompiledModules/_limits-RY0N225D6MWFD63KW598ZX2U.dia -fsystem-module -fmodule-map-file\=/Applications/Xcode_16.2.app/Contents/Developer/Platforms/iPhoneOS.platform/Developer/SDKs/iPhoneOS18.2.sdk/usr/include/DarwinFoundation.modulemap -o /Users/runner/Library/Developer/Xcode/DerivedData/idownloadd-buyibqeibzuaejeouuwsxitpvtst/Build/Intermediates.noindex/ArchiveIntermediates/idownloadd/IntermediateBuildFilesPath/ExplicitPrecompiledModules/_limits-RY0N225D6MWFD63KW598ZX2U.pcm -disable-free -emit-module -x c /Applications/Xcode_16.2.app/Contents/Developer/Platforms/iPhoneOS.platform/Developer/SDKs/iPhoneOS.sdk/usr/include/c_standard_library.modulemap -target-abi darwinpcs -target-cpu apple-a7 -target-feature +v8a -target-feature +aes -target-feature +fp-armv8 -target-feature +sha2 -target-feature +neon -target-feature +zcm -target-feature +zcz -triple arm64-apple-ios15.0.0 -target-linker-version 1115.7.3 -target-sdk-version\=18.2 -fmodules-validate-system-headers -fno-modules-prune-non-affecting-module-map-files -fno-modulemap-allow-subdirectory-search -isysroot /Applications/Xcode_16.2.app/Contents/Developer/Platforms/iPhoneOS.platform/Developer/SDKs/iPhoneOS18.2.sdk -resource-dir /Applications/Xcode_16.2.app/Contents/Developer/Toolchains/XcodeDefault.xctoolchain/usr/lib/clang/16 -fmodule-format\=obj -fmodule-file\=DarwinFoundation\=/Users/runner/Library/Developer/Xcode/DerivedData/idownloadd-buyibqeibzuaejeouuwsxitpvtst/Build/Intermediates.noindex/ArchiveIntermediates/idownloadd/IntermediateBuildFilesPath/ExplicitPrecompiledModules/DarwinFoundation-BS732VSG5ERO13MLOL3IHMHDZ.pcm -isystem /Applications/Xcode_16.2.app/Contents/Developer/Toolchains/XcodeDefault.xctoolchain/usr/lib/clang/16/include -internal-externc-isystem /Applications/Xcode_16.2.app/Contents/Developer/Platforms/iPhoneOS.platform/Developer/SDKs/iPhoneOS18.2.sdk/usr/include -ivfsstatcache /Users/runner/Library/Developer/Xcode/DerivedData/SDKStatCaches.noindex/iphoneos18.2-22C146-6f6929c68f51360d5ca70a73a7e0c2f9.sdkstatcache -std\=gnu11 -fmodules -fmodule-name\=_limits -fmodules-search-all -fno-implicit-modules -fmax-type-align\=16 -fstack-check -mdarwin-stkchk-strong-link -fno-odr-hash-protocols -pic-level 2 -disable-objc-default-synthesize-properties -stack-protector 1 -fgnuc-version\=4.2.1 -fblocks -ffp-contract\=off -fclang-abi-compat\=4.0 -fno-experimental-relative-c++-abi-vtables -fno-file-reproducible -clang-vendor-feature\=+disableNonDependentMemberExprInCurrentInstantiation -clang-vendor-feature\=+enableAggressiveVLAFolding -clang-vendor-feature\=+revert09abecef7bbf -clang-vendor-feature\=+thisNoAlignAttr -clang-vendor-feature\=+thisNoNullAttr -clang-vendor-feature\=+disableAtImportPrivateFrameworkInImplementationError -O2 -fcommon -fno-sanitize-address-use-odr-indicator -fno-sanitize-memory-param-retval -fmerge-all-constants -fno-verbose-asm -fregister-global-dtors-with-atexit -fno-use-init-array -funique-basic-block-section-names -dwarf-version\=4 -debugger-tuning\=lldb -llvm-verify-each -dwarf-ext-refs -no-struct-path-tbaa -fexperimental-assignment-tracking\=disabled -no-enable-noundef-analysis -stack-protector-buffer-size 0 -finline-functions -debug-info-kind\=standalone -Os -fno-unroll-loops -fdiagnostics-hotness-threshold\=0 -fdiagnostics-misexpect-tolerance\=0 -fno-split-cold-code -D __GCC_HAVE_DWARF2_CFI_ASM\=1 -MT moduledependenciestarget -dependency-file /Users/runner/Library/Developer/Xcode/DerivedData/idownloadd-buyibqeibzuaejeouuwsxitpvtst/Build/Intermediates.noindex/ArchiveIntermediates/idownloadd/IntermediateBuildFilesPath/ExplicitPrecompiledModules/_limits-RY0N225D6MWFD63KW598ZX2U.d -skip-unused-modulemap-deps

PrecompileModule /Users/runner/Library/Developer/Xcode/DerivedData/idownloadd-buyibqeibzuaejeouuwsxitpvtst/Build/Intermediates.noindex/ArchiveIntermediates/idownloadd/IntermediateBuildFilesPath/ExplicitPrecompiledModules/uuid-603Z68UWVKVAF14KJ56TXSYVR.scan
    cd /Users/runner/work/dopamine-extended/dopamine-extended/Dopamine/BaseBin/idownloadd/src
    builtin-precompileModule /Users/runner/Library/Developer/Xcode/DerivedData/idownloadd-buyibqeibzuaejeouuwsxitpvtst/Build/Intermediates.noindex/ArchiveIntermediates/idownloadd/IntermediateBuildFilesPath/ExplicitPrecompiledModules/uuid-603Z68UWVKVAF14KJ56TXSYVR.scan
/Applications/Xcode_16.2.app/Contents/Developer/Toolchains/XcodeDefault.xctoolchain/usr/bin/clang -cc1 -fdiagnostics-show-note-include-stack -fmacro-backtrace-limit\=0 -ferror-limit 19 -serialize-diagnostic-file /Users/runner/Library/Developer/Xcode/DerivedData/idownloadd-buyibqeibzuaejeouuwsxitpvtst/Build/Intermediates.noindex/ArchiveIntermediates/idownloadd/IntermediateBuildFilesPath/ExplicitPrecompiledModules/uuid-603Z68UWVKVAF14KJ56TXSYVR.dia -fsystem-module -fmodule-map-file\=/Applications/Xcode_16.2.app/Contents/Developer/Platforms/iPhoneOS.platform/Developer/SDKs/iPhoneOS18.2.sdk/usr/include/DarwinFoundation.modulemap -o /Users/runner/Library/Developer/Xcode/DerivedData/idownloadd-buyibqeibzuaejeouuwsxitpvtst/Build/Intermediates.noindex/ArchiveIntermediates/idownloadd/IntermediateBuildFilesPath/ExplicitPrecompiledModules/uuid-603Z68UWVKVAF14KJ56TXSYVR.pcm -disable-free -emit-module -x c /Applications/Xcode_16.2.app/Contents/Developer/Platforms/iPhoneOS.platform/Developer/SDKs/iPhoneOS.sdk/usr/include/DarwinFoundation.modulemap -target-abi darwinpcs -target-cpu apple-a7 -target-feature +v8a -target-feature +aes -target-feature +fp-armv8 -target-feature +sha2 -target-feature +neon -target-feature +zcm -target-feature +zcz -triple arm64-apple-ios15.0.0 -target-linker-version 1115.7.3 -target-sdk-version\=18.2 -fmodules-validate-system-headers -fno-modules-prune-non-affecting-module-map-files -fno-modulemap-allow-subdirectory-search -isysroot /Applications/Xcode_16.2.app/Contents/Developer/Platforms/iPhoneOS.platform/Developer/SDKs/iPhoneOS18.2.sdk -resource-dir /Applications/Xcode_16.2.app/Contents/Developer/Toolchains/XcodeDefault.xctoolchain/usr/lib/clang/16 -fmodule-format\=obj -fmodule-file\=DarwinFoundation\=/Users/runner/Library/Developer/Xcode/DerivedData/idownloadd-buyibqeibzuaejeouuwsxitpvtst/Build/Intermediates.noindex/ArchiveIntermediates/idownloadd/IntermediateBuildFilesPath/ExplicitPrecompiledModules/DarwinFoundation-BS732VSG5ERO13MLOL3IHMHDZ.pcm -isystem /Applications/Xcode_16.2.app/Contents/Developer/Toolchains/XcodeDefault.xctoolchain/usr/lib/clang/16/include -internal-externc-isystem /Applications/Xcode_16.2.app/Contents/Developer/Platforms/iPhoneOS.platform/Developer/SDKs/iPhoneOS18.2.sdk/usr/include -ivfsstatcache /Users/runner/Library/Developer/Xcode/DerivedData/SDKStatCaches.noindex/iphoneos18.2-22C146-6f6929c68f51360d5ca70a73a7e0c2f9.sdkstatcache -std\=gnu11 -fmodules -fmodule-name\=uuid -fmodules-search-all -fno-implicit-modules -fmax-type-align\=16 -fstack-check -mdarwin-stkchk-strong-link -fno-odr-hash-protocols -pic-level 2 -disable-objc-default-synthesize-properties -stack-protector 1 -fgnuc-version\=4.2.1 -fblocks -ffp-contract\=off -fclang-abi-compat\=4.0 -fno-experimental-relative-c++-abi-vtables -fno-file-reproducible -clang-vendor-feature\=+disableNonDependentMemberExprInCurrentInstantiation -clang-vendor-feature\=+enableAggressiveVLAFolding -clang-vendor-feature\=+revert09abecef7bbf -clang-vendor-feature\=+thisNoAlignAttr -clang-vendor-feature\=+thisNoNullAttr -clang-vendor-feature\=+disableAtImportPrivateFrameworkInImplementationError -O2 -fcommon -fno-sanitize-address-use-odr-indicator -fno-sanitize-memory-param-retval -fmerge-all-constants -fno-verbose-asm -fregister-global-dtors-with-atexit -fno-use-init-array -funique-basic-block-section-names -dwarf-version\=4 -debugger-tuning\=lldb -llvm-verify-each -dwarf-ext-refs -no-struct-path-tbaa -fexperimental-assignment-tracking\=disabled -no-enable-noundef-analysis -stack-protector-buffer-size 0 -finline-functions -debug-info-kind\=standalone -Os -fno-unroll-loops -fdiagnostics-hotness-threshold\=0 -fdiagnostics-misexpect-tolerance\=0 -fno-split-cold-code -D __GCC_HAVE_DWARF2_CFI_ASM\=1 -MT moduledependenciestarget -dependency-file /Users/runner/Library/Developer/Xcode/DerivedData/idownloadd-buyibqeibzuaejeouuwsxitpvtst/Build/Intermediates.noindex/ArchiveIntermediates/idownloadd/IntermediateBuildFilesPath/ExplicitPrecompiledModules/uuid-603Z68UWVKVAF14KJ56TXSYVR.d -skip-unused-modulemap-deps

PrecompileModule /Users/runner/Library/Developer/Xcode/DerivedData/idownloadd-buyibqeibzuaejeouuwsxitpvtst/Build/Intermediates.noindex/ArchiveIntermediates/idownloadd/IntermediateBuildFilesPath/ExplicitPrecompiledModules/_stdint-4C1729EGY19JOJSM0H43R4RLC.scan
    cd /Users/runner/work/dopamine-extended/dopamine-extended/Dopamine/BaseBin/idownloadd/src
    builtin-precompileModule /Users/runner/Library/Developer/Xcode/DerivedData/idownloadd-buyibqeibzuaejeouuwsxitpvtst/Build/Intermediates.noindex/ArchiveIntermediates/idownloadd/IntermediateBuildFilesPath/ExplicitPrecompiledModules/_stdint-4C1729EGY19JOJSM0H43R4RLC.scan
/Applications/Xcode_16.2.app/Contents/Developer/Toolchains/XcodeDefault.xctoolchain/usr/bin/clang -cc1 -fdiagnostics-show-note-include-stack -fmacro-backtrace-limit\=0 -ferror-limit 19 -serialize-diagnostic-file /Users/runner/Library/Developer/Xcode/DerivedData/idownloadd-buyibqeibzuaejeouuwsxitpvtst/Build/Intermediates.noindex/ArchiveIntermediates/idownloadd/IntermediateBuildFilesPath/ExplicitPrecompiledModules/_stdint-4C1729EGY19JOJSM0H43R4RLC.dia -fsystem-module -fmodule-map-file\=/Applications/Xcode_16.2.app/Contents/Developer/Platforms/iPhoneOS.platform/Developer/SDKs/iPhoneOS18.2.sdk/usr/include/DarwinFoundation.modulemap -o /Users/runner/Library/Developer/Xcode/DerivedData/idownloadd-buyibqeibzuaejeouuwsxitpvtst/Build/Intermediates.noindex/ArchiveIntermediates/idownloadd/IntermediateBuildFilesPath/ExplicitPrecompiledModules/_stdint-4C1729EGY19JOJSM0H43R4RLC.pcm -disable-free -emit-module -x c /Applications/Xcode_16.2.app/Contents/Developer/Platforms/iPhoneOS.platform/Developer/SDKs/iPhoneOS.sdk/usr/include/c_standard_library.modulemap -target-abi darwinpcs -target-cpu apple-a7 -target-feature +v8a -target-feature +aes -target-feature +fp-armv8 -target-feature +sha2 -target-feature +neon -target-feature +zcm -target-feature +zcz -triple arm64-apple-ios15.0.0 -target-linker-version 1115.7.3 -target-sdk-version\=18.2 -fmodules-validate-system-headers -fno-modules-prune-non-affecting-module-map-files -fno-modulemap-allow-subdirectory-search -isysroot /Applications/Xcode_16.2.app/Contents/Developer/Platforms/iPhoneOS.platform/Developer/SDKs/iPhoneOS18.2.sdk -resource-dir /Applications/Xcode_16.2.app/Contents/Developer/Toolchains/XcodeDefault.xctoolchain/usr/lib/clang/16 -fmodule-format\=obj -fmodule-file\=DarwinFoundation\=/Users/runner/Library/Developer/Xcode/DerivedData/idownloadd-buyibqeibzuaejeouuwsxitpvtst/Build/Intermediates.noindex/ArchiveIntermediates/idownloadd/IntermediateBuildFilesPath/ExplicitPrecompiledModules/DarwinFoundation-BS732VSG5ERO13MLOL3IHMHDZ.pcm -isystem /Applications/Xcode_16.2.app/Contents/Developer/Toolchains/XcodeDefault.xctoolchain/usr/lib/clang/16/include -internal-externc-isystem /Applications/Xcode_16.2.app/Contents/Developer/Platforms/iPhoneOS.platform/Developer/SDKs/iPhoneOS18.2.sdk/usr/include -ivfsstatcache /Users/runner/Library/Developer/Xcode/DerivedData/SDKStatCaches.noindex/iphoneos18.2-22C146-6f6929c68f51360d5ca70a73a7e0c2f9.sdkstatcache -std\=gnu11 -fmodules -fmodule-name\=_stdint -fmodules-search-all -fno-implicit-modules -fmax-type-align\=16 -fstack-check -mdarwin-stkchk-strong-link -fno-odr-hash-protocols -pic-level 2 -disable-objc-default-synthesize-properties -stack-protector 1 -fgnuc-version\=4.2.1 -fblocks -ffp-contract\=off -fclang-abi-compat\=4.0 -fno-experimental-relative-c++-abi-vtables -fno-file-reproducible -clang-vendor-feature\=+disableNonDependentMemberExprInCurrentInstantiation -clang-vendor-feature\=+enableAggressiveVLAFolding -clang-vendor-feature\=+revert09abecef7bbf -clang-vendor-feature\=+thisNoAlignAttr -clang-vendor-feature\=+thisNoNullAttr -clang-vendor-feature\=+disableAtImportPrivateFrameworkInImplementationError -O2 -fcommon -fno-sanitize-address-use-odr-indicator -fno-sanitize-memory-param-retval -fmerge-all-constants -fno-verbose-asm -fregister-global-dtors-with-atexit -fno-use-init-array -funique-basic-block-section-names -dwarf-version\=4 -debugger-tuning\=lldb -llvm-verify-each -dwarf-ext-refs -no-struct-path-tbaa -fexperimental-assignment-tracking\=disabled -no-enable-noundef-analysis -stack-protector-buffer-size 0 -finline-functions -debug-info-kind\=standalone -Os -fno-unroll-loops -fdiagnostics-hotness-threshold\=0 -fdiagnostics-misexpect-tolerance\=0 -fno-split-cold-code -D __GCC_HAVE_DWARF2_CFI_ASM\=1 -MT moduledependenciestarget -dependency-file /Users/runner/Library/Developer/Xcode/DerivedData/idownloadd-buyibqeibzuaejeouuwsxitpvtst/Build/Intermediates.noindex/ArchiveIntermediates/idownloadd/IntermediateBuildFilesPath/ExplicitPrecompiledModules/_stdint-4C1729EGY19JOJSM0H43R4RLC.d -skip-unused-modulemap-deps

PrecompileModule /Users/runner/Library/Developer/Xcode/DerivedData/idownloadd-buyibqeibzuaejeouuwsxitpvtst/Build/Intermediates.noindex/ArchiveIntermediates/idownloadd/IntermediateBuildFilesPath/ExplicitPrecompiledModules/_locale-BCPD9GF504ECVLKPB2M3AXZWF.scan
    cd /Users/runner/work/dopamine-extended/dopamine-extended/Dopamine/BaseBin/idownloadd/src
    builtin-precompileModule /Users/runner/Library/Developer/Xcode/DerivedData/idownloadd-buyibqeibzuaejeouuwsxitpvtst/Build/Intermediates.noindex/ArchiveIntermediates/idownloadd/IntermediateBuildFilesPath/ExplicitPrecompiledModules/_locale-BCPD9GF504ECVLKPB2M3AXZWF.scan
/Applications/Xcode_16.2.app/Contents/Developer/Toolchains/XcodeDefault.xctoolchain/usr/bin/clang -cc1 -fdiagnostics-show-note-include-stack -fmacro-backtrace-limit\=0 -ferror-limit 19 -serialize-diagnostic-file /Users/runner/Library/Developer/Xcode/DerivedData/idownloadd-buyibqeibzuaejeouuwsxitpvtst/Build/Intermediates.noindex/ArchiveIntermediates/idownloadd/IntermediateBuildFilesPath/ExplicitPrecompiledModules/_locale-BCPD9GF504ECVLKPB2M3AXZWF.dia -fsystem-module -fmodule-map-file\=/Applications/Xcode_16.2.app/Contents/Developer/Platforms/iPhoneOS.platform/Developer/SDKs/iPhoneOS18.2.sdk/usr/include/DarwinFoundation.modulemap -o /Users/runner/Library/Developer/Xcode/DerivedData/idownloadd-buyibqeibzuaejeouuwsxitpvtst/Build/Intermediates.noindex/ArchiveIntermediates/idownloadd/IntermediateBuildFilesPath/ExplicitPrecompiledModules/_locale-BCPD9GF504ECVLKPB2M3AXZWF.pcm -disable-free -emit-module -x c /Applications/Xcode_16.2.app/Contents/Developer/Platforms/iPhoneOS.platform/Developer/SDKs/iPhoneOS.sdk/usr/include/c_standard_library.modulemap -target-abi darwinpcs -target-cpu apple-a7 -target-feature +v8a -target-feature +aes -target-feature +fp-armv8 -target-feature +sha2 -target-feature +neon -target-feature +zcm -target-feature +zcz -triple arm64-apple-ios15.0.0 -target-linker-version 1115.7.3 -target-sdk-version\=18.2 -fmodules-validate-system-headers -fno-modules-prune-non-affecting-module-map-files -fno-modulemap-allow-subdirectory-search -isysroot /Applications/Xcode_16.2.app/Contents/Developer/Platforms/iPhoneOS.platform/Developer/SDKs/iPhoneOS18.2.sdk -resource-dir /Applications/Xcode_16.2.app/Contents/Developer/Toolchains/XcodeDefault.xctoolchain/usr/lib/clang/16 -fmodule-format\=obj -fmodule-file\=DarwinFoundation\=/Users/runner/Library/Developer/Xcode/DerivedData/idownloadd-buyibqeibzuaejeouuwsxitpvtst/Build/Intermediates.noindex/ArchiveIntermediates/idownloadd/IntermediateBuildFilesPath/ExplicitPrecompiledModules/DarwinFoundation-BS732VSG5ERO13MLOL3IHMHDZ.pcm -isystem /Applications/Xcode_16.2.app/Contents/Developer/Toolchains/XcodeDefault.xctoolchain/usr/lib/clang/16/include -internal-externc-isystem /Applications/Xcode_16.2.app/Contents/Developer/Platforms/iPhoneOS.platform/Developer/SDKs/iPhoneOS18.2.sdk/usr/include -ivfsstatcache /Users/runner/Library/Developer/Xcode/DerivedData/SDKStatCaches.noindex/iphoneos18.2-22C146-6f6929c68f51360d5ca70a73a7e0c2f9.sdkstatcache -std\=gnu11 -fmodules -fmodule-name\=_locale -fmodules-search-all -fno-implicit-modules -fmax-type-align\=16 -fstack-check -mdarwin-stkchk-strong-link -fno-odr-hash-protocols -pic-level 2 -disable-objc-default-synthesize-properties -stack-protector 1 -fgnuc-version\=4.2.1 -fblocks -ffp-contract\=off -fclang-abi-compat\=4.0 -fno-experimental-relative-c++-abi-vtables -fno-file-reproducible -clang-vendor-feature\=+disableNonDependentMemberExprInCurrentInstantiation -clang-vendor-feature\=+enableAggressiveVLAFolding -clang-vendor-feature\=+revert09abecef7bbf -clang-vendor-feature\=+thisNoAlignAttr -clang-vendor-feature\=+thisNoNullAttr -clang-vendor-feature\=+disableAtImportPrivateFrameworkInImplementationError -O2 -fcommon -fno-sanitize-address-use-odr-indicator -fno-sanitize-memory-param-retval -fmerge-all-constants -fno-verbose-asm -fregister-global-dtors-with-atexit -fno-use-init-array -funique-basic-block-section-names -dwarf-version\=4 -debugger-tuning\=lldb -llvm-verify-each -dwarf-ext-refs -no-struct-path-tbaa -fexperimental-assignment-tracking\=disabled -no-enable-noundef-analysis -stack-protector-buffer-size 0 -finline-functions -debug-info-kind\=standalone -Os -fno-unroll-loops -fdiagnostics-hotness-threshold\=0 -fdiagnostics-misexpect-tolerance\=0 -fno-split-cold-code -D __GCC_HAVE_DWARF2_CFI_ASM\=1 -MT moduledependenciestarget -dependency-file /Users/runner/Library/Developer/Xcode/DerivedData/idownloadd-buyibqeibzuaejeouuwsxitpvtst/Build/Intermediates.noindex/ArchiveIntermediates/idownloadd/IntermediateBuildFilesPath/ExplicitPrecompiledModules/_locale-BCPD9GF504ECVLKPB2M3AXZWF.d -skip-unused-modulemap-deps

PrecompileModule /Users/runner/Library/Developer/Xcode/DerivedData/idownloadd-buyibqeibzuaejeouuwsxitpvtst/Build/Intermediates.noindex/ArchiveIntermediates/idownloadd/IntermediateBuildFilesPath/ExplicitPrecompiledModules/_Builtin_limits-B7132PQ3C339FPDMXVLED9BJZ.scan
    cd /Users/runner/work/dopamine-extended/dopamine-extended/Dopamine/BaseBin/idownloadd/src
    builtin-precompileModule /Users/runner/Library/Developer/Xcode/DerivedData/idownloadd-buyibqeibzuaejeouuwsxitpvtst/Build/Intermediates.noindex/ArchiveIntermediates/idownloadd/IntermediateBuildFilesPath/ExplicitPrecompiledModules/_Builtin_limits-B7132PQ3C339FPDMXVLED9BJZ.scan
/Applications/Xcode_16.2.app/Contents/Developer/Toolchains/XcodeDefault.xctoolchain/usr/bin/clang -cc1 -fdiagnostics-show-note-include-stack -fmacro-backtrace-limit\=0 -ferror-limit 19 -serialize-diagnostic-file /Users/runner/Library/Developer/Xcode/DerivedData/idownloadd-buyibqeibzuaejeouuwsxitpvtst/Build/Intermediates.noindex/ArchiveIntermediates/idownloadd/IntermediateBuildFilesPath/ExplicitPrecompiledModules/_Builtin_limits-B7132PQ3C339FPDMXVLED9BJZ.dia -fsystem-module -fmodule-map-file\=/Applications/Xcode_16.2.app/Contents/Developer/Platforms/iPhoneOS.platform/Developer/SDKs/iPhoneOS18.2.sdk/usr/include/c_standard_library.modulemap -o /Users/runner/Library/Developer/Xcode/DerivedData/idownloadd-buyibqeibzuaejeouuwsxitpvtst/Build/Intermediates.noindex/ArchiveIntermediates/idownloadd/IntermediateBuildFilesPath/ExplicitPrecompiledModules/_Builtin_limits-B7132PQ3C339FPDMXVLED9BJZ.pcm -disable-free -emit-module -x c /Applications/Xcode_16.2.app/Contents/Developer/Toolchains/XcodeDefault.xctoolchain/usr/lib/clang/16/include/module.modulemap -target-abi darwinpcs -target-cpu apple-a7 -target-feature +v8a -target-feature +aes -target-feature +fp-armv8 -target-feature +sha2 -target-feature +neon -target-feature +zcm -target-feature +zcz -triple arm64-apple-ios15.0.0 -target-linker-version 1115.7.3 -target-sdk-version\=18.2 -fmodules-validate-system-headers -fno-modules-prune-non-affecting-module-map-files -fno-modulemap-allow-subdirectory-search -isysroot /Applications/Xcode_16.2.app/Contents/Developer/Platforms/iPhoneOS.platform/Developer/SDKs/iPhoneOS18.2.sdk -resource-dir /Applications/Xcode_16.2.app/Contents/Developer/Toolchains/XcodeDefault.xctoolchain/usr/lib/clang/16 -fmodule-format\=obj -fmodule-file\=_limits\=/Users/runner/Library/Developer/Xcode/DerivedData/idownloadd-buyibqeibzuaejeouuwsxitpvtst/Build/Intermediates.noindex/ArchiveIntermediates/idownloadd/IntermediateBuildFilesPath/ExplicitPrecompiledModules/_limits-RY0N225D6MWFD63KW598ZX2U.pcm -isystem /Applications/Xcode_16.2.app/Contents/Developer/Toolchains/XcodeDefault.xctoolchain/usr/lib/clang/16/include -internal-externc-isystem /Applications/Xcode_16.2.app/Contents/Developer/Platforms/iPhoneOS.platform/Developer/SDKs/iPhoneOS18.2.sdk/usr/include -ivfsstatcache /Users/runner/Library/Developer/Xcode/DerivedData/SDKStatCaches.noindex/iphoneos18.2-22C146-6f6929c68f51360d5ca70a73a7e0c2f9.sdkstatcache -std\=gnu11 -fmodules -fmodule-name\=_Builtin_limits -fmodules-search-all -fno-implicit-modules -fmax-type-align\=16 -fstack-check -mdarwin-stkchk-strong-link -fno-odr-hash-protocols -pic-level 2 -disable-objc-default-synthesize-properties -stack-protector 1 -fgnuc-version\=4.2.1 -fblocks -ffp-contract\=off -fclang-abi-compat\=4.0 -fno-experimental-relative-c++-abi-vtables -fno-file-reproducible -clang-vendor-feature\=+disableNonDependentMemberExprInCurrentInstantiation -clang-vendor-feature\=+enableAggressiveVLAFolding -clang-vendor-feature\=+revert09abecef7bbf -clang-vendor-feature\=+thisNoAlignAttr -clang-vendor-feature\=+thisNoNullAttr -clang-vendor-feature\=+disableAtImportPrivateFrameworkInImplementationError -O2 -fcommon -fno-sanitize-address-use-odr-indicator -fno-sanitize-memory-param-retval -fmerge-all-constants -fno-verbose-asm -fregister-global-dtors-with-atexit -fno-use-init-array -funique-basic-block-section-names -dwarf-version\=4 -debugger-tuning\=lldb -llvm-verify-each -dwarf-ext-refs -no-struct-path-tbaa -fexperimental-assignment-tracking\=disabled -no-enable-noundef-analysis -stack-protector-buffer-size 0 -finline-functions -debug-info-kind\=standalone -Os -fno-unroll-loops -fdiagnostics-hotness-threshold\=0 -fdiagnostics-misexpect-tolerance\=0 -fno-split-cold-code -D __GCC_HAVE_DWARF2_CFI_ASM\=1 -MT moduledependenciestarget -dependency-file /Users/runner/Library/Developer/Xcode/DerivedData/idownloadd-buyibqeibzuaejeouuwsxitpvtst/Build/Intermediates.noindex/ArchiveIntermediates/idownloadd/IntermediateBuildFilesPath/ExplicitPrecompiledModules/_Builtin_limits-B7132PQ3C339FPDMXVLED9BJZ.d -skip-unused-modulemap-deps

PrecompileModule /Users/runner/Library/Developer/Xcode/DerivedData/idownloadd-buyibqeibzuaejeouuwsxitpvtst/Build/Intermediates.noindex/ArchiveIntermediates/idownloadd/IntermediateBuildFilesPath/ExplicitPrecompiledModules/_useconds_t-42JDCSPKY095R9WTHOZ0OKW5V.scan
    cd /Users/runner/work/dopamine-extended/dopamine-extended/Dopamine/BaseBin/idownloadd/src
    builtin-precompileModule /Users/runner/Library/Developer/Xcode/DerivedData/idownloadd-buyibqeibzuaejeouuwsxitpvtst/Build/Intermediates.noindex/ArchiveIntermediates/idownloadd/IntermediateBuildFilesPath/ExplicitPrecompiledModules/_useconds_t-42JDCSPKY095R9WTHOZ0OKW5V.scan
/Applications/Xcode_16.2.app/Contents/Developer/Toolchains/XcodeDefault.xctoolchain/usr/bin/clang -cc1 -fdiagnostics-show-note-include-stack -fmacro-backtrace-limit\=0 -ferror-limit 19 -serialize-diagnostic-file /Users/runner/Library/Developer/Xcode/DerivedData/idownloadd-buyibqeibzuaejeouuwsxitpvtst/Build/Intermediates.noindex/ArchiveIntermediates/idownloadd/IntermediateBuildFilesPath/ExplicitPrecompiledModules/_useconds_t-42JDCSPKY095R9WTHOZ0OKW5V.dia -fsystem-module -fmodule-map-file\=/Applications/Xcode_16.2.app/Contents/Developer/Platforms/iPhoneOS.platform/Developer/SDKs/iPhoneOS18.2.sdk/usr/include/DarwinFoundation.modulemap -o /Users/runner/Library/Developer/Xcode/DerivedData/idownloadd-buyibqeibzuaejeouuwsxitpvtst/Build/Intermediates.noindex/ArchiveIntermediates/idownloadd/IntermediateBuildFilesPath/ExplicitPrecompiledModules/_useconds_t-42JDCSPKY095R9WTHOZ0OKW5V.pcm -disable-free -emit-module -x c /Applications/Xcode_16.2.app/Contents/Developer/Platforms/iPhoneOS.platform/Developer/SDKs/iPhoneOS.sdk/usr/include/DarwinFoundation.modulemap -target-abi darwinpcs -target-cpu apple-a7 -target-feature +v8a -target-feature +aes -target-feature +fp-armv8 -target-feature +sha2 -target-feature +neon -target-feature +zcm -target-feature +zcz -triple arm64-apple-ios15.0.0 -target-linker-version 1115.7.3 -target-sdk-version\=18.2 -fmodules-validate-system-headers -fno-modules-prune-non-affecting-module-map-files -fno-modulemap-allow-subdirectory-search -isysroot /Applications/Xcode_16.2.app/Contents/Developer/Platforms/iPhoneOS.platform/Developer/SDKs/iPhoneOS18.2.sdk -resource-dir /Applications/Xcode_16.2.app/Contents/Developer/Toolchains/XcodeDefault.xctoolchain/usr/lib/clang/16 -fmodule-format\=obj -fmodule-file\=DarwinFoundation\=/Users/runner/Library/Developer/Xcode/DerivedData/idownloadd-buyibqeibzuaejeouuwsxitpvtst/Build/Intermediates.noindex/ArchiveIntermediates/idownloadd/IntermediateBuildFilesPath/ExplicitPrecompiledModules/DarwinFoundation-BS732VSG5ERO13MLOL3IHMHDZ.pcm -isystem /Applications/Xcode_16.2.app/Contents/Developer/Toolchains/XcodeDefault.xctoolchain/usr/lib/clang/16/include -internal-externc-isystem /Applications/Xcode_16.2.app/Contents/Developer/Platforms/iPhoneOS.platform/Developer/SDKs/iPhoneOS18.2.sdk/usr/include -ivfsstatcache /Users/runner/Library/Developer/Xcode/DerivedData/SDKStatCaches.noindex/iphoneos18.2-22C146-6f6929c68f51360d5ca70a73a7e0c2f9.sdkstatcache -std\=gnu11 -fmodules -fmodule-name\=_useconds_t -fmodules-search-all -fno-implicit-modules -fmax-type-align\=16 -fstack-check -mdarwin-stkchk-strong-link -fno-odr-hash-protocols -pic-level 2 -disable-objc-default-synthesize-properties -stack-protector 1 -fgnuc-version\=4.2.1 -fblocks -ffp-contract\=off -fclang-abi-compat\=4.0 -fno-experimental-relative-c++-abi-vtables -fno-file-reproducible -clang-vendor-feature\=+disableNonDependentMemberExprInCurrentInstantiation -clang-vendor-feature\=+enableAggressiveVLAFolding -clang-vendor-feature\=+revert09abecef7bbf -clang-vendor-feature\=+thisNoAlignAttr -clang-vendor-feature\=+thisNoNullAttr -clang-vendor-feature\=+disableAtImportPrivateFrameworkInImplementationError -O2 -fcommon -fno-sanitize-address-use-odr-indicator -fno-sanitize-memory-param-retval -fmerge-all-constants -fno-verbose-asm -fregister-global-dtors-with-atexit -fno-use-init-array -funique-basic-block-section-names -dwarf-version\=4 -debugger-tuning\=lldb -llvm-verify-each -dwarf-ext-refs -no-struct-path-tbaa -fexperimental-assignment-tracking\=disabled -no-enable-noundef-analysis -stack-protector-buffer-size 0 -finline-functions -debug-info-kind\=standalone -Os -fno-unroll-loops -fdiagnostics-hotness-threshold\=0 -fdiagnostics-misexpect-tolerance\=0 -fno-split-cold-code -D __GCC_HAVE_DWARF2_CFI_ASM\=1 -MT moduledependenciestarget -dependency-file /Users/runner/Library/Developer/Xcode/DerivedData/idownloadd-buyibqeibzuaejeouuwsxitpvtst/Build/Intermediates.noindex/ArchiveIntermediates/idownloadd/IntermediateBuildFilesPath/ExplicitPrecompiledModules/_useconds_t-42JDCSPKY095R9WTHOZ0OKW5V.d -skip-unused-modulemap-deps

PrecompileModule /Users/runner/Library/Developer/Xcode/DerivedData/idownloadd-buyibqeibzuaejeouuwsxitpvtst/Build/Intermediates.noindex/ArchiveIntermediates/idownloadd/IntermediateBuildFilesPath/ExplicitPrecompiledModules/_Builtin_stdint-32IPPNUXMK5UKGPFP899IRCD3.scan
    cd /Users/runner/work/dopamine-extended/dopamine-extended/Dopamine/BaseBin/idownloadd/src
    builtin-precompileModule /Users/runner/Library/Developer/Xcode/DerivedData/idownloadd-buyibqeibzuaejeouuwsxitpvtst/Build/Intermediates.noindex/ArchiveIntermediates/idownloadd/IntermediateBuildFilesPath/ExplicitPrecompiledModules/_Builtin_stdint-32IPPNUXMK5UKGPFP899IRCD3.scan
/Applications/Xcode_16.2.app/Contents/Developer/Toolchains/XcodeDefault.xctoolchain/usr/bin/clang -cc1 -fdiagnostics-show-note-include-stack -fmacro-backtrace-limit\=0 -ferror-limit 19 -serialize-diagnostic-file /Users/runner/Library/Developer/Xcode/DerivedData/idownloadd-buyibqeibzuaejeouuwsxitpvtst/Build/Intermediates.noindex/ArchiveIntermediates/idownloadd/IntermediateBuildFilesPath/ExplicitPrecompiledModules/_Builtin_stdint-32IPPNUXMK5UKGPFP899IRCD3.dia -fsystem-module -fmodule-map-file\=/Applications/Xcode_16.2.app/Contents/Developer/Platforms/iPhoneOS.platform/Developer/SDKs/iPhoneOS18.2.sdk/usr/include/c_standard_library.modulemap -o /Users/runner/Library/Developer/Xcode/DerivedData/idownloadd-buyibqeibzuaejeouuwsxitpvtst/Build/Intermediates.noindex/ArchiveIntermediates/idownloadd/IntermediateBuildFilesPath/ExplicitPrecompiledModules/_Builtin_stdint-32IPPNUXMK5UKGPFP899IRCD3.pcm -disable-free -emit-module -x c /Applications/Xcode_16.2.app/Contents/Developer/Toolchains/XcodeDefault.xctoolchain/usr/lib/clang/16/include/module.modulemap -target-abi darwinpcs -target-cpu apple-a7 -target-feature +v8a -target-feature +aes -target-feature +fp-armv8 -target-feature +sha2 -target-feature +neon -target-feature +zcm -target-feature +zcz -triple arm64-apple-ios15.0.0 -target-linker-version 1115.7.3 -target-sdk-version\=18.2 -fmodules-validate-system-headers -fno-modules-prune-non-affecting-module-map-files -fno-modulemap-allow-subdirectory-search -isysroot /Applications/Xcode_16.2.app/Contents/Developer/Platforms/iPhoneOS.platform/Developer/SDKs/iPhoneOS18.2.sdk -resource-dir /Applications/Xcode_16.2.app/Contents/Developer/Toolchains/XcodeDefault.xctoolchain/usr/lib/clang/16 -fmodule-format\=obj -fmodule-file\=_stdint\=/Users/runner/Library/Developer/Xcode/DerivedData/idownloadd-buyibqeibzuaejeouuwsxitpvtst/Build/Intermediates.noindex/ArchiveIntermediates/idownloadd/IntermediateBuildFilesPath/ExplicitPrecompiledModules/_stdint-4C1729EGY19JOJSM0H43R4RLC.pcm -isystem /Applications/Xcode_16.2.app/Contents/Developer/Toolchains/XcodeDefault.xctoolchain/usr/lib/clang/16/include -internal-externc-isystem /Applications/Xcode_16.2.app/Contents/Developer/Platforms/iPhoneOS.platform/Developer/SDKs/iPhoneOS18.2.sdk/usr/include -ivfsstatcache /Users/runner/Library/Developer/Xcode/DerivedData/SDKStatCaches.noindex/iphoneos18.2-22C146-6f6929c68f51360d5ca70a73a7e0c2f9.sdkstatcache -std\=gnu11 -fmodules -fmodule-name\=_Builtin_stdint -fmodules-search-all -fno-implicit-modules -fmax-type-align\=16 -fstack-check -mdarwin-stkchk-strong-link -fno-odr-hash-protocols -pic-level 2 -disable-objc-default-synthesize-properties -stack-protector 1 -fgnuc-version\=4.2.1 -fblocks -ffp-contract\=off -fclang-abi-compat\=4.0 -fno-experimental-relative-c++-abi-vtables -fno-file-reproducible -clang-vendor-feature\=+disableNonDependentMemberExprInCurrentInstantiation -clang-vendor-feature\=+enableAggressiveVLAFolding -clang-vendor-feature\=+revert09abecef7bbf -clang-vendor-feature\=+thisNoAlignAttr -clang-vendor-feature\=+thisNoNullAttr -clang-vendor-feature\=+disableAtImportPrivateFrameworkInImplementationError -O2 -fcommon -fno-sanitize-address-use-odr-indicator -fno-sanitize-memory-param-retval -fmerge-all-constants -fno-verbose-asm -fregister-global-dtors-with-atexit -fno-use-init-array -funique-basic-block-section-names -dwarf-version\=4 -debugger-tuning\=lldb -llvm-verify-each -dwarf-ext-refs -no-struct-path-tbaa -fexperimental-assignment-tracking\=disabled -no-enable-noundef-analysis -stack-protector-buffer-size 0 -finline-functions -debug-info-kind\=standalone -Os -fno-unroll-loops -fdiagnostics-hotness-threshold\=0 -fdiagnostics-misexpect-tolerance\=0 -fno-split-cold-code -D __GCC_HAVE_DWARF2_CFI_ASM\=1 -MT moduledependenciestarget -dependency-file /Users/runner/Library/Developer/Xcode/DerivedData/idownloadd-buyibqeibzuaejeouuwsxitpvtst/Build/Intermediates.noindex/ArchiveIntermediates/idownloadd/IntermediateBuildFilesPath/ExplicitPrecompiledModules/_Builtin_stdint-32IPPNUXMK5UKGPFP899IRCD3.d -skip-unused-modulemap-deps

PrecompileModule /Users/runner/Library/Developer/Xcode/DerivedData/idownloadd-buyibqeibzuaejeouuwsxitpvtst/Build/Intermediates.noindex/ArchiveIntermediates/idownloadd/IntermediateBuildFilesPath/ExplicitPrecompiledModules/sys_time-66OB7D7GB2PK0MNAVHB22394C.scan
    cd /Users/runner/work/dopamine-extended/dopamine-extended/Dopamine/BaseBin/idownloadd/src
    builtin-precompileModule /Users/runner/Library/Developer/Xcode/DerivedData/idownloadd-buyibqeibzuaejeouuwsxitpvtst/Build/Intermediates.noindex/ArchiveIntermediates/idownloadd/IntermediateBuildFilesPath/ExplicitPrecompiledModules/sys_time-66OB7D7GB2PK0MNAVHB22394C.scan
/Applications/Xcode_16.2.app/Contents/Developer/Toolchains/XcodeDefault.xctoolchain/usr/bin/clang -cc1 -fdiagnostics-show-note-include-stack -fmacro-backtrace-limit\=0 -ferror-limit 19 -serialize-diagnostic-file /Users/runner/Library/Developer/Xcode/DerivedData/idownloadd-buyibqeibzuaejeouuwsxitpvtst/Build/Intermediates.noindex/ArchiveIntermediates/idownloadd/IntermediateBuildFilesPath/ExplicitPrecompiledModules/sys_time-66OB7D7GB2PK0MNAVHB22394C.dia -fsystem-module -fmodule-map-file\=/Applications/Xcode_16.2.app/Contents/Developer/Platforms/iPhoneOS.platform/Developer/SDKs/iPhoneOS18.2.sdk/usr/include/DarwinFoundation.modulemap -o /Users/runner/Library/Developer/Xcode/DerivedData/idownloadd-buyibqeibzuaejeouuwsxitpvtst/Build/Intermediates.noindex/ArchiveIntermediates/idownloadd/IntermediateBuildFilesPath/ExplicitPrecompiledModules/sys_time-66OB7D7GB2PK0MNAVHB22394C.pcm -disable-free -emit-module -x c /Applications/Xcode_16.2.app/Contents/Developer/Platforms/iPhoneOS.platform/Developer/SDKs/iPhoneOS.sdk/usr/include/DarwinFoundation.modulemap -target-abi darwinpcs -target-cpu apple-a7 -target-feature +v8a -target-feature +aes -target-feature +fp-armv8 -target-feature +sha2 -target-feature +neon -target-feature +zcm -target-feature +zcz -triple arm64-apple-ios15.0.0 -target-linker-version 1115.7.3 -target-sdk-version\=18.2 -fmodules-validate-system-headers -fno-modules-prune-non-affecting-module-map-files -fno-modulemap-allow-subdirectory-search -isysroot /Applications/Xcode_16.2.app/Contents/Developer/Platforms/iPhoneOS.platform/Developer/SDKs/iPhoneOS18.2.sdk -resource-dir /Applications/Xcode_16.2.app/Contents/Developer/Toolchains/XcodeDefault.xctoolchain/usr/lib/clang/16 -fmodule-format\=obj -fmodule-file\=DarwinFoundation\=/Users/runner/Library/Developer/Xcode/DerivedData/idownloadd-buyibqeibzuaejeouuwsxitpvtst/Build/Intermediates.noindex/ArchiveIntermediates/idownloadd/IntermediateBuildFilesPath/ExplicitPrecompiledModules/DarwinFoundation-BS732VSG5ERO13MLOL3IHMHDZ.pcm -isystem /Applications/Xcode_16.2.app/Contents/Developer/Toolchains/XcodeDefault.xctoolchain/usr/lib/clang/16/include -internal-externc-isystem /Applications/Xcode_16.2.app/Contents/Developer/Platforms/iPhoneOS.platform/Developer/SDKs/iPhoneOS18.2.sdk/usr/include -ivfsstatcache /Users/runner/Library/Developer/Xcode/DerivedData/SDKStatCaches.noindex/iphoneos18.2-22C146-6f6929c68f51360d5ca70a73a7e0c2f9.sdkstatcache -std\=gnu11 -fmodules -fmodule-name\=sys_time -fmodules-search-all -fno-implicit-modules -fmax-type-align\=16 -fstack-check -mdarwin-stkchk-strong-link -fno-odr-hash-protocols -pic-level 2 -disable-objc-default-synthesize-properties -stack-protector 1 -fgnuc-version\=4.2.1 -fblocks -ffp-contract\=off -fclang-abi-compat\=4.0 -fno-experimental-relative-c++-abi-vtables -fno-file-reproducible -clang-vendor-feature\=+disableNonDependentMemberExprInCurrentInstantiation -clang-vendor-feature\=+enableAggressiveVLAFolding -clang-vendor-feature\=+revert09abecef7bbf -clang-vendor-feature\=+thisNoAlignAttr -clang-vendor-feature\=+thisNoNullAttr -clang-vendor-feature\=+disableAtImportPrivateFrameworkInImplementationError -O2 -fcommon -fno-sanitize-address-use-odr-indicator -fno-sanitize-memory-param-retval -fmerge-all-constants -fno-verbose-asm -fregister-global-dtors-with-atexit -fno-use-init-array -funique-basic-block-section-names -dwarf-version\=4 -debugger-tuning\=lldb -llvm-verify-each -dwarf-ext-refs -no-struct-path-tbaa -fexperimental-assignment-tracking\=disabled -no-enable-noundef-analysis -stack-protector-buffer-size 0 -finline-functions -debug-info-kind\=standalone -Os -fno-unroll-loops -fdiagnostics-hotness-threshold\=0 -fdiagnostics-misexpect-tolerance\=0 -fno-split-cold-code -D __GCC_HAVE_DWARF2_CFI_ASM\=1 -MT moduledependenciestarget -dependency-file /Users/runner/Library/Developer/Xcode/DerivedData/idownloadd-buyibqeibzuaejeouuwsxitpvtst/Build/Intermediates.noindex/ArchiveIntermediates/idownloadd/IntermediateBuildFilesPath/ExplicitPrecompiledModules/sys_time-66OB7D7GB2PK0MNAVHB22394C.d -skip-unused-modulemap-deps

PrecompileModule /Users/runner/Library/Developer/Xcode/DerivedData/idownloadd-buyibqeibzuaejeouuwsxitpvtst/Build/Intermediates.noindex/ArchiveIntermediates/idownloadd/IntermediateBuildFilesPath/ExplicitPrecompiledModules/xlocale-BQW4575VUCW6GC8MFGL68FJCM.scan
    cd /Users/runner/work/dopamine-extended/dopamine-extended/Dopamine/BaseBin/idownloadd/src
    builtin-precompileModule /Users/runner/Library/Developer/Xcode/DerivedData/idownloadd-buyibqeibzuaejeouuwsxitpvtst/Build/Intermediates.noindex/ArchiveIntermediates/idownloadd/IntermediateBuildFilesPath/ExplicitPrecompiledModules/xlocale-BQW4575VUCW6GC8MFGL68FJCM.scan
/Applications/Xcode_16.2.app/Contents/Developer/Toolchains/XcodeDefault.xctoolchain/usr/bin/clang -cc1 -fdiagnostics-show-note-include-stack -fmacro-backtrace-limit\=0 -ferror-limit 19 -serialize-diagnostic-file /Users/runner/Library/Developer/Xcode/DerivedData/idownloadd-buyibqeibzuaejeouuwsxitpvtst/Build/Intermediates.noindex/ArchiveIntermediates/idownloadd/IntermediateBuildFilesPath/ExplicitPrecompiledModules/xlocale-BQW4575VUCW6GC8MFGL68FJCM.dia -fsystem-module -fmodule-map-file\=/Applications/Xcode_16.2.app/Contents/Developer/Platforms/iPhoneOS.platform/Developer/SDKs/iPhoneOS18.2.sdk/usr/include/c_standard_library.modulemap -fmodule-map-file\=/Applications/Xcode_16.2.app/Contents/Developer/Platforms/iPhoneOS.platform/Developer/SDKs/iPhoneOS18.2.sdk/usr/include/DarwinFoundation.modulemap -o /Users/runner/Library/Developer/Xcode/DerivedData/idownloadd-buyibqeibzuaejeouuwsxitpvtst/Build/Intermediates.noindex/ArchiveIntermediates/idownloadd/IntermediateBuildFilesPath/ExplicitPrecompiledModules/xlocale-BQW4575VUCW6GC8MFGL68FJCM.pcm -disable-free -emit-module -x c /Applications/Xcode_16.2.app/Contents/Developer/Platforms/iPhoneOS.platform/Developer/SDKs/iPhoneOS.sdk/usr/include/DarwinBasic.modulemap -target-abi darwinpcs -target-cpu apple-a7 -target-feature +v8a -target-feature +aes -target-feature +fp-armv8 -target-feature +sha2 -target-feature +neon -target-feature +zcm -target-feature +zcz -triple arm64-apple-ios15.0.0 -target-linker-version 1115.7.3 -target-sdk-version\=18.2 -fmodules-validate-system-headers -fno-modules-prune-non-affecting-module-map-files -fno-modulemap-allow-subdirectory-search -isysroot /Applications/Xcode_16.2.app/Contents/Developer/Platforms/iPhoneOS.platform/Developer/SDKs/iPhoneOS18.2.sdk -resource-dir /Applications/Xcode_16.2.app/Contents/Developer/Toolchains/XcodeDefault.xctoolchain/usr/lib/clang/16 -fmodule-format\=obj -fmodule-file\=DarwinFoundation\=/Users/runner/Library/Developer/Xcode/DerivedData/idownloadd-buyibqeibzuaejeouuwsxitpvtst/Build/Intermediates.noindex/ArchiveIntermediates/idownloadd/IntermediateBuildFilesPath/ExplicitPrecompiledModules/DarwinFoundation-BS732VSG5ERO13MLOL3IHMHDZ.pcm -fmodule-file\=_locale\=/Users/runner/Library/Developer/Xcode/DerivedData/idownloadd-buyibqeibzuaejeouuwsxitpvtst/Build/Intermediates.noindex/ArchiveIntermediates/idownloadd/IntermediateBuildFilesPath/ExplicitPrecompiledModules/_locale-BCPD9GF504ECVLKPB2M3AXZWF.pcm -isystem /Applications/Xcode_16.2.app/Contents/Developer/Toolchains/XcodeDefault.xctoolchain/usr/lib/clang/16/include -internal-externc-isystem /Applications/Xcode_16.2.app/Contents/Developer/Platforms/iPhoneOS.platform/Developer/SDKs/iPhoneOS18.2.sdk/usr/include -ivfsstatcache /Users/runner/Library/Developer/Xcode/DerivedData/SDKStatCaches.noindex/iphoneos18.2-22C146-6f6929c68f51360d5ca70a73a7e0c2f9.sdkstatcache -std\=gnu11 -fmodules -fmodule-name\=xlocale -fmodules-search-all -fno-implicit-modules -fmax-type-align\=16 -fstack-check -mdarwin-stkchk-strong-link -fno-odr-hash-protocols -pic-level 2 -disable-objc-default-synthesize-properties -stack-protector 1 -fgnuc-version\=4.2.1 -fblocks -ffp-contract\=off -fclang-abi-compat\=4.0 -fno-experimental-relative-c++-abi-vtables -fno-file-reproducible -clang-vendor-feature\=+disableNonDependentMemberExprInCurrentInstantiation -clang-vendor-feature\=+enableAggressiveVLAFolding -clang-vendor-feature\=+revert09abecef7bbf -clang-vendor-feature\=+thisNoAlignAttr -clang-vendor-feature\=+thisNoNullAttr -clang-vendor-feature\=+disableAtImportPrivateFrameworkInImplementationError -O2 -fcommon -fno-sanitize-address-use-odr-indicator -fno-sanitize-memory-param-retval -fmerge-all-constants -fno-verbose-asm -fregister-global-dtors-with-atexit -fno-use-init-array -funique-basic-block-section-names -dwarf-version\=4 -debugger-tuning\=lldb -llvm-verify-each -dwarf-ext-refs -no-struct-path-tbaa -fexperimental-assignment-tracking\=disabled -no-enable-noundef-analysis -stack-protector-buffer-size 0 -finline-functions -debug-info-kind\=standalone -Os -fno-unroll-loops -fdiagnostics-hotness-threshold\=0 -fdiagnostics-misexpect-tolerance\=0 -fno-split-cold-code -D __GCC_HAVE_DWARF2_CFI_ASM\=1 -MT moduledependenciestarget -dependency-file /Users/runner/Library/Developer/Xcode/DerivedData/idownloadd-buyibqeibzuaejeouuwsxitpvtst/Build/Intermediates.noindex/ArchiveIntermediates/idownloadd/IntermediateBuildFilesPath/ExplicitPrecompiledModules/xlocale-BQW4575VUCW6GC8MFGL68FJCM.d -skip-unused-modulemap-deps

PrecompileModule /Users/runner/Library/Developer/Xcode/DerivedData/idownloadd-buyibqeibzuaejeouuwsxitpvtst/Build/Intermediates.noindex/ArchiveIntermediates/idownloadd/IntermediateBuildFilesPath/ExplicitPrecompiledModules/runetype-3KNR9Z8VZZTV1D6MVAVUW4QHS.scan
    cd /Users/runner/work/dopamine-extended/dopamine-extended/Dopamine/BaseBin/idownloadd/src
    builtin-precompileModule /Users/runner/Library/Developer/Xcode/DerivedData/idownloadd-buyibqeibzuaejeouuwsxitpvtst/Build/Intermediates.noindex/ArchiveIntermediates/idownloadd/IntermediateBuildFilesPath/ExplicitPrecompiledModules/runetype-3KNR9Z8VZZTV1D6MVAVUW4QHS.scan
/Applications/Xcode_16.2.app/Contents/Developer/Toolchains/XcodeDefault.xctoolchain/usr/bin/clang -cc1 -fdiagnostics-show-note-include-stack -fmacro-backtrace-limit\=0 -ferror-limit 19 -serialize-diagnostic-file /Users/runner/Library/Developer/Xcode/DerivedData/idownloadd-buyibqeibzuaejeouuwsxitpvtst/Build/Intermediates.noindex/ArchiveIntermediates/idownloadd/IntermediateBuildFilesPath/ExplicitPrecompiledModules/runetype-3KNR9Z8VZZTV1D6MVAVUW4QHS.dia -fsystem-module -fmodule-map-file\=/Applications/Xcode_16.2.app/Contents/Developer/Platforms/iPhoneOS.platform/Developer/SDKs/iPhoneOS18.2.sdk/usr/include/DarwinFoundation.modulemap -o /Users/runner/Library/Developer/Xcode/DerivedData/idownloadd-buyibqeibzuaejeouuwsxitpvtst/Build/Intermediates.noindex/ArchiveIntermediates/idownloadd/IntermediateBuildFilesPath/ExplicitPrecompiledModules/runetype-3KNR9Z8VZZTV1D6MVAVUW4QHS.pcm -disable-free -emit-module -x c /Applications/Xcode_16.2.app/Contents/Developer/Platforms/iPhoneOS.platform/Developer/SDKs/iPhoneOS.sdk/usr/include/DarwinBasic.modulemap -target-abi darwinpcs -target-cpu apple-a7 -target-feature +v8a -target-feature +aes -target-feature +fp-armv8 -target-feature +sha2 -target-feature +neon -target-feature +zcm -target-feature +zcz -triple arm64-apple-ios15.0.0 -target-linker-version 1115.7.3 -target-sdk-version\=18.2 -fmodules-validate-system-headers -fno-modules-prune-non-affecting-module-map-files -fno-modulemap-allow-subdirectory-search -isysroot /Applications/Xcode_16.2.app/Contents/Developer/Platforms/iPhoneOS.platform/Developer/SDKs/iPhoneOS18.2.sdk -resource-dir /Applications/Xcode_16.2.app/Contents/Developer/Toolchains/XcodeDefault.xctoolchain/usr/lib/clang/16 -fmodule-format\=obj -fmodule-file\=DarwinFoundation\=/Users/runner/Library/Developer/Xcode/DerivedData/idownloadd-buyibqeibzuaejeouuwsxitpvtst/Build/Intermediates.noindex/ArchiveIntermediates/idownloadd/IntermediateBuildFilesPath/ExplicitPrecompiledModules/DarwinFoundation-BS732VSG5ERO13MLOL3IHMHDZ.pcm -isystem /Applications/Xcode_16.2.app/Contents/Developer/Toolchains/XcodeDefault.xctoolchain/usr/lib/clang/16/include -internal-externc-isystem /Applications/Xcode_16.2.app/Contents/Developer/Platforms/iPhoneOS.platform/Developer/SDKs/iPhoneOS18.2.sdk/usr/include -ivfsstatcache /Users/runner/Library/Developer/Xcode/DerivedData/SDKStatCaches.noindex/iphoneos18.2-22C146-6f6929c68f51360d5ca70a73a7e0c2f9.sdkstatcache -std\=gnu11 -fmodules -fmodule-name\=runetype -fmodules-search-all -fno-implicit-modules -fmax-type-align\=16 -fstack-check -mdarwin-stkchk-strong-link -fno-odr-hash-protocols -pic-level 2 -disable-objc-default-synthesize-properties -stack-protector 1 -fgnuc-version\=4.2.1 -fblocks -ffp-contract\=off -fclang-abi-compat\=4.0 -fno-experimental-relative-c++-abi-vtables -fno-file-reproducible -clang-vendor-feature\=+disableNonDependentMemberExprInCurrentInstantiation -clang-vendor-feature\=+enableAggressiveVLAFolding -clang-vendor-feature\=+revert09abecef7bbf -clang-vendor-feature\=+thisNoAlignAttr -clang-vendor-feature\=+thisNoNullAttr -clang-vendor-feature\=+disableAtImportPrivateFrameworkInImplementationError -O2 -fcommon -fno-sanitize-address-use-odr-indicator -fno-sanitize-memory-param-retval -fmerge-all-constants -fno-verbose-asm -fregister-global-dtors-with-atexit -fno-use-init-array -funique-basic-block-section-names -dwarf-version\=4 -debugger-tuning\=lldb -llvm-verify-each -dwarf-ext-refs -no-struct-path-tbaa -fexperimental-assignment-tracking\=disabled -no-enable-noundef-analysis -stack-protector-buffer-size 0 -finline-functions -debug-info-kind\=standalone -Os -fno-unroll-loops -fdiagnostics-hotness-threshold\=0 -fdiagnostics-misexpect-tolerance\=0 -fno-split-cold-code -D __GCC_HAVE_DWARF2_CFI_ASM\=1 -MT moduledependenciestarget -dependency-file /Users/runner/Library/Developer/Xcode/DerivedData/idownloadd-buyibqeibzuaejeouuwsxitpvtst/Build/Intermediates.noindex/ArchiveIntermediates/idownloadd/IntermediateBuildFilesPath/ExplicitPrecompiledModules/runetype-3KNR9Z8VZZTV1D6MVAVUW4QHS.d -skip-unused-modulemap-deps

PrecompileModule /Users/runner/Library/Developer/Xcode/DerivedData/idownloadd-buyibqeibzuaejeouuwsxitpvtst/Build/Intermediates.noindex/ArchiveIntermediates/idownloadd/IntermediateBuildFilesPath/ExplicitPrecompiledModules/_inttypes-B4PPD2QX5D5XKY633553RMJ3X.scan
    cd /Users/runner/work/dopamine-extended/dopamine-extended/Dopamine/BaseBin/idownloadd/src
    builtin-precompileModule /Users/runner/Library/Developer/Xcode/DerivedData/idownloadd-buyibqeibzuaejeouuwsxitpvtst/Build/Intermediates.noindex/ArchiveIntermediates/idownloadd/IntermediateBuildFilesPath/ExplicitPrecompiledModules/_inttypes-B4PPD2QX5D5XKY633553RMJ3X.scan
/Applications/Xcode_16.2.app/Contents/Developer/Toolchains/XcodeDefault.xctoolchain/usr/bin/clang -cc1 -fdiagnostics-show-note-include-stack -fmacro-backtrace-limit\=0 -ferror-limit 19 -serialize-diagnostic-file /Users/runner/Library/Developer/Xcode/DerivedData/idownloadd-buyibqeibzuaejeouuwsxitpvtst/Build/Intermediates.noindex/ArchiveIntermediates/idownloadd/IntermediateBuildFilesPath/ExplicitPrecompiledModules/_inttypes-B4PPD2QX5D5XKY633553RMJ3X.dia -fsystem-module -fmodule-map-file\=/Applications/Xcode_16.2.app/Contents/Developer/Platforms/iPhoneOS.platform/Developer/SDKs/iPhoneOS18.2.sdk/usr/include/DarwinFoundation.modulemap -fmodule-map-file\=/Applications/Xcode_16.2.app/Contents/Developer/Platforms/iPhoneOS.platform/Developer/SDKs/iPhoneOS18.2.sdk/usr/include/os_availability.modulemap -fmodule-map-file\=/Applications/Xcode_16.2.app/Contents/Developer/Toolchains/XcodeDefault.xctoolchain/usr/lib/clang/16/include/module.modulemap -o /Users/runner/Library/Developer/Xcode/DerivedData/idownloadd-buyibqeibzuaejeouuwsxitpvtst/Build/Intermediates.noindex/ArchiveIntermediates/idownloadd/IntermediateBuildFilesPath/ExplicitPrecompiledModules/_inttypes-B4PPD2QX5D5XKY633553RMJ3X.pcm -disable-free -emit-module -x c /Applications/Xcode_16.2.app/Contents/Developer/Platforms/iPhoneOS.platform/Developer/SDKs/iPhoneOS.sdk/usr/include/c_standard_library.modulemap -target-abi darwinpcs -target-cpu apple-a7 -target-feature +v8a -target-feature +aes -target-feature +fp-armv8 -target-feature +sha2 -target-feature +neon -target-feature +zcm -target-feature +zcz -triple arm64-apple-ios15.0.0 -target-linker-version 1115.7.3 -target-sdk-version\=18.2 -fmodules-validate-system-headers -fno-modules-prune-non-affecting-module-map-files -fno-modulemap-allow-subdirectory-search -isysroot /Applications/Xcode_16.2.app/Contents/Developer/Platforms/iPhoneOS.platform/Developer/SDKs/iPhoneOS18.2.sdk -resource-dir /Applications/Xcode_16.2.app/Contents/Developer/Toolchains/XcodeDefault.xctoolchain/usr/lib/clang/16 -fmodule-format\=obj -fmodule-file\=DarwinFoundation\=/Users/runner/Library/Developer/Xcode/DerivedData/idownloadd-buyibqeibzuaejeouuwsxitpvtst/Build/Intermediates.noindex/ArchiveIntermediates/idownloadd/IntermediateBuildFilesPath/ExplicitPrecompiledModules/DarwinFoundation-BS732VSG5ERO13MLOL3IHMHDZ.pcm -fmodule-file\=_Builtin_stddef\=/Users/runner/Library/Developer/Xcode/DerivedData/idownloadd-buyibqeibzuaejeouuwsxitpvtst/Build/Intermediates.noindex/ArchiveIntermediates/idownloadd/IntermediateBuildFilesPath/ExplicitPrecompiledModules/_Builtin_stddef-4DDFN0QOMUUWZWGJG3KUVJ4JM.pcm -fmodule-file\=_Builtin_stdint\=/Users/runner/Library/Developer/Xcode/DerivedData/idownloadd-buyibqeibzuaejeouuwsxitpvtst/Build/Intermediates.noindex/ArchiveIntermediates/idownloadd/IntermediateBuildFilesPath/ExplicitPrecompiledModules/_Builtin_stdint-32IPPNUXMK5UKGPFP899IRCD3.pcm -fmodule-file\=os_availability\=/Users/runner/Library/Developer/Xcode/DerivedData/idownloadd-buyibqeibzuaejeouuwsxitpvtst/Build/Intermediates.noindex/ArchiveIntermediates/idownloadd/IntermediateBuildFilesPath/ExplicitPrecompiledModules/os_availability-8QAK4H1NV59LBT8PA90U4FAD4.pcm -isystem /Applications/Xcode_16.2.app/Contents/Developer/Toolchains/XcodeDefault.xctoolchain/usr/lib/clang/16/include -internal-externc-isystem /Applications/Xcode_16.2.app/Contents/Developer/Platforms/iPhoneOS.platform/Developer/SDKs/iPhoneOS18.2.sdk/usr/include -ivfsstatcache /Users/runner/Library/Developer/Xcode/DerivedData/SDKStatCaches.noindex/iphoneos18.2-22C146-6f6929c68f51360d5ca70a73a7e0c2f9.sdkstatcache -std\=gnu11 -fmodules -fmodule-name\=_inttypes -fmodules-search-all -fno-implicit-modules -fmax-type-align\=16 -fstack-check -mdarwin-stkchk-strong-link -fno-odr-hash-protocols -pic-level 2 -disable-objc-default-synthesize-properties -stack-protector 1 -fgnuc-version\=4.2.1 -fblocks -ffp-contract\=off -fclang-abi-compat\=4.0 -fno-experimental-relative-c++-abi-vtables -fno-file-reproducible -clang-vendor-feature\=+disableNonDependentMemberExprInCurrentInstantiation -clang-vendor-feature\=+enableAggressiveVLAFolding -clang-vendor-feature\=+revert09abecef7bbf -clang-vendor-feature\=+thisNoAlignAttr -clang-vendor-feature\=+thisNoNullAttr -clang-vendor-feature\=+disableAtImportPrivateFrameworkInImplementationError -O2 -fcommon -fno-sanitize-address-use-odr-indicator -fno-sanitize-memory-param-retval -fmerge-all-constants -fno-verbose-asm -fregister-global-dtors-with-atexit -fno-use-init-array -funique-basic-block-section-names -dwarf-version\=4 -debugger-tuning\=lldb -llvm-verify-each -dwarf-ext-refs -no-struct-path-tbaa -fexperimental-assignment-tracking\=disabled -no-enable-noundef-analysis -stack-protector-buffer-size 0 -finline-functions -debug-info-kind\=standalone -Os -fno-unroll-loops -fdiagnostics-hotness-threshold\=0 -fdiagnostics-misexpect-tolerance\=0 -fno-split-cold-code -D __GCC_HAVE_DWARF2_CFI_ASM\=1 -MT moduledependenciestarget -dependency-file /Users/runner/Library/Developer/Xcode/DerivedData/idownloadd-buyibqeibzuaejeouuwsxitpvtst/Build/Intermediates.noindex/ArchiveIntermediates/idownloadd/IntermediateBuildFilesPath/ExplicitPrecompiledModules/_inttypes-B4PPD2QX5D5XKY633553RMJ3X.d -skip-unused-modulemap-deps

PrecompileModule /Users/runner/Library/Developer/Xcode/DerivedData/idownloadd-buyibqeibzuaejeouuwsxitpvtst/Build/Intermediates.noindex/ArchiveIntermediates/idownloadd/IntermediateBuildFilesPath/ExplicitPrecompiledModules/sys_types-BGK65GR37NPNEIVS63OSTMZOC.scan
    cd /Users/runner/work/dopamine-extended/dopamine-extended/Dopamine/BaseBin/idownloadd/src
    builtin-precompileModule /Users/runner/Library/Developer/Xcode/DerivedData/idownloadd-buyibqeibzuaejeouuwsxitpvtst/Build/Intermediates.noindex/ArchiveIntermediates/idownloadd/IntermediateBuildFilesPath/ExplicitPrecompiledModules/sys_types-BGK65GR37NPNEIVS63OSTMZOC.scan
/Applications/Xcode_16.2.app/Contents/Developer/Toolchains/XcodeDefault.xctoolchain/usr/bin/clang -cc1 -fdiagnostics-show-note-include-stack -fmacro-backtrace-limit\=0 -ferror-limit 19 -serialize-diagnostic-file /Users/runner/Library/Developer/Xcode/DerivedData/idownloadd-buyibqeibzuaejeouuwsxitpvtst/Build/Intermediates.noindex/ArchiveIntermediates/idownloadd/IntermediateBuildFilesPath/ExplicitPrecompiledModules/sys_types-BGK65GR37NPNEIVS63OSTMZOC.dia -fsystem-module -fmodule-map-file\=/Applications/Xcode_16.2.app/Contents/Developer/Platforms/iPhoneOS.platform/Developer/SDKs/iPhoneOS18.2.sdk/usr/include/c_standard_library.modulemap -fmodule-map-file\=/Applications/Xcode_16.2.app/Contents/Developer/Platforms/iPhoneOS.platform/Developer/SDKs/iPhoneOS18.2.sdk/usr/include/DarwinFoundation.modulemap -o /Users/runner/Library/Developer/Xcode/DerivedData/idownloadd-buyibqeibzuaejeouuwsxitpvtst/Build/Intermediates.noindex/ArchiveIntermediates/idownloadd/IntermediateBuildFilesPath/ExplicitPrecompiledModules/sys_types-BGK65GR37NPNEIVS63OSTMZOC.pcm -disable-free -emit-module -x c /Applications/Xcode_16.2.app/Contents/Developer/Platforms/iPhoneOS.platform/Developer/SDKs/iPhoneOS.sdk/usr/include/DarwinBasic.modulemap -target-abi darwinpcs -target-cpu apple-a7 -target-feature +v8a -target-feature +aes -target-feature +fp-armv8 -target-feature +sha2 -target-feature +neon -target-feature +zcm -target-feature +zcz -triple arm64-apple-ios15.0.0 -target-linker-version 1115.7.3 -target-sdk-version\=18.2 -fmodules-validate-system-headers -fno-modules-prune-non-affecting-module-map-files -fno-modulemap-allow-subdirectory-search -isysroot /Applications/Xcode_16.2.app/Contents/Developer/Platforms/iPhoneOS.platform/Developer/SDKs/iPhoneOS18.2.sdk -resource-dir /Applications/Xcode_16.2.app/Contents/Developer/Toolchains/XcodeDefault.xctoolchain/usr/lib/clang/16 -fmodule-format\=obj -fmodule-file\=DarwinFoundation\=/Users/runner/Library/Developer/Xcode/DerivedData/idownloadd-buyibqeibzuaejeouuwsxitpvtst/Build/Intermediates.noindex/ArchiveIntermediates/idownloadd/IntermediateBuildFilesPath/ExplicitPrecompiledModules/DarwinFoundation-BS732VSG5ERO13MLOL3IHMHDZ.pcm -fmodule-file\=_errno\=/Users/runner/Library/Developer/Xcode/DerivedData/idownloadd-buyibqeibzuaejeouuwsxitpvtst/Build/Intermediates.noindex/ArchiveIntermediates/idownloadd/IntermediateBuildFilesPath/ExplicitPrecompiledModules/_errno-6B8PAVG0CYFA0L0QTUHFUALVX.pcm -fmodule-file\=_sys_select\=/Users/runner/Library/Developer/Xcode/DerivedData/idownloadd-buyibqeibzuaejeouuwsxitpvtst/Build/Intermediates.noindex/ArchiveIntermediates/idownloadd/IntermediateBuildFilesPath/ExplicitPrecompiledModules/_sys_select-65HS96JY9CYIVPMSML9Y2D92K.pcm -fmodule-file\=_useconds_t\=/Users/runner/Library/Developer/Xcode/DerivedData/idownloadd-buyibqeibzuaejeouuwsxitpvtst/Build/Intermediates.noindex/ArchiveIntermediates/idownloadd/IntermediateBuildFilesPath/ExplicitPrecompiledModules/_useconds_t-42JDCSPKY095R9WTHOZ0OKW5V.pcm -fmodule-file\=netinet_in\=/Users/runner/Library/Developer/Xcode/DerivedData/idownloadd-buyibqeibzuaejeouuwsxitpvtst/Build/Intermediates.noindex/ArchiveIntermediates/idownloadd/IntermediateBuildFilesPath/ExplicitPrecompiledModules/netinet_in-621YAQBFBS7LWULW7PYAT6SZ3.pcm -isystem /Applications/Xcode_16.2.app/Contents/Developer/Toolchains/XcodeDefault.xctoolchain/usr/lib/clang/16/include -internal-externc-isystem /Applications/Xcode_16.2.app/Contents/Developer/Platforms/iPhoneOS.platform/Developer/SDKs/iPhoneOS18.2.sdk/usr/include -ivfsstatcache /Users/runner/Library/Developer/Xcode/DerivedData/SDKStatCaches.noindex/iphoneos18.2-22C146-6f6929c68f51360d5ca70a73a7e0c2f9.sdkstatcache -std\=gnu11 -fmodules -fmodule-name\=sys_types -fmodules-search-all -fno-implicit-modules -fmax-type-align\=16 -fstack-check -mdarwin-stkchk-strong-link -fno-odr-hash-protocols -pic-level 2 -disable-objc-default-synthesize-properties -stack-protector 1 -fgnuc-version\=4.2.1 -fblocks -ffp-contract\=off -fclang-abi-compat\=4.0 -fno-experimental-relative-c++-abi-vtables -fno-file-reproducible -clang-vendor-feature\=+disableNonDependentMemberExprInCurrentInstantiation -clang-vendor-feature\=+enableAggressiveVLAFolding -clang-vendor-feature\=+revert09abecef7bbf -clang-vendor-feature\=+thisNoAlignAttr -clang-vendor-feature\=+thisNoNullAttr -clang-vendor-feature\=+disableAtImportPrivateFrameworkInImplementationError -O2 -fcommon -fno-sanitize-address-use-odr-indicator -fno-sanitize-memory-param-retval -fmerge-all-constants -fno-verbose-asm -fregister-global-dtors-with-atexit -fno-use-init-array -funique-basic-block-section-names -dwarf-version\=4 -debugger-tuning\=lldb -llvm-verify-each -dwarf-ext-refs -no-struct-path-tbaa -fexperimental-assignment-tracking\=disabled -no-enable-noundef-analysis -stack-protector-buffer-size 0 -finline-functions -debug-info-kind\=standalone -Os -fno-unroll-loops -fdiagnostics-hotness-threshold\=0 -fdiagnostics-misexpect-tolerance\=0 -fno-split-cold-code -D __GCC_HAVE_DWARF2_CFI_ASM\=1 -MT moduledependenciestarget -dependency-file /Users/runner/Library/Developer/Xcode/DerivedData/idownloadd-buyibqeibzuaejeouuwsxitpvtst/Build/Intermediates.noindex/ArchiveIntermediates/idownloadd/IntermediateBuildFilesPath/ExplicitPrecompiledModules/sys_types-BGK65GR37NPNEIVS63OSTMZOC.d -skip-unused-modulemap-deps

PrecompileModule /Users/runner/Library/Developer/Xcode/DerivedData/idownloadd-buyibqeibzuaejeouuwsxitpvtst/Build/Intermediates.noindex/ArchiveIntermediates/idownloadd/IntermediateBuildFilesPath/ExplicitPrecompiledModules/_Builtin_stdatomic-52P2AI39EAJKBFBBYV5NWBUE8.scan
    cd /Users/runner/work/dopamine-extended/dopamine-extended/Dopamine/BaseBin/idownloadd/src
    builtin-precompileModule /Users/runner/Library/Developer/Xcode/DerivedData/idownloadd-buyibqeibzuaejeouuwsxitpvtst/Build/Intermediates.noindex/ArchiveIntermediates/idownloadd/IntermediateBuildFilesPath/ExplicitPrecompiledModules/_Builtin_stdatomic-52P2AI39EAJKBFBBYV5NWBUE8.scan
/Applications/Xcode_16.2.app/Contents/Developer/Toolchains/XcodeDefault.xctoolchain/usr/bin/clang -cc1 -fdiagnostics-show-note-include-stack -fmacro-backtrace-limit\=0 -ferror-limit 19 -serialize-diagnostic-file /Users/runner/Library/Developer/Xcode/DerivedData/idownloadd-buyibqeibzuaejeouuwsxitpvtst/Build/Intermediates.noindex/ArchiveIntermediates/idownloadd/IntermediateBuildFilesPath/ExplicitPrecompiledModules/_Builtin_stdatomic-52P2AI39EAJKBFBBYV5NWBUE8.dia -fsystem-module -fmodule-map-file\=/Applications/Xcode_16.2.app/Contents/Developer/Toolchains/XcodeDefault.xctoolchain/usr/lib/clang/16/include/module.modulemap -o /Users/runner/Library/Developer/Xcode/DerivedData/idownloadd-buyibqeibzuaejeouuwsxitpvtst/Build/Intermediates.noindex/ArchiveIntermediates/idownloadd/IntermediateBuildFilesPath/ExplicitPrecompiledModules/_Builtin_stdatomic-52P2AI39EAJKBFBBYV5NWBUE8.pcm -disable-free -emit-module -x c /Applications/Xcode_16.2.app/Contents/Developer/Toolchains/XcodeDefault.xctoolchain/usr/lib/clang/16/include/module.modulemap -target-abi darwinpcs -target-cpu apple-a7 -target-feature +v8a -target-feature +aes -target-feature +fp-armv8 -target-feature +sha2 -target-feature +neon -target-feature +zcm -target-feature +zcz -triple arm64-apple-ios15.0.0 -target-linker-version 1115.7.3 -target-sdk-version\=18.2 -fmodules-validate-system-headers -fno-modules-prune-non-affecting-module-map-files -fno-modulemap-allow-subdirectory-search -isysroot /Applications/Xcode_16.2.app/Contents/Developer/Platforms/iPhoneOS.platform/Developer/SDKs/iPhoneOS18.2.sdk -resource-dir /Applications/Xcode_16.2.app/Contents/Developer/Toolchains/XcodeDefault.xctoolchain/usr/lib/clang/16 -fmodule-format\=obj -fmodule-file\=_Builtin_stddef\=/Users/runner/Library/Developer/Xcode/DerivedData/idownloadd-buyibqeibzuaejeouuwsxitpvtst/Build/Intermediates.noindex/ArchiveIntermediates/idownloadd/IntermediateBuildFilesPath/ExplicitPrecompiledModules/_Builtin_stddef-4DDFN0QOMUUWZWGJG3KUVJ4JM.pcm -fmodule-file\=_Builtin_stdint\=/Users/runner/Library/Developer/Xcode/DerivedData/idownloadd-buyibqeibzuaejeouuwsxitpvtst/Build/Intermediates.noindex/ArchiveIntermediates/idownloadd/IntermediateBuildFilesPath/ExplicitPrecompiledModules/_Builtin_stdint-32IPPNUXMK5UKGPFP899IRCD3.pcm -isystem /Applications/Xcode_16.2.app/Contents/Developer/Toolchains/XcodeDefault.xctoolchain/usr/lib/clang/16/include -internal-externc-isystem /Applications/Xcode_16.2.app/Contents/Developer/Platforms/iPhoneOS.platform/Developer/SDKs/iPhoneOS18.2.sdk/usr/include -ivfsstatcache /Users/runner/Library/Developer/Xcode/DerivedData/SDKStatCaches.noindex/iphoneos18.2-22C146-6f6929c68f51360d5ca70a73a7e0c2f9.sdkstatcache -std\=gnu11 -fmodules -fmodule-name\=_Builtin_stdatomic -fmodules-search-all -fno-implicit-modules -fmax-type-align\=16 -fstack-check -mdarwin-stkchk-strong-link -fno-odr-hash-protocols -pic-level 2 -disable-objc-default-synthesize-properties -stack-protector 1 -fgnuc-version\=4.2.1 -fblocks -ffp-contract\=off -fclang-abi-compat\=4.0 -fno-experimental-relative-c++-abi-vtables -fno-file-reproducible -clang-vendor-feature\=+disableNonDependentMemberExprInCurrentInstantiation -clang-vendor-feature\=+enableAggressiveVLAFolding -clang-vendor-feature\=+revert09abecef7bbf -clang-vendor-feature\=+thisNoAlignAttr -clang-vendor-feature\=+thisNoNullAttr -clang-vendor-feature\=+disableAtImportPrivateFrameworkInImplementationError -O2 -fcommon -fno-sanitize-address-use-odr-indicator -fno-sanitize-memory-param-retval -fmerge-all-constants -fno-verbose-asm -fregister-global-dtors-with-atexit -fno-use-init-array -funique-basic-block-section-names -dwarf-version\=4 -debugger-tuning\=lldb -llvm-verify-each -dwarf-ext-refs -no-struct-path-tbaa -fexperimental-assignment-tracking\=disabled -no-enable-noundef-analysis -stack-protector-buffer-size 0 -finline-functions -debug-info-kind\=standalone -Os -fno-unroll-loops -fdiagnostics-hotness-threshold\=0 -fdiagnostics-misexpect-tolerance\=0 -fno-split-cold-code -D __GCC_HAVE_DWARF2_CFI_ASM\=1 -MT moduledependenciestarget -dependency-file /Users/runner/Library/Developer/Xcode/DerivedData/idownloadd-buyibqeibzuaejeouuwsxitpvtst/Build/Intermediates.noindex/ArchiveIntermediates/idownloadd/IntermediateBuildFilesPath/ExplicitPrecompiledModules/_Builtin_stdatomic-52P2AI39EAJKBFBBYV5NWBUE8.d -skip-unused-modulemap-deps

PrecompileModule /Users/runner/Library/Developer/Xcode/DerivedData/idownloadd-buyibqeibzuaejeouuwsxitpvtst/Build/Intermediates.noindex/ArchiveIntermediates/idownloadd/IntermediateBuildFilesPath/ExplicitPrecompiledModules/_ctype-EJRS020Y2GFPCLR175AG3MYOM.scan
    cd /Users/runner/work/dopamine-extended/dopamine-extended/Dopamine/BaseBin/idownloadd/src
    builtin-precompileModule /Users/runner/Library/Developer/Xcode/DerivedData/idownloadd-buyibqeibzuaejeouuwsxitpvtst/Build/Intermediates.noindex/ArchiveIntermediates/idownloadd/IntermediateBuildFilesPath/ExplicitPrecompiledModules/_ctype-EJRS020Y2GFPCLR175AG3MYOM.scan
/Applications/Xcode_16.2.app/Contents/Developer/Toolchains/XcodeDefault.xctoolchain/usr/bin/clang -cc1 -fdiagnostics-show-note-include-stack -fmacro-backtrace-limit\=0 -ferror-limit 19 -serialize-diagnostic-file /Users/runner/Library/Developer/Xcode/DerivedData/idownloadd-buyibqeibzuaejeouuwsxitpvtst/Build/Intermediates.noindex/ArchiveIntermediates/idownloadd/IntermediateBuildFilesPath/ExplicitPrecompiledModules/_ctype-EJRS020Y2GFPCLR175AG3MYOM.dia -fsystem-module -fmodule-map-file\=/Applications/Xcode_16.2.app/Contents/Developer/Platforms/iPhoneOS.platform/Developer/SDKs/iPhoneOS18.2.sdk/usr/include/DarwinBasic.modulemap -fmodule-map-file\=/Applications/Xcode_16.2.app/Contents/Developer/Platforms/iPhoneOS.platform/Developer/SDKs/iPhoneOS18.2.sdk/usr/include/DarwinFoundation.modulemap -o /Users/runner/Library/Developer/Xcode/DerivedData/idownloadd-buyibqeibzuaejeouuwsxitpvtst/Build/Intermediates.noindex/ArchiveIntermediates/idownloadd/IntermediateBuildFilesPath/ExplicitPrecompiledModules/_ctype-EJRS020Y2GFPCLR175AG3MYOM.pcm -disable-free -emit-module -x c /Applications/Xcode_16.2.app/Contents/Developer/Platforms/iPhoneOS.platform/Developer/SDKs/iPhoneOS.sdk/usr/include/c_standard_library.modulemap -target-abi darwinpcs -target-cpu apple-a7 -target-feature +v8a -target-feature +aes -target-feature +fp-armv8 -target-feature +sha2 -target-feature +neon -target-feature +zcm -target-feature +zcz -triple arm64-apple-ios15.0.0 -target-linker-version 1115.7.3 -target-sdk-version\=18.2 -fmodules-validate-system-headers -fno-modules-prune-non-affecting-module-map-files -fno-modulemap-allow-subdirectory-search -isysroot /Applications/Xcode_16.2.app/Contents/Developer/Platforms/iPhoneOS.platform/Developer/SDKs/iPhoneOS18.2.sdk -resource-dir /Applications/Xcode_16.2.app/Contents/Developer/Toolchains/XcodeDefault.xctoolchain/usr/lib/clang/16 -fmodule-format\=obj -fmodule-file\=DarwinFoundation\=/Users/runner/Library/Developer/Xcode/DerivedData/idownloadd-buyibqeibzuaejeouuwsxitpvtst/Build/Intermediates.noindex/ArchiveIntermediates/idownloadd/IntermediateBuildFilesPath/ExplicitPrecompiledModules/DarwinFoundation-BS732VSG5ERO13MLOL3IHMHDZ.pcm -fmodule-file\=runetype\=/Users/runner/Library/Developer/Xcode/DerivedData/idownloadd-buyibqeibzuaejeouuwsxitpvtst/Build/Intermediates.noindex/ArchiveIntermediates/idownloadd/IntermediateBuildFilesPath/ExplicitPrecompiledModules/runetype-3KNR9Z8VZZTV1D6MVAVUW4QHS.pcm -isystem /Applications/Xcode_16.2.app/Contents/Developer/Toolchains/XcodeDefault.xctoolchain/usr/lib/clang/16/include -internal-externc-isystem /Applications/Xcode_16.2.app/Contents/Developer/Platforms/iPhoneOS.platform/Developer/SDKs/iPhoneOS18.2.sdk/usr/include -ivfsstatcache /Users/runner/Library/Developer/Xcode/DerivedData/SDKStatCaches.noindex/iphoneos18.2-22C146-6f6929c68f51360d5ca70a73a7e0c2f9.sdkstatcache -std\=gnu11 -fmodules -fmodule-name\=_ctype -fmodules-search-all -fno-implicit-modules -fmax-type-align\=16 -fstack-check -mdarwin-stkchk-strong-link -fno-odr-hash-protocols -pic-level 2 -disable-objc-default-synthesize-properties -stack-protector 1 -fgnuc-version\=4.2.1 -fblocks -ffp-contract\=off -fclang-abi-compat\=4.0 -fno-experimental-relative-c++-abi-vtables -fno-file-reproducible -clang-vendor-feature\=+disableNonDependentMemberExprInCurrentInstantiation -clang-vendor-feature\=+enableAggressiveVLAFolding -clang-vendor-feature\=+revert09abecef7bbf -clang-vendor-feature\=+thisNoAlignAttr -clang-vendor-feature\=+thisNoNullAttr -clang-vendor-feature\=+disableAtImportPrivateFrameworkInImplementationError -O2 -fcommon -fno-sanitize-address-use-odr-indicator -fno-sanitize-memory-param-retval -fmerge-all-constants -fno-verbose-asm -fregister-global-dtors-with-atexit -fno-use-init-array -funique-basic-block-section-names -dwarf-version\=4 -debugger-tuning\=lldb -llvm-verify-each -dwarf-ext-refs -no-struct-path-tbaa -fexperimental-assignment-tracking\=disabled -no-enable-noundef-analysis -stack-protector-buffer-size 0 -finline-functions -debug-info-kind\=standalone -Os -fno-unroll-loops -fdiagnostics-hotness-threshold\=0 -fdiagnostics-misexpect-tolerance\=0 -fno-split-cold-code -D __GCC_HAVE_DWARF2_CFI_ASM\=1 -MT moduledependenciestarget -dependency-file /Users/runner/Library/Developer/Xcode/DerivedData/idownloadd-buyibqeibzuaejeouuwsxitpvtst/Build/Intermediates.noindex/ArchiveIntermediates/idownloadd/IntermediateBuildFilesPath/ExplicitPrecompiledModules/_ctype-EJRS020Y2GFPCLR175AG3MYOM.d -skip-unused-modulemap-deps

PrecompileModule /Users/runner/Library/Developer/Xcode/DerivedData/idownloadd-buyibqeibzuaejeouuwsxitpvtst/Build/Intermediates.noindex/ArchiveIntermediates/idownloadd/IntermediateBuildFilesPath/ExplicitPrecompiledModules/_math-EZKJ1LHKS1LXL0XH7LA1S5ACJ.scan
    cd /Users/runner/work/dopamine-extended/dopamine-extended/Dopamine/BaseBin/idownloadd/src
    builtin-precompileModule /Users/runner/Library/Developer/Xcode/DerivedData/idownloadd-buyibqeibzuaejeouuwsxitpvtst/Build/Intermediates.noindex/ArchiveIntermediates/idownloadd/IntermediateBuildFilesPath/ExplicitPrecompiledModules/_math-EZKJ1LHKS1LXL0XH7LA1S5ACJ.scan
/Applications/Xcode_16.2.app/Contents/Developer/Toolchains/XcodeDefault.xctoolchain/usr/bin/clang -cc1 -fdiagnostics-show-note-include-stack -fmacro-backtrace-limit\=0 -ferror-limit 19 -serialize-diagnostic-file /Users/runner/Library/Developer/Xcode/DerivedData/idownloadd-buyibqeibzuaejeouuwsxitpvtst/Build/Intermediates.noindex/ArchiveIntermediates/idownloadd/IntermediateBuildFilesPath/ExplicitPrecompiledModules/_math-EZKJ1LHKS1LXL0XH7LA1S5ACJ.dia -fsystem-module -fmodule-map-file\=/Applications/Xcode_16.2.app/Contents/Developer/Platforms/iPhoneOS.platform/Developer/SDKs/iPhoneOS18.2.sdk/usr/include/DarwinFoundation.modulemap -fmodule-map-file\=/Applications/Xcode_16.2.app/Contents/Developer/Platforms/iPhoneOS.platform/Developer/SDKs/iPhoneOS18.2.sdk/usr/include/os_availability.modulemap -o /Users/runner/Library/Developer/Xcode/DerivedData/idownloadd-buyibqeibzuaejeouuwsxitpvtst/Build/Intermediates.noindex/ArchiveIntermediates/idownloadd/IntermediateBuildFilesPath/ExplicitPrecompiledModules/_math-EZKJ1LHKS1LXL0XH7LA1S5ACJ.pcm -disable-free -emit-module -x c /Applications/Xcode_16.2.app/Contents/Developer/Platforms/iPhoneOS.platform/Developer/SDKs/iPhoneOS.sdk/usr/include/c_standard_library.modulemap -target-abi darwinpcs -target-cpu apple-a7 -target-feature +v8a -target-feature +aes -target-feature +fp-armv8 -target-feature +sha2 -target-feature +neon -target-feature +zcm -target-feature +zcz -triple arm64-apple-ios15.0.0 -target-linker-version 1115.7.3 -target-sdk-version\=18.2 -fmodules-validate-system-headers -fno-modules-prune-non-affecting-module-map-files -fno-modulemap-allow-subdirectory-search -isysroot /Applications/Xcode_16.2.app/Contents/Developer/Platforms/iPhoneOS.platform/Developer/SDKs/iPhoneOS18.2.sdk -resource-dir /Applications/Xcode_16.2.app/Contents/Developer/Toolchains/XcodeDefault.xctoolchain/usr/lib/clang/16 -fmodule-format\=obj -fmodule-file\=DarwinFoundation\=/Users/runner/Library/Developer/Xcode/DerivedData/idownloadd-buyibqeibzuaejeouuwsxitpvtst/Build/Intermediates.noindex/ArchiveIntermediates/idownloadd/IntermediateBuildFilesPath/ExplicitPrecompiledModules/DarwinFoundation-BS732VSG5ERO13MLOL3IHMHDZ.pcm -fmodule-file\=os_availability\=/Users/runner/Library/Developer/Xcode/DerivedData/idownloadd-buyibqeibzuaejeouuwsxitpvtst/Build/Intermediates.noindex/ArchiveIntermediates/idownloadd/IntermediateBuildFilesPath/ExplicitPrecompiledModules/os_availability-8QAK4H1NV59LBT8PA90U4FAD4.pcm -isystem /Applications/Xcode_16.2.app/Contents/Developer/Toolchains/XcodeDefault.xctoolchain/usr/lib/clang/16/include -internal-externc-isystem /Applications/Xcode_16.2.app/Contents/Developer/Platforms/iPhoneOS.platform/Developer/SDKs/iPhoneOS18.2.sdk/usr/include -ivfsstatcache /Users/runner/Library/Developer/Xcode/DerivedData/SDKStatCaches.noindex/iphoneos18.2-22C146-6f6929c68f51360d5ca70a73a7e0c2f9.sdkstatcache -std\=gnu11 -fmodules -fmodule-name\=_math -fmodules-search-all -fno-implicit-modules -fmax-type-align\=16 -fstack-check -mdarwin-stkchk-strong-link -fno-odr-hash-protocols -pic-level 2 -disable-objc-default-synthesize-properties -stack-protector 1 -fgnuc-version\=4.2.1 -fblocks -ffp-contract\=off -fclang-abi-compat\=4.0 -fno-experimental-relative-c++-abi-vtables -fno-file-reproducible -clang-vendor-feature\=+disableNonDependentMemberExprInCurrentInstantiation -clang-vendor-feature\=+enableAggressiveVLAFolding -clang-vendor-feature\=+revert09abecef7bbf -clang-vendor-feature\=+thisNoAlignAttr -clang-vendor-feature\=+thisNoNullAttr -clang-vendor-feature\=+disableAtImportPrivateFrameworkInImplementationError -O2 -fcommon -fno-sanitize-address-use-odr-indicator -fno-sanitize-memory-param-retval -fmerge-all-constants -fno-verbose-asm -fregister-global-dtors-with-atexit -fno-use-init-array -funique-basic-block-section-names -dwarf-version\=4 -debugger-tuning\=lldb -llvm-verify-each -dwarf-ext-refs -no-struct-path-tbaa -fexperimental-assignment-tracking\=disabled -no-enable-noundef-analysis -stack-protector-buffer-size 0 -finline-functions -debug-info-kind\=standalone -Os -fno-unroll-loops -fdiagnostics-hotness-threshold\=0 -fdiagnostics-misexpect-tolerance\=0 -fno-split-cold-code -D __GCC_HAVE_DWARF2_CFI_ASM\=1 -MT moduledependenciestarget -dependency-file /Users/runner/Library/Developer/Xcode/DerivedData/idownloadd-buyibqeibzuaejeouuwsxitpvtst/Build/Intermediates.noindex/ArchiveIntermediates/idownloadd/IntermediateBuildFilesPath/ExplicitPrecompiledModules/_math-EZKJ1LHKS1LXL0XH7LA1S5ACJ.d -skip-unused-modulemap-deps

PrecompileModule /Users/runner/Library/Developer/Xcode/DerivedData/idownloadd-buyibqeibzuaejeouuwsxitpvtst/Build/Intermediates.noindex/ArchiveIntermediates/idownloadd/IntermediateBuildFilesPath/ExplicitPrecompiledModules/_string-D1DUFT43J4K5DK88U1Y94OPO6.scan
    cd /Users/runner/work/dopamine-extended/dopamine-extended/Dopamine/BaseBin/idownloadd/src
    builtin-precompileModule /Users/runner/Library/Developer/Xcode/DerivedData/idownloadd-buyibqeibzuaejeouuwsxitpvtst/Build/Intermediates.noindex/ArchiveIntermediates/idownloadd/IntermediateBuildFilesPath/ExplicitPrecompiledModules/_string-D1DUFT43J4K5DK88U1Y94OPO6.scan
/Applications/Xcode_16.2.app/Contents/Developer/Toolchains/XcodeDefault.xctoolchain/usr/bin/clang -cc1 -fdiagnostics-show-note-include-stack -fmacro-backtrace-limit\=0 -ferror-limit 19 -serialize-diagnostic-file /Users/runner/Library/Developer/Xcode/DerivedData/idownloadd-buyibqeibzuaejeouuwsxitpvtst/Build/Intermediates.noindex/ArchiveIntermediates/idownloadd/IntermediateBuildFilesPath/ExplicitPrecompiledModules/_string-D1DUFT43J4K5DK88U1Y94OPO6.dia -fsystem-module -fmodule-map-file\=/Applications/Xcode_16.2.app/Contents/Developer/Platforms/iPhoneOS.platform/Developer/SDKs/iPhoneOS18.2.sdk/usr/include/DarwinBasic.modulemap -fmodule-map-file\=/Applications/Xcode_16.2.app/Contents/Developer/Platforms/iPhoneOS.platform/Developer/SDKs/iPhoneOS18.2.sdk/usr/include/c_standard_library.modulemap -fmodule-map-file\=/Applications/Xcode_16.2.app/Contents/Developer/Platforms/iPhoneOS.platform/Developer/SDKs/iPhoneOS18.2.sdk/usr/include/DarwinFoundation.modulemap -fmodule-map-file\=/Applications/Xcode_16.2.app/Contents/Developer/Platforms/iPhoneOS.platform/Developer/SDKs/iPhoneOS18.2.sdk/usr/include/os_availability.modulemap -o /Users/runner/Library/Developer/Xcode/DerivedData/idownloadd-buyibqeibzuaejeouuwsxitpvtst/Build/Intermediates.noindex/ArchiveIntermediates/idownloadd/IntermediateBuildFilesPath/ExplicitPrecompiledModules/_string-D1DUFT43J4K5DK88U1Y94OPO6.pcm -disable-free -emit-module -x c /Applications/Xcode_16.2.app/Contents/Developer/Platforms/iPhoneOS.platform/Developer/SDKs/iPhoneOS.sdk/usr/include/c_standard_library.modulemap -target-abi darwinpcs -target-cpu apple-a7 -target-feature +v8a -target-feature +aes -target-feature +fp-armv8 -target-feature +sha2 -target-feature +neon -target-feature +zcm -target-feature +zcz -triple arm64-apple-ios15.0.0 -target-linker-version 1115.7.3 -target-sdk-version\=18.2 -fmodules-validate-system-headers -fno-modules-prune-non-affecting-module-map-files -fno-modulemap-allow-subdirectory-search -isysroot /Applications/Xcode_16.2.app/Contents/Developer/Platforms/iPhoneOS.platform/Developer/SDKs/iPhoneOS18.2.sdk -resource-dir /Applications/Xcode_16.2.app/Contents/Developer/Toolchains/XcodeDefault.xctoolchain/usr/lib/clang/16 -fmodule-format\=obj -fmodule-file\=DarwinFoundation\=/Users/runner/Library/Developer/Xcode/DerivedData/idownloadd-buyibqeibzuaejeouuwsxitpvtst/Build/Intermediates.noindex/ArchiveIntermediates/idownloadd/IntermediateBuildFilesPath/ExplicitPrecompiledModules/DarwinFoundation-BS732VSG5ERO13MLOL3IHMHDZ.pcm -fmodule-file\=_errno\=/Users/runner/Library/Developer/Xcode/DerivedData/idownloadd-buyibqeibzuaejeouuwsxitpvtst/Build/Intermediates.noindex/ArchiveIntermediates/idownloadd/IntermediateBuildFilesPath/ExplicitPrecompiledModules/_errno-6B8PAVG0CYFA0L0QTUHFUALVX.pcm -fmodule-file\=_strings\=/Users/runner/Library/Developer/Xcode/DerivedData/idownloadd-buyibqeibzuaejeouuwsxitpvtst/Build/Intermediates.noindex/ArchiveIntermediates/idownloadd/IntermediateBuildFilesPath/ExplicitPrecompiledModules/_strings-4UR4PU47IDG823BC9JG7CMWHK.pcm -fmodule-file\=os_availability\=/Users/runner/Library/Developer/Xcode/DerivedData/idownloadd-buyibqeibzuaejeouuwsxitpvtst/Build/Intermediates.noindex/ArchiveIntermediates/idownloadd/IntermediateBuildFilesPath/ExplicitPrecompiledModules/os_availability-8QAK4H1NV59LBT8PA90U4FAD4.pcm -fmodule-file\=sys_types\=/Users/runner/Library/Developer/Xcode/DerivedData/idownloadd-buyibqeibzuaejeouuwsxitpvtst/Build/Intermediates.noindex/ArchiveIntermediates/idownloadd/IntermediateBuildFilesPath/ExplicitPrecompiledModules/sys_types-BGK65GR37NPNEIVS63OSTMZOC.pcm -isystem /Applications/Xcode_16.2.app/Contents/Developer/Toolchains/XcodeDefault.xctoolchain/usr/lib/clang/16/include -internal-externc-isystem /Applications/Xcode_16.2.app/Contents/Developer/Platforms/iPhoneOS.platform/Developer/SDKs/iPhoneOS18.2.sdk/usr/include -ivfsstatcache /Users/runner/Library/Developer/Xcode/DerivedData/SDKStatCaches.noindex/iphoneos18.2-22C146-6f6929c68f51360d5ca70a73a7e0c2f9.sdkstatcache -std\=gnu11 -fmodules -fmodule-name\=_string -fmodules-search-all -fno-implicit-modules -fmax-type-align\=16 -fstack-check -mdarwin-stkchk-strong-link -fno-odr-hash-protocols -pic-level 2 -disable-objc-default-synthesize-properties -stack-protector 1 -fgnuc-version\=4.2.1 -fblocks -ffp-contract\=off -fclang-abi-compat\=4.0 -fno-experimental-relative-c++-abi-vtables -fno-file-reproducible -clang-vendor-feature\=+disableNonDependentMemberExprInCurrentInstantiation -clang-vendor-feature\=+enableAggressiveVLAFolding -clang-vendor-feature\=+revert09abecef7bbf -clang-vendor-feature\=+thisNoAlignAttr -clang-vendor-feature\=+thisNoNullAttr -clang-vendor-feature\=+disableAtImportPrivateFrameworkInImplementationError -O2 -fcommon -fno-sanitize-address-use-odr-indicator -fno-sanitize-memory-param-retval -fmerge-all-constants -fno-verbose-asm -fregister-global-dtors-with-atexit -fno-use-init-array -funique-basic-block-section-names -dwarf-version\=4 -debugger-tuning\=lldb -llvm-verify-each -dwarf-ext-refs -no-struct-path-tbaa -fexperimental-assignment-tracking\=disabled -no-enable-noundef-analysis -stack-protector-buffer-size 0 -finline-functions -debug-info-kind\=standalone -Os -fno-unroll-loops -fdiagnostics-hotness-threshold\=0 -fdiagnostics-misexpect-tolerance\=0 -fno-split-cold-code -D __GCC_HAVE_DWARF2_CFI_ASM\=1 -MT moduledependenciestarget -dependency-file /Users/runner/Library/Developer/Xcode/DerivedData/idownloadd-buyibqeibzuaejeouuwsxitpvtst/Build/Intermediates.noindex/ArchiveIntermediates/idownloadd/IntermediateBuildFilesPath/ExplicitPrecompiledModules/_string-D1DUFT43J4K5DK88U1Y94OPO6.d -skip-unused-modulemap-deps

PrecompileModule /Users/runner/Library/Developer/Xcode/DerivedData/idownloadd-buyibqeibzuaejeouuwsxitpvtst/Build/Intermediates.noindex/ArchiveIntermediates/idownloadd/IntermediateBuildFilesPath/ExplicitPrecompiledModules/_stdio-BP3T39SFCFXHXKAOZDCAR0PP7.scan
    cd /Users/runner/work/dopamine-extended/dopamine-extended/Dopamine/BaseBin/idownloadd/src
    builtin-precompileModule /Users/runner/Library/Developer/Xcode/DerivedData/idownloadd-buyibqeibzuaejeouuwsxitpvtst/Build/Intermediates.noindex/ArchiveIntermediates/idownloadd/IntermediateBuildFilesPath/ExplicitPrecompiledModules/_stdio-BP3T39SFCFXHXKAOZDCAR0PP7.scan
/Applications/Xcode_16.2.app/Contents/Developer/Toolchains/XcodeDefault.xctoolchain/usr/bin/clang -cc1 -fdiagnostics-show-note-include-stack -fmacro-backtrace-limit\=0 -ferror-limit 19 -serialize-diagnostic-file /Users/runner/Library/Developer/Xcode/DerivedData/idownloadd-buyibqeibzuaejeouuwsxitpvtst/Build/Intermediates.noindex/ArchiveIntermediates/idownloadd/IntermediateBuildFilesPath/ExplicitPrecompiledModules/_stdio-BP3T39SFCFXHXKAOZDCAR0PP7.dia -fsystem-module -fmodule-map-file\=/Applications/Xcode_16.2.app/Contents/Developer/Platforms/iPhoneOS.platform/Developer/SDKs/iPhoneOS18.2.sdk/usr/include/DarwinBasic.modulemap -fmodule-map-file\=/Applications/Xcode_16.2.app/Contents/Developer/Platforms/iPhoneOS.platform/Developer/SDKs/iPhoneOS18.2.sdk/usr/include/DarwinFoundation.modulemap -fmodule-map-file\=/Applications/Xcode_16.2.app/Contents/Developer/Platforms/iPhoneOS.platform/Developer/SDKs/iPhoneOS18.2.sdk/usr/include/os_availability.modulemap -o /Users/runner/Library/Developer/Xcode/DerivedData/idownloadd-buyibqeibzuaejeouuwsxitpvtst/Build/Intermediates.noindex/ArchiveIntermediates/idownloadd/IntermediateBuildFilesPath/ExplicitPrecompiledModules/_stdio-BP3T39SFCFXHXKAOZDCAR0PP7.pcm -disable-free -emit-module -x c /Applications/Xcode_16.2.app/Contents/Developer/Platforms/iPhoneOS.platform/Developer/SDKs/iPhoneOS.sdk/usr/include/c_standard_library.modulemap -target-abi darwinpcs -target-cpu apple-a7 -target-feature +v8a -target-feature +aes -target-feature +fp-armv8 -target-feature +sha2 -target-feature +neon -target-feature +zcm -target-feature +zcz -triple arm64-apple-ios15.0.0 -target-linker-version 1115.7.3 -target-sdk-version\=18.2 -fmodules-validate-system-headers -fno-modules-prune-non-affecting-module-map-files -fno-modulemap-allow-subdirectory-search -isysroot /Applications/Xcode_16.2.app/Contents/Developer/Platforms/iPhoneOS.platform/Developer/SDKs/iPhoneOS18.2.sdk -resource-dir /Applications/Xcode_16.2.app/Contents/Developer/Toolchains/XcodeDefault.xctoolchain/usr/lib/clang/16 -fmodule-format\=obj -fmodule-file\=DarwinFoundation\=/Users/runner/Library/Developer/Xcode/DerivedData/idownloadd-buyibqeibzuaejeouuwsxitpvtst/Build/Intermediates.noindex/ArchiveIntermediates/idownloadd/IntermediateBuildFilesPath/ExplicitPrecompiledModules/DarwinFoundation-BS732VSG5ERO13MLOL3IHMHDZ.pcm -fmodule-file\=os_availability\=/Users/runner/Library/Developer/Xcode/DerivedData/idownloadd-buyibqeibzuaejeouuwsxitpvtst/Build/Intermediates.noindex/ArchiveIntermediates/idownloadd/IntermediateBuildFilesPath/ExplicitPrecompiledModules/os_availability-8QAK4H1NV59LBT8PA90U4FAD4.pcm -fmodule-file\=sys_types\=/Users/runner/Library/Developer/Xcode/DerivedData/idownloadd-buyibqeibzuaejeouuwsxitpvtst/Build/Intermediates.noindex/ArchiveIntermediates/idownloadd/IntermediateBuildFilesPath/ExplicitPrecompiledModules/sys_types-BGK65GR37NPNEIVS63OSTMZOC.pcm -isystem /Applications/Xcode_16.2.app/Contents/Developer/Toolchains/XcodeDefault.xctoolchain/usr/lib/clang/16/include -internal-externc-isystem /Applications/Xcode_16.2.app/Contents/Developer/Platforms/iPhoneOS.platform/Developer/SDKs/iPhoneOS18.2.sdk/usr/include -ivfsstatcache /Users/runner/Library/Developer/Xcode/DerivedData/SDKStatCaches.noindex/iphoneos18.2-22C146-6f6929c68f51360d5ca70a73a7e0c2f9.sdkstatcache -std\=gnu11 -fmodules -fmodule-name\=_stdio -fmodules-search-all -fno-implicit-modules -fmax-type-align\=16 -fstack-check -mdarwin-stkchk-strong-link -fno-odr-hash-protocols -pic-level 2 -disable-objc-default-synthesize-properties -stack-protector 1 -fgnuc-version\=4.2.1 -fblocks -ffp-contract\=off -fclang-abi-compat\=4.0 -fno-experimental-relative-c++-abi-vtables -fno-file-reproducible -clang-vendor-feature\=+disableNonDependentMemberExprInCurrentInstantiation -clang-vendor-feature\=+enableAggressiveVLAFolding -clang-vendor-feature\=+revert09abecef7bbf -clang-vendor-feature\=+thisNoAlignAttr -clang-vendor-feature\=+thisNoNullAttr -clang-vendor-feature\=+disableAtImportPrivateFrameworkInImplementationError -O2 -fcommon -fno-sanitize-address-use-odr-indicator -fno-sanitize-memory-param-retval -fmerge-all-constants -fno-verbose-asm -fregister-global-dtors-with-atexit -fno-use-init-array -funique-basic-block-section-names -dwarf-version\=4 -debugger-tuning\=lldb -llvm-verify-each -dwarf-ext-refs -no-struct-path-tbaa -fexperimental-assignment-tracking\=disabled -no-enable-noundef-analysis -stack-protector-buffer-size 0 -finline-functions -debug-info-kind\=standalone -Os -fno-unroll-loops -fdiagnostics-hotness-threshold\=0 -fdiagnostics-misexpect-tolerance\=0 -fno-split-cold-code -D __GCC_HAVE_DWARF2_CFI_ASM\=1 -MT moduledependenciestarget -dependency-file /Users/runner/Library/Developer/Xcode/DerivedData/idownloadd-buyibqeibzuaejeouuwsxitpvtst/Build/Intermediates.noindex/ArchiveIntermediates/idownloadd/IntermediateBuildFilesPath/ExplicitPrecompiledModules/_stdio-BP3T39SFCFXHXKAOZDCAR0PP7.d -skip-unused-modulemap-deps

PrecompileModule /Users/runner/Library/Developer/Xcode/DerivedData/idownloadd-buyibqeibzuaejeouuwsxitpvtst/Build/Intermediates.noindex/ArchiveIntermediates/idownloadd/IntermediateBuildFilesPath/ExplicitPrecompiledModules/__wctype-55ZZ13YN3BW2ZAR6FQN0N67ZO.scan
    cd /Users/runner/work/dopamine-extended/dopamine-extended/Dopamine/BaseBin/idownloadd/src
    builtin-precompileModule /Users/runner/Library/Developer/Xcode/DerivedData/idownloadd-buyibqeibzuaejeouuwsxitpvtst/Build/Intermediates.noindex/ArchiveIntermediates/idownloadd/IntermediateBuildFilesPath/ExplicitPrecompiledModules/__wctype-55ZZ13YN3BW2ZAR6FQN0N67ZO.scan
/Applications/Xcode_16.2.app/Contents/Developer/Toolchains/XcodeDefault.xctoolchain/usr/bin/clang -cc1 -fdiagnostics-show-note-include-stack -fmacro-backtrace-limit\=0 -ferror-limit 19 -serialize-diagnostic-file /Users/runner/Library/Developer/Xcode/DerivedData/idownloadd-buyibqeibzuaejeouuwsxitpvtst/Build/Intermediates.noindex/ArchiveIntermediates/idownloadd/IntermediateBuildFilesPath/ExplicitPrecompiledModules/__wctype-55ZZ13YN3BW2ZAR6FQN0N67ZO.dia -fsystem-module -fmodule-map-file\=/Applications/Xcode_16.2.app/Contents/Developer/Platforms/iPhoneOS.platform/Developer/SDKs/iPhoneOS18.2.sdk/usr/include/c_standard_library.modulemap -fmodule-map-file\=/Applications/Xcode_16.2.app/Contents/Developer/Platforms/iPhoneOS.platform/Developer/SDKs/iPhoneOS18.2.sdk/usr/include/DarwinFoundation.modulemap -o /Users/runner/Library/Developer/Xcode/DerivedData/idownloadd-buyibqeibzuaejeouuwsxitpvtst/Build/Intermediates.noindex/ArchiveIntermediates/idownloadd/IntermediateBuildFilesPath/ExplicitPrecompiledModules/__wctype-55ZZ13YN3BW2ZAR6FQN0N67ZO.pcm -disable-free -emit-module -x c /Applications/Xcode_16.2.app/Contents/Developer/Platforms/iPhoneOS.platform/Developer/SDKs/iPhoneOS.sdk/usr/include/c_standard_library.modulemap -target-abi darwinpcs -target-cpu apple-a7 -target-feature +v8a -target-feature +aes -target-feature +fp-armv8 -target-feature +sha2 -target-feature +neon -target-feature +zcm -target-feature +zcz -triple arm64-apple-ios15.0.0 -target-linker-version 1115.7.3 -target-sdk-version\=18.2 -fmodules-validate-system-headers -fno-modules-prune-non-affecting-module-map-files -fno-modulemap-allow-subdirectory-search -isysroot /Applications/Xcode_16.2.app/Contents/Developer/Platforms/iPhoneOS.platform/Developer/SDKs/iPhoneOS18.2.sdk -resource-dir /Applications/Xcode_16.2.app/Contents/Developer/Toolchains/XcodeDefault.xctoolchain/usr/lib/clang/16 -fmodule-format\=obj -fmodule-file\=DarwinFoundation\=/Users/runner/Library/Developer/Xcode/DerivedData/idownloadd-buyibqeibzuaejeouuwsxitpvtst/Build/Intermediates.noindex/ArchiveIntermediates/idownloadd/IntermediateBuildFilesPath/ExplicitPrecompiledModules/DarwinFoundation-BS732VSG5ERO13MLOL3IHMHDZ.pcm -fmodule-file\=_ctype\=/Users/runner/Library/Developer/Xcode/DerivedData/idownloadd-buyibqeibzuaejeouuwsxitpvtst/Build/Intermediates.noindex/ArchiveIntermediates/idownloadd/IntermediateBuildFilesPath/ExplicitPrecompiledModules/_ctype-EJRS020Y2GFPCLR175AG3MYOM.pcm -isystem /Applications/Xcode_16.2.app/Contents/Developer/Toolchains/XcodeDefault.xctoolchain/usr/lib/clang/16/include -internal-externc-isystem /Applications/Xcode_16.2.app/Contents/Developer/Platforms/iPhoneOS.platform/Developer/SDKs/iPhoneOS18.2.sdk/usr/include -ivfsstatcache /Users/runner/Library/Developer/Xcode/DerivedData/SDKStatCaches.noindex/iphoneos18.2-22C146-6f6929c68f51360d5ca70a73a7e0c2f9.sdkstatcache -std\=gnu11 -fmodules -fmodule-name\=__wctype -fmodules-search-all -fno-implicit-modules -fmax-type-align\=16 -fstack-check -mdarwin-stkchk-strong-link -fno-odr-hash-protocols -pic-level 2 -disable-objc-default-synthesize-properties -stack-protector 1 -fgnuc-version\=4.2.1 -fblocks -ffp-contract\=off -fclang-abi-compat\=4.0 -fno-experimental-relative-c++-abi-vtables -fno-file-reproducible -clang-vendor-feature\=+disableNonDependentMemberExprInCurrentInstantiation -clang-vendor-feature\=+enableAggressiveVLAFolding -clang-vendor-feature\=+revert09abecef7bbf -clang-vendor-feature\=+thisNoAlignAttr -clang-vendor-feature\=+thisNoNullAttr -clang-vendor-feature\=+disableAtImportPrivateFrameworkInImplementationError -O2 -fcommon -fno-sanitize-address-use-odr-indicator -fno-sanitize-memory-param-retval -fmerge-all-constants -fno-verbose-asm -fregister-global-dtors-with-atexit -fno-use-init-array -funique-basic-block-section-names -dwarf-version\=4 -debugger-tuning\=lldb -llvm-verify-each -dwarf-ext-refs -no-struct-path-tbaa -fexperimental-assignment-tracking\=disabled -no-enable-noundef-analysis -stack-protector-buffer-size 0 -finline-functions -debug-info-kind\=standalone -Os -fno-unroll-loops -fdiagnostics-hotness-threshold\=0 -fdiagnostics-misexpect-tolerance\=0 -fno-split-cold-code -D __GCC_HAVE_DWARF2_CFI_ASM\=1 -MT moduledependenciestarget -dependency-file /Users/runner/Library/Developer/Xcode/DerivedData/idownloadd-buyibqeibzuaejeouuwsxitpvtst/Build/Intermediates.noindex/ArchiveIntermediates/idownloadd/IntermediateBuildFilesPath/ExplicitPrecompiledModules/__wctype-55ZZ13YN3BW2ZAR6FQN0N67ZO.d -skip-unused-modulemap-deps

PrecompileModule /Users/runner/Library/Developer/Xcode/DerivedData/idownloadd-buyibqeibzuaejeouuwsxitpvtst/Build/Intermediates.noindex/ArchiveIntermediates/idownloadd/IntermediateBuildFilesPath/ExplicitPrecompiledModules/_time-2XS4MYM5L79L1WQN4NM5WURZR.scan
    cd /Users/runner/work/dopamine-extended/dopamine-extended/Dopamine/BaseBin/idownloadd/src
    builtin-precompileModule /Users/runner/Library/Developer/Xcode/DerivedData/idownloadd-buyibqeibzuaejeouuwsxitpvtst/Build/Intermediates.noindex/ArchiveIntermediates/idownloadd/IntermediateBuildFilesPath/ExplicitPrecompiledModules/_time-2XS4MYM5L79L1WQN4NM5WURZR.scan
/Applications/Xcode_16.2.app/Contents/Developer/Toolchains/XcodeDefault.xctoolchain/usr/bin/clang -cc1 -fdiagnostics-show-note-include-stack -fmacro-backtrace-limit\=0 -ferror-limit 19 -serialize-diagnostic-file /Users/runner/Library/Developer/Xcode/DerivedData/idownloadd-buyibqeibzuaejeouuwsxitpvtst/Build/Intermediates.noindex/ArchiveIntermediates/idownloadd/IntermediateBuildFilesPath/ExplicitPrecompiledModules/_time-2XS4MYM5L79L1WQN4NM5WURZR.dia -fsystem-module -fmodule-map-file\=/Applications/Xcode_16.2.app/Contents/Developer/Platforms/iPhoneOS.platform/Developer/SDKs/iPhoneOS18.2.sdk/usr/include/DarwinBasic.modulemap -fmodule-map-file\=/Applications/Xcode_16.2.app/Contents/Developer/Platforms/iPhoneOS.platform/Developer/SDKs/iPhoneOS18.2.sdk/usr/include/DarwinFoundation.modulemap -fmodule-map-file\=/Applications/Xcode_16.2.app/Contents/Developer/Platforms/iPhoneOS.platform/Developer/SDKs/iPhoneOS18.2.sdk/usr/include/os_availability.modulemap -o /Users/runner/Library/Developer/Xcode/DerivedData/idownloadd-buyibqeibzuaejeouuwsxitpvtst/Build/Intermediates.noindex/ArchiveIntermediates/idownloadd/IntermediateBuildFilesPath/ExplicitPrecompiledModules/_time-2XS4MYM5L79L1WQN4NM5WURZR.pcm -disable-free -emit-module -x c /Applications/Xcode_16.2.app/Contents/Developer/Platforms/iPhoneOS.platform/Developer/SDKs/iPhoneOS.sdk/usr/include/c_standard_library.modulemap -target-abi darwinpcs -target-cpu apple-a7 -target-feature +v8a -target-feature +aes -target-feature +fp-armv8 -target-feature +sha2 -target-feature +neon -target-feature +zcm -target-feature +zcz -triple arm64-apple-ios15.0.0 -target-linker-version 1115.7.3 -target-sdk-version\=18.2 -fmodules-validate-system-headers -fno-modules-prune-non-affecting-module-map-files -fno-modulemap-allow-subdirectory-search -isysroot /Applications/Xcode_16.2.app/Contents/Developer/Platforms/iPhoneOS.platform/Developer/SDKs/iPhoneOS18.2.sdk -resource-dir /Applications/Xcode_16.2.app/Contents/Developer/Toolchains/XcodeDefault.xctoolchain/usr/lib/clang/16 -fmodule-format\=obj -fmodule-file\=DarwinFoundation\=/Users/runner/Library/Developer/Xcode/DerivedData/idownloadd-buyibqeibzuaejeouuwsxitpvtst/Build/Intermediates.noindex/ArchiveIntermediates/idownloadd/IntermediateBuildFilesPath/ExplicitPrecompiledModules/DarwinFoundation-BS732VSG5ERO13MLOL3IHMHDZ.pcm -fmodule-file\=os_availability\=/Users/runner/Library/Developer/Xcode/DerivedData/idownloadd-buyibqeibzuaejeouuwsxitpvtst/Build/Intermediates.noindex/ArchiveIntermediates/idownloadd/IntermediateBuildFilesPath/ExplicitPrecompiledModules/os_availability-8QAK4H1NV59LBT8PA90U4FAD4.pcm -fmodule-file\=sys_types\=/Users/runner/Library/Developer/Xcode/DerivedData/idownloadd-buyibqeibzuaejeouuwsxitpvtst/Build/Intermediates.noindex/ArchiveIntermediates/idownloadd/IntermediateBuildFilesPath/ExplicitPrecompiledModules/sys_types-BGK65GR37NPNEIVS63OSTMZOC.pcm -isystem /Applications/Xcode_16.2.app/Contents/Developer/Toolchains/XcodeDefault.xctoolchain/usr/lib/clang/16/include -internal-externc-isystem /Applications/Xcode_16.2.app/Contents/Developer/Platforms/iPhoneOS.platform/Developer/SDKs/iPhoneOS18.2.sdk/usr/include -ivfsstatcache /Users/runner/Library/Developer/Xcode/DerivedData/SDKStatCaches.noindex/iphoneos18.2-22C146-6f6929c68f51360d5ca70a73a7e0c2f9.sdkstatcache -std\=gnu11 -fmodules -fmodule-name\=_time -fmodules-search-all -fno-implicit-modules -fmax-type-align\=16 -fstack-check -mdarwin-stkchk-strong-link -fno-odr-hash-protocols -pic-level 2 -disable-objc-default-synthesize-properties -stack-protector 1 -fgnuc-version\=4.2.1 -fblocks -ffp-contract\=off -fclang-abi-compat\=4.0 -fno-experimental-relative-c++-abi-vtables -fno-file-reproducible -clang-vendor-feature\=+disableNonDependentMemberExprInCurrentInstantiation -clang-vendor-feature\=+enableAggressiveVLAFolding -clang-vendor-feature\=+revert09abecef7bbf -clang-vendor-feature\=+thisNoAlignAttr -clang-vendor-feature\=+thisNoNullAttr -clang-vendor-feature\=+disableAtImportPrivateFrameworkInImplementationError -O2 -fcommon -fno-sanitize-address-use-odr-indicator -fno-sanitize-memory-param-retval -fmerge-all-constants -fno-verbose-asm -fregister-global-dtors-with-atexit -fno-use-init-array -funique-basic-block-section-names -dwarf-version\=4 -debugger-tuning\=lldb -llvm-verify-each -dwarf-ext-refs -no-struct-path-tbaa -fexperimental-assignment-tracking\=disabled -no-enable-noundef-analysis -stack-protector-buffer-size 0 -finline-functions -debug-info-kind\=standalone -Os -fno-unroll-loops -fdiagnostics-hotness-threshold\=0 -fdiagnostics-misexpect-tolerance\=0 -fno-split-cold-code -D __GCC_HAVE_DWARF2_CFI_ASM\=1 -MT moduledependenciestarget -dependency-file /Users/runner/Library/Developer/Xcode/DerivedData/idownloadd-buyibqeibzuaejeouuwsxitpvtst/Build/Intermediates.noindex/ArchiveIntermediates/idownloadd/IntermediateBuildFilesPath/ExplicitPrecompiledModules/_time-2XS4MYM5L79L1WQN4NM5WURZR.d -skip-unused-modulemap-deps

PrecompileModule /Users/runner/Library/Developer/Xcode/DerivedData/idownloadd-buyibqeibzuaejeouuwsxitpvtst/Build/Intermediates.noindex/ArchiveIntermediates/idownloadd/IntermediateBuildFilesPath/ExplicitPrecompiledModules/_signal-3PE5O078I8SXXPPALB0REGJPZ.scan
    cd /Users/runner/work/dopamine-extended/dopamine-extended/Dopamine/BaseBin/idownloadd/src
    builtin-precompileModule /Users/runner/Library/Developer/Xcode/DerivedData/idownloadd-buyibqeibzuaejeouuwsxitpvtst/Build/Intermediates.noindex/ArchiveIntermediates/idownloadd/IntermediateBuildFilesPath/ExplicitPrecompiledModules/_signal-3PE5O078I8SXXPPALB0REGJPZ.scan
/Applications/Xcode_16.2.app/Contents/Developer/Toolchains/XcodeDefault.xctoolchain/usr/bin/clang -cc1 -fdiagnostics-show-note-include-stack -fmacro-backtrace-limit\=0 -ferror-limit 19 -serialize-diagnostic-file /Users/runner/Library/Developer/Xcode/DerivedData/idownloadd-buyibqeibzuaejeouuwsxitpvtst/Build/Intermediates.noindex/ArchiveIntermediates/idownloadd/IntermediateBuildFilesPath/ExplicitPrecompiledModules/_signal-3PE5O078I8SXXPPALB0REGJPZ.dia -fsystem-module -fmodule-map-file\=/Applications/Xcode_16.2.app/Contents/Developer/Platforms/iPhoneOS.platform/Developer/SDKs/iPhoneOS18.2.sdk/usr/include/DarwinBasic.modulemap -fmodule-map-file\=/Applications/Xcode_16.2.app/Contents/Developer/Platforms/iPhoneOS.platform/Developer/SDKs/iPhoneOS18.2.sdk/usr/include/DarwinFoundation.modulemap -fmodule-map-file\=/Applications/Xcode_16.2.app/Contents/Developer/Platforms/iPhoneOS.platform/Developer/SDKs/iPhoneOS18.2.sdk/usr/include/os_availability.modulemap -o /Users/runner/Library/Developer/Xcode/DerivedData/idownloadd-buyibqeibzuaejeouuwsxitpvtst/Build/Intermediates.noindex/ArchiveIntermediates/idownloadd/IntermediateBuildFilesPath/ExplicitPrecompiledModules/_signal-3PE5O078I8SXXPPALB0REGJPZ.pcm -disable-free -emit-module -x c /Applications/Xcode_16.2.app/Contents/Developer/Platforms/iPhoneOS.platform/Developer/SDKs/iPhoneOS.sdk/usr/include/c_standard_library.modulemap -target-abi darwinpcs -target-cpu apple-a7 -target-feature +v8a -target-feature +aes -target-feature +fp-armv8 -target-feature +sha2 -target-feature +neon -target-feature +zcm -target-feature +zcz -triple arm64-apple-ios15.0.0 -target-linker-version 1115.7.3 -target-sdk-version\=18.2 -fmodules-validate-system-headers -fno-modules-prune-non-affecting-module-map-files -fno-modulemap-allow-subdirectory-search -isysroot /Applications/Xcode_16.2.app/Contents/Developer/Platforms/iPhoneOS.platform/Developer/SDKs/iPhoneOS18.2.sdk -resource-dir /Applications/Xcode_16.2.app/Contents/Developer/Toolchains/XcodeDefault.xctoolchain/usr/lib/clang/16 -fmodule-format\=obj -fmodule-file\=DarwinFoundation\=/Users/runner/Library/Developer/Xcode/DerivedData/idownloadd-buyibqeibzuaejeouuwsxitpvtst/Build/Intermediates.noindex/ArchiveIntermediates/idownloadd/IntermediateBuildFilesPath/ExplicitPrecompiledModules/DarwinFoundation-BS732VSG5ERO13MLOL3IHMHDZ.pcm -fmodule-file\=os_availability\=/Users/runner/Library/Developer/Xcode/DerivedData/idownloadd-buyibqeibzuaejeouuwsxitpvtst/Build/Intermediates.noindex/ArchiveIntermediates/idownloadd/IntermediateBuildFilesPath/ExplicitPrecompiledModules/os_availability-8QAK4H1NV59LBT8PA90U4FAD4.pcm -fmodule-file\=sys_types\=/Users/runner/Library/Developer/Xcode/DerivedData/idownloadd-buyibqeibzuaejeouuwsxitpvtst/Build/Intermediates.noindex/ArchiveIntermediates/idownloadd/IntermediateBuildFilesPath/ExplicitPrecompiledModules/sys_types-BGK65GR37NPNEIVS63OSTMZOC.pcm -isystem /Applications/Xcode_16.2.app/Contents/Developer/Toolchains/XcodeDefault.xctoolchain/usr/lib/clang/16/include -internal-externc-isystem /Applications/Xcode_16.2.app/Contents/Developer/Platforms/iPhoneOS.platform/Developer/SDKs/iPhoneOS18.2.sdk/usr/include -ivfsstatcache /Users/runner/Library/Developer/Xcode/DerivedData/SDKStatCaches.noindex/iphoneos18.2-22C146-6f6929c68f51360d5ca70a73a7e0c2f9.sdkstatcache -std\=gnu11 -fmodules -fmodule-name\=_signal -fmodules-search-all -fno-implicit-modules -fmax-type-align\=16 -fstack-check -mdarwin-stkchk-strong-link -fno-odr-hash-protocols -pic-level 2 -disable-objc-default-synthesize-properties -stack-protector 1 -fgnuc-version\=4.2.1 -fblocks -ffp-contract\=off -fclang-abi-compat\=4.0 -fno-experimental-relative-c++-abi-vtables -fno-file-reproducible -clang-vendor-feature\=+disableNonDependentMemberExprInCurrentInstantiation -clang-vendor-feature\=+enableAggressiveVLAFolding -clang-vendor-feature\=+revert09abecef7bbf -clang-vendor-feature\=+thisNoAlignAttr -clang-vendor-feature\=+thisNoNullAttr -clang-vendor-feature\=+disableAtImportPrivateFrameworkInImplementationError -O2 -fcommon -fno-sanitize-address-use-odr-indicator -fno-sanitize-memory-param-retval -fmerge-all-constants -fno-verbose-asm -fregister-global-dtors-with-atexit -fno-use-init-array -funique-basic-block-section-names -dwarf-version\=4 -debugger-tuning\=lldb -llvm-verify-each -dwarf-ext-refs -no-struct-path-tbaa -fexperimental-assignment-tracking\=disabled -no-enable-noundef-analysis -stack-protector-buffer-size 0 -finline-functions -debug-info-kind\=standalone -Os -fno-unroll-loops -fdiagnostics-hotness-threshold\=0 -fdiagnostics-misexpect-tolerance\=0 -fno-split-cold-code -D __GCC_HAVE_DWARF2_CFI_ASM\=1 -MT moduledependenciestarget -dependency-file /Users/runner/Library/Developer/Xcode/DerivedData/idownloadd-buyibqeibzuaejeouuwsxitpvtst/Build/Intermediates.noindex/ArchiveIntermediates/idownloadd/IntermediateBuildFilesPath/ExplicitPrecompiledModules/_signal-3PE5O078I8SXXPPALB0REGJPZ.d -skip-unused-modulemap-deps

PrecompileModule /Users/runner/Library/Developer/Xcode/DerivedData/idownloadd-buyibqeibzuaejeouuwsxitpvtst/Build/Intermediates.noindex/ArchiveIntermediates/idownloadd/IntermediateBuildFilesPath/ExplicitPrecompiledModules/nl_types-EZRJFUWOGNE6JJWICNY0N9CSN.scan
    cd /Users/runner/work/dopamine-extended/dopamine-extended/Dopamine/BaseBin/idownloadd/src
    builtin-precompileModule /Users/runner/Library/Developer/Xcode/DerivedData/idownloadd-buyibqeibzuaejeouuwsxitpvtst/Build/Intermediates.noindex/ArchiveIntermediates/idownloadd/IntermediateBuildFilesPath/ExplicitPrecompiledModules/nl_types-EZRJFUWOGNE6JJWICNY0N9CSN.scan
/Applications/Xcode_16.2.app/Contents/Developer/Toolchains/XcodeDefault.xctoolchain/usr/bin/clang -cc1 -fdiagnostics-show-note-include-stack -fmacro-backtrace-limit\=0 -ferror-limit 19 -serialize-diagnostic-file /Users/runner/Library/Developer/Xcode/DerivedData/idownloadd-buyibqeibzuaejeouuwsxitpvtst/Build/Intermediates.noindex/ArchiveIntermediates/idownloadd/IntermediateBuildFilesPath/ExplicitPrecompiledModules/nl_types-EZRJFUWOGNE6JJWICNY0N9CSN.dia -fsystem-module -fmodule-map-file\=/Applications/Xcode_16.2.app/Contents/Developer/Platforms/iPhoneOS.platform/Developer/SDKs/iPhoneOS18.2.sdk/usr/include/DarwinBasic.modulemap -fmodule-map-file\=/Applications/Xcode_16.2.app/Contents/Developer/Platforms/iPhoneOS.platform/Developer/SDKs/iPhoneOS18.2.sdk/usr/include/DarwinFoundation.modulemap -o /Users/runner/Library/Developer/Xcode/DerivedData/idownloadd-buyibqeibzuaejeouuwsxitpvtst/Build/Intermediates.noindex/ArchiveIntermediates/idownloadd/IntermediateBuildFilesPath/ExplicitPrecompiledModules/nl_types-EZRJFUWOGNE6JJWICNY0N9CSN.pcm -disable-free -emit-module -x c /Applications/Xcode_16.2.app/Contents/Developer/Platforms/iPhoneOS.platform/Developer/SDKs/iPhoneOS.sdk/usr/include/DarwinBasic.modulemap -target-abi darwinpcs -target-cpu apple-a7 -target-feature +v8a -target-feature +aes -target-feature +fp-armv8 -target-feature +sha2 -target-feature +neon -target-feature +zcm -target-feature +zcz -triple arm64-apple-ios15.0.0 -target-linker-version 1115.7.3 -target-sdk-version\=18.2 -fmodules-validate-system-headers -fno-modules-prune-non-affecting-module-map-files -fno-modulemap-allow-subdirectory-search -isysroot /Applications/Xcode_16.2.app/Contents/Developer/Platforms/iPhoneOS.platform/Developer/SDKs/iPhoneOS18.2.sdk -resource-dir /Applications/Xcode_16.2.app/Contents/Developer/Toolchains/XcodeDefault.xctoolchain/usr/lib/clang/16 -fmodule-format\=obj -fmodule-file\=DarwinFoundation\=/Users/runner/Library/Developer/Xcode/DerivedData/idownloadd-buyibqeibzuaejeouuwsxitpvtst/Build/Intermediates.noindex/ArchiveIntermediates/idownloadd/IntermediateBuildFilesPath/ExplicitPrecompiledModules/DarwinFoundation-BS732VSG5ERO13MLOL3IHMHDZ.pcm -fmodule-file\=sys_types\=/Users/runner/Library/Developer/Xcode/DerivedData/idownloadd-buyibqeibzuaejeouuwsxitpvtst/Build/Intermediates.noindex/ArchiveIntermediates/idownloadd/IntermediateBuildFilesPath/ExplicitPrecompiledModules/sys_types-BGK65GR37NPNEIVS63OSTMZOC.pcm -isystem /Applications/Xcode_16.2.app/Contents/Developer/Toolchains/XcodeDefault.xctoolchain/usr/lib/clang/16/include -internal-externc-isystem /Applications/Xcode_16.2.app/Contents/Developer/Platforms/iPhoneOS.platform/Developer/SDKs/iPhoneOS18.2.sdk/usr/include -ivfsstatcache /Users/runner/Library/Developer/Xcode/DerivedData/SDKStatCaches.noindex/iphoneos18.2-22C146-6f6929c68f51360d5ca70a73a7e0c2f9.sdkstatcache -std\=gnu11 -fmodules -fmodule-name\=nl_types -fmodules-search-all -fno-implicit-modules -fmax-type-align\=16 -fstack-check -mdarwin-stkchk-strong-link -fno-odr-hash-protocols -pic-level 2 -disable-objc-default-synthesize-properties -stack-protector 1 -fgnuc-version\=4.2.1 -fblocks -ffp-contract\=off -fclang-abi-compat\=4.0 -fno-experimental-relative-c++-abi-vtables -fno-file-reproducible -clang-vendor-feature\=+disableNonDependentMemberExprInCurrentInstantiation -clang-vendor-feature\=+enableAggressiveVLAFolding -clang-vendor-feature\=+revert09abecef7bbf -clang-vendor-feature\=+thisNoAlignAttr -clang-vendor-feature\=+thisNoNullAttr -clang-vendor-feature\=+disableAtImportPrivateFrameworkInImplementationError -O2 -fcommon -fno-sanitize-address-use-odr-indicator -fno-sanitize-memory-param-retval -fmerge-all-constants -fno-verbose-asm -fregister-global-dtors-with-atexit -fno-use-init-array -funique-basic-block-section-names -dwarf-version\=4 -debugger-tuning\=lldb -llvm-verify-each -dwarf-ext-refs -no-struct-path-tbaa -fexperimental-assignment-tracking\=disabled -no-enable-noundef-analysis -stack-protector-buffer-size 0 -finline-functions -debug-info-kind\=standalone -Os -fno-unroll-loops -fdiagnostics-hotness-threshold\=0 -fdiagnostics-misexpect-tolerance\=0 -fno-split-cold-code -D __GCC_HAVE_DWARF2_CFI_ASM\=1 -MT moduledependenciestarget -dependency-file /Users/runner/Library/Developer/Xcode/DerivedData/idownloadd-buyibqeibzuaejeouuwsxitpvtst/Build/Intermediates.noindex/ArchiveIntermediates/idownloadd/IntermediateBuildFilesPath/ExplicitPrecompiledModules/nl_types-EZRJFUWOGNE6JJWICNY0N9CSN.d -skip-unused-modulemap-deps

PrecompileModule /Users/runner/Library/Developer/Xcode/DerivedData/idownloadd-buyibqeibzuaejeouuwsxitpvtst/Build/Intermediates.noindex/ArchiveIntermediates/idownloadd/IntermediateBuildFilesPath/ExplicitPrecompiledModules/_wctype-6CALHJZXR73G4KDG6LMHAZUD1.scan
    cd /Users/runner/work/dopamine-extended/dopamine-extended/Dopamine/BaseBin/idownloadd/src
    builtin-precompileModule /Users/runner/Library/Developer/Xcode/DerivedData/idownloadd-buyibqeibzuaejeouuwsxitpvtst/Build/Intermediates.noindex/ArchiveIntermediates/idownloadd/IntermediateBuildFilesPath/ExplicitPrecompiledModules/_wctype-6CALHJZXR73G4KDG6LMHAZUD1.scan
/Applications/Xcode_16.2.app/Contents/Developer/Toolchains/XcodeDefault.xctoolchain/usr/bin/clang -cc1 -fdiagnostics-show-note-include-stack -fmacro-backtrace-limit\=0 -ferror-limit 19 -serialize-diagnostic-file /Users/runner/Library/Developer/Xcode/DerivedData/idownloadd-buyibqeibzuaejeouuwsxitpvtst/Build/Intermediates.noindex/ArchiveIntermediates/idownloadd/IntermediateBuildFilesPath/ExplicitPrecompiledModules/_wctype-6CALHJZXR73G4KDG6LMHAZUD1.dia -fsystem-module -fmodule-map-file\=/Applications/Xcode_16.2.app/Contents/Developer/Platforms/iPhoneOS.platform/Developer/SDKs/iPhoneOS18.2.sdk/usr/include/c_standard_library.modulemap -fmodule-map-file\=/Applications/Xcode_16.2.app/Contents/Developer/Platforms/iPhoneOS.platform/Developer/SDKs/iPhoneOS18.2.sdk/usr/include/DarwinFoundation.modulemap -o /Users/runner/Library/Developer/Xcode/DerivedData/idownloadd-buyibqeibzuaejeouuwsxitpvtst/Build/Intermediates.noindex/ArchiveIntermediates/idownloadd/IntermediateBuildFilesPath/ExplicitPrecompiledModules/_wctype-6CALHJZXR73G4KDG6LMHAZUD1.pcm -disable-free -emit-module -x c /Applications/Xcode_16.2.app/Contents/Developer/Platforms/iPhoneOS.platform/Developer/SDKs/iPhoneOS.sdk/usr/include/c_standard_library.modulemap -target-abi darwinpcs -target-cpu apple-a7 -target-feature +v8a -target-feature +aes -target-feature +fp-armv8 -target-feature +sha2 -target-feature +neon -target-feature +zcm -target-feature +zcz -triple arm64-apple-ios15.0.0 -target-linker-version 1115.7.3 -target-sdk-version\=18.2 -fmodules-validate-system-headers -fno-modules-prune-non-affecting-module-map-files -fno-modulemap-allow-subdirectory-search -isysroot /Applications/Xcode_16.2.app/Contents/Developer/Platforms/iPhoneOS.platform/Developer/SDKs/iPhoneOS18.2.sdk -resource-dir /Applications/Xcode_16.2.app/Contents/Developer/Toolchains/XcodeDefault.xctoolchain/usr/lib/clang/16 -fmodule-format\=obj -fmodule-file\=DarwinFoundation\=/Users/runner/Library/Developer/Xcode/DerivedData/idownloadd-buyibqeibzuaejeouuwsxitpvtst/Build/Intermediates.noindex/ArchiveIntermediates/idownloadd/IntermediateBuildFilesPath/ExplicitPrecompiledModules/DarwinFoundation-BS732VSG5ERO13MLOL3IHMHDZ.pcm -fmodule-file\=__wctype\=/Users/runner/Library/Developer/Xcode/DerivedData/idownloadd-buyibqeibzuaejeouuwsxitpvtst/Build/Intermediates.noindex/ArchiveIntermediates/idownloadd/IntermediateBuildFilesPath/ExplicitPrecompiledModules/__wctype-55ZZ13YN3BW2ZAR6FQN0N67ZO.pcm -fmodule-file\=_ctype\=/Users/runner/Library/Developer/Xcode/DerivedData/idownloadd-buyibqeibzuaejeouuwsxitpvtst/Build/Intermediates.noindex/ArchiveIntermediates/idownloadd/IntermediateBuildFilesPath/ExplicitPrecompiledModules/_ctype-EJRS020Y2GFPCLR175AG3MYOM.pcm -isystem /Applications/Xcode_16.2.app/Contents/Developer/Toolchains/XcodeDefault.xctoolchain/usr/lib/clang/16/include -internal-externc-isystem /Applications/Xcode_16.2.app/Contents/Developer/Platforms/iPhoneOS.platform/Developer/SDKs/iPhoneOS18.2.sdk/usr/include -ivfsstatcache /Users/runner/Library/Developer/Xcode/DerivedData/SDKStatCaches.noindex/iphoneos18.2-22C146-6f6929c68f51360d5ca70a73a7e0c2f9.sdkstatcache -std\=gnu11 -fmodules -fmodule-name\=_wctype -fmodules-search-all -fno-implicit-modules -fmax-type-align\=16 -fstack-check -mdarwin-stkchk-strong-link -fno-odr-hash-protocols -pic-level 2 -disable-objc-default-synthesize-properties -stack-protector 1 -fgnuc-version\=4.2.1 -fblocks -ffp-contract\=off -fclang-abi-compat\=4.0 -fno-experimental-relative-c++-abi-vtables -fno-file-reproducible -clang-vendor-feature\=+disableNonDependentMemberExprInCurrentInstantiation -clang-vendor-feature\=+enableAggressiveVLAFolding -clang-vendor-feature\=+revert09abecef7bbf -clang-vendor-feature\=+thisNoAlignAttr -clang-vendor-feature\=+thisNoNullAttr -clang-vendor-feature\=+disableAtImportPrivateFrameworkInImplementationError -O2 -fcommon -fno-sanitize-address-use-odr-indicator -fno-sanitize-memory-param-retval -fmerge-all-constants -fno-verbose-asm -fregister-global-dtors-with-atexit -fno-use-init-array -funique-basic-block-section-names -dwarf-version\=4 -debugger-tuning\=lldb -llvm-verify-each -dwarf-ext-refs -no-struct-path-tbaa -fexperimental-assignment-tracking\=disabled -no-enable-noundef-analysis -stack-protector-buffer-size 0 -finline-functions -debug-info-kind\=standalone -Os -fno-unroll-loops -fdiagnostics-hotness-threshold\=0 -fdiagnostics-misexpect-tolerance\=0 -fno-split-cold-code -D __GCC_HAVE_DWARF2_CFI_ASM\=1 -MT moduledependenciestarget -dependency-file /Users/runner/Library/Developer/Xcode/DerivedData/idownloadd-buyibqeibzuaejeouuwsxitpvtst/Build/Intermediates.noindex/ArchiveIntermediates/idownloadd/IntermediateBuildFilesPath/ExplicitPrecompiledModules/_wctype-6CALHJZXR73G4KDG6LMHAZUD1.d -skip-unused-modulemap-deps

PrecompileModule /Users/runner/Library/Developer/Xcode/DerivedData/idownloadd-buyibqeibzuaejeouuwsxitpvtst/Build/Intermediates.noindex/ArchiveIntermediates/idownloadd/IntermediateBuildFilesPath/ExplicitPrecompiledModules/gethostuuid-4WS6FYK3L9HBGV4VLKIM2VSR1.scan
    cd /Users/runner/work/dopamine-extended/dopamine-extended/Dopamine/BaseBin/idownloadd/src
    builtin-precompileModule /Users/runner/Library/Developer/Xcode/DerivedData/idownloadd-buyibqeibzuaejeouuwsxitpvtst/Build/Intermediates.noindex/ArchiveIntermediates/idownloadd/IntermediateBuildFilesPath/ExplicitPrecompiledModules/gethostuuid-4WS6FYK3L9HBGV4VLKIM2VSR1.scan
/Applications/Xcode_16.2.app/Contents/Developer/Toolchains/XcodeDefault.xctoolchain/usr/bin/clang -cc1 -fdiagnostics-show-note-include-stack -fmacro-backtrace-limit\=0 -ferror-limit 19 -serialize-diagnostic-file /Users/runner/Library/Developer/Xcode/DerivedData/idownloadd-buyibqeibzuaejeouuwsxitpvtst/Build/Intermediates.noindex/ArchiveIntermediates/idownloadd/IntermediateBuildFilesPath/ExplicitPrecompiledModules/gethostuuid-4WS6FYK3L9HBGV4VLKIM2VSR1.dia -fsystem-module -fmodule-map-file\=/Applications/Xcode_16.2.app/Contents/Developer/Platforms/iPhoneOS.platform/Developer/SDKs/iPhoneOS18.2.sdk/usr/include/c_standard_library.modulemap -fmodule-map-file\=/Applications/Xcode_16.2.app/Contents/Developer/Platforms/iPhoneOS.platform/Developer/SDKs/iPhoneOS18.2.sdk/usr/include/DarwinFoundation.modulemap -fmodule-map-file\=/Applications/Xcode_16.2.app/Contents/Developer/Platforms/iPhoneOS.platform/Developer/SDKs/iPhoneOS18.2.sdk/usr/include/os_availability.modulemap -o /Users/runner/Library/Developer/Xcode/DerivedData/idownloadd-buyibqeibzuaejeouuwsxitpvtst/Build/Intermediates.noindex/ArchiveIntermediates/idownloadd/IntermediateBuildFilesPath/ExplicitPrecompiledModules/gethostuuid-4WS6FYK3L9HBGV4VLKIM2VSR1.pcm -disable-free -emit-module -x c /Applications/Xcode_16.2.app/Contents/Developer/Platforms/iPhoneOS.platform/Developer/SDKs/iPhoneOS.sdk/usr/include/DarwinBasic.modulemap -target-abi darwinpcs -target-cpu apple-a7 -target-feature +v8a -target-feature +aes -target-feature +fp-armv8 -target-feature +sha2 -target-feature +neon -target-feature +zcm -target-feature +zcz -triple arm64-apple-ios15.0.0 -target-linker-version 1115.7.3 -target-sdk-version\=18.2 -fmodules-validate-system-headers -fno-modules-prune-non-affecting-module-map-files -fno-modulemap-allow-subdirectory-search -isysroot /Applications/Xcode_16.2.app/Contents/Developer/Platforms/iPhoneOS.platform/Developer/SDKs/iPhoneOS18.2.sdk -resource-dir /Applications/Xcode_16.2.app/Contents/Developer/Toolchains/XcodeDefault.xctoolchain/usr/lib/clang/16 -fmodule-format\=obj -fmodule-file\=DarwinFoundation\=/Users/runner/Library/Developer/Xcode/DerivedData/idownloadd-buyibqeibzuaejeouuwsxitpvtst/Build/Intermediates.noindex/ArchiveIntermediates/idownloadd/IntermediateBuildFilesPath/ExplicitPrecompiledModules/DarwinFoundation-BS732VSG5ERO13MLOL3IHMHDZ.pcm -fmodule-file\=_time\=/Users/runner/Library/Developer/Xcode/DerivedData/idownloadd-buyibqeibzuaejeouuwsxitpvtst/Build/Intermediates.noindex/ArchiveIntermediates/idownloadd/IntermediateBuildFilesPath/ExplicitPrecompiledModules/_time-2XS4MYM5L79L1WQN4NM5WURZR.pcm -fmodule-file\=os_availability\=/Users/runner/Library/Developer/Xcode/DerivedData/idownloadd-buyibqeibzuaejeouuwsxitpvtst/Build/Intermediates.noindex/ArchiveIntermediates/idownloadd/IntermediateBuildFilesPath/ExplicitPrecompiledModules/os_availability-8QAK4H1NV59LBT8PA90U4FAD4.pcm -fmodule-file\=uuid\=/Users/runner/Library/Developer/Xcode/DerivedData/idownloadd-buyibqeibzuaejeouuwsxitpvtst/Build/Intermediates.noindex/ArchiveIntermediates/idownloadd/IntermediateBuildFilesPath/ExplicitPrecompiledModules/uuid-603Z68UWVKVAF14KJ56TXSYVR.pcm -isystem /Applications/Xcode_16.2.app/Contents/Developer/Toolchains/XcodeDefault.xctoolchain/usr/lib/clang/16/include -internal-externc-isystem /Applications/Xcode_16.2.app/Contents/Developer/Platforms/iPhoneOS.platform/Developer/SDKs/iPhoneOS18.2.sdk/usr/include -ivfsstatcache /Users/runner/Library/Developer/Xcode/DerivedData/SDKStatCaches.noindex/iphoneos18.2-22C146-6f6929c68f51360d5ca70a73a7e0c2f9.sdkstatcache -std\=gnu11 -fmodules -fmodule-name\=gethostuuid -fmodules-search-all -fno-implicit-modules -fmax-type-align\=16 -fstack-check -mdarwin-stkchk-strong-link -fno-odr-hash-protocols -pic-level 2 -disable-objc-default-synthesize-properties -stack-protector 1 -fgnuc-version\=4.2.1 -fblocks -ffp-contract\=off -fclang-abi-compat\=4.0 -fno-experimental-relative-c++-abi-vtables -fno-file-reproducible -clang-vendor-feature\=+disableNonDependentMemberExprInCurrentInstantiation -clang-vendor-feature\=+enableAggressiveVLAFolding -clang-vendor-feature\=+revert09abecef7bbf -clang-vendor-feature\=+thisNoAlignAttr -clang-vendor-feature\=+thisNoNullAttr -clang-vendor-feature\=+disableAtImportPrivateFrameworkInImplementationError -O2 -fcommon -fno-sanitize-address-use-odr-indicator -fno-sanitize-memory-param-retval -fmerge-all-constants -fno-verbose-asm -fregister-global-dtors-with-atexit -fno-use-init-array -funique-basic-block-section-names -dwarf-version\=4 -debugger-tuning\=lldb -llvm-verify-each -dwarf-ext-refs -no-struct-path-tbaa -fexperimental-assignment-tracking\=disabled -no-enable-noundef-analysis -stack-protector-buffer-size 0 -finline-functions -debug-info-kind\=standalone -Os -fno-unroll-loops -fdiagnostics-hotness-threshold\=0 -fdiagnostics-misexpect-tolerance\=0 -fno-split-cold-code -D __GCC_HAVE_DWARF2_CFI_ASM\=1 -MT moduledependenciestarget -dependency-file /Users/runner/Library/Developer/Xcode/DerivedData/idownloadd-buyibqeibzuaejeouuwsxitpvtst/Build/Intermediates.noindex/ArchiveIntermediates/idownloadd/IntermediateBuildFilesPath/ExplicitPrecompiledModules/gethostuuid-4WS6FYK3L9HBGV4VLKIM2VSR1.d -skip-unused-modulemap-deps

PrecompileModule /Users/runner/Library/Developer/Xcode/DerivedData/idownloadd-buyibqeibzuaejeouuwsxitpvtst/Build/Intermediates.noindex/ArchiveIntermediates/idownloadd/IntermediateBuildFilesPath/ExplicitPrecompiledModules/sys_select-EZ9CM3QJEEAMHYYRHEJ93ZTRB.scan
    cd /Users/runner/work/dopamine-extended/dopamine-extended/Dopamine/BaseBin/idownloadd/src
    builtin-precompileModule /Users/runner/Library/Developer/Xcode/DerivedData/idownloadd-buyibqeibzuaejeouuwsxitpvtst/Build/Intermediates.noindex/ArchiveIntermediates/idownloadd/IntermediateBuildFilesPath/ExplicitPrecompiledModules/sys_select-EZ9CM3QJEEAMHYYRHEJ93ZTRB.scan
/Applications/Xcode_16.2.app/Contents/Developer/Toolchains/XcodeDefault.xctoolchain/usr/bin/clang -cc1 -fdiagnostics-show-note-include-stack -fmacro-backtrace-limit\=0 -ferror-limit 19 -serialize-diagnostic-file /Users/runner/Library/Developer/Xcode/DerivedData/idownloadd-buyibqeibzuaejeouuwsxitpvtst/Build/Intermediates.noindex/ArchiveIntermediates/idownloadd/IntermediateBuildFilesPath/ExplicitPrecompiledModules/sys_select-EZ9CM3QJEEAMHYYRHEJ93ZTRB.dia -fsystem-module -fmodule-map-file\=/Applications/Xcode_16.2.app/Contents/Developer/Platforms/iPhoneOS.platform/Developer/SDKs/iPhoneOS18.2.sdk/usr/include/DarwinBasic.modulemap -fmodule-map-file\=/Applications/Xcode_16.2.app/Contents/Developer/Platforms/iPhoneOS.platform/Developer/SDKs/iPhoneOS18.2.sdk/usr/include/c_standard_library.modulemap -fmodule-map-file\=/Applications/Xcode_16.2.app/Contents/Developer/Platforms/iPhoneOS.platform/Developer/SDKs/iPhoneOS18.2.sdk/usr/include/DarwinFoundation.modulemap -o /Users/runner/Library/Developer/Xcode/DerivedData/idownloadd-buyibqeibzuaejeouuwsxitpvtst/Build/Intermediates.noindex/ArchiveIntermediates/idownloadd/IntermediateBuildFilesPath/ExplicitPrecompiledModules/sys_select-EZ9CM3QJEEAMHYYRHEJ93ZTRB.pcm -disable-free -emit-module -x c /Applications/Xcode_16.2.app/Contents/Developer/Platforms/iPhoneOS.platform/Developer/SDKs/iPhoneOS.sdk/usr/include/DarwinBasic.modulemap -target-abi darwinpcs -target-cpu apple-a7 -target-feature +v8a -target-feature +aes -target-feature +fp-armv8 -target-feature +sha2 -target-feature +neon -target-feature +zcm -target-feature +zcz -triple arm64-apple-ios15.0.0 -target-linker-version 1115.7.3 -target-sdk-version\=18.2 -fmodules-validate-system-headers -fno-modules-prune-non-affecting-module-map-files -fno-modulemap-allow-subdirectory-search -isysroot /Applications/Xcode_16.2.app/Contents/Developer/Platforms/iPhoneOS.platform/Developer/SDKs/iPhoneOS18.2.sdk -resource-dir /Applications/Xcode_16.2.app/Contents/Developer/Toolchains/XcodeDefault.xctoolchain/usr/lib/clang/16 -fmodule-format\=obj -fmodule-file\=DarwinFoundation\=/Users/runner/Library/Developer/Xcode/DerivedData/idownloadd-buyibqeibzuaejeouuwsxitpvtst/Build/Intermediates.noindex/ArchiveIntermediates/idownloadd/IntermediateBuildFilesPath/ExplicitPrecompiledModules/DarwinFoundation-BS732VSG5ERO13MLOL3IHMHDZ.pcm -fmodule-file\=_signal\=/Users/runner/Library/Developer/Xcode/DerivedData/idownloadd-buyibqeibzuaejeouuwsxitpvtst/Build/Intermediates.noindex/ArchiveIntermediates/idownloadd/IntermediateBuildFilesPath/ExplicitPrecompiledModules/_signal-3PE5O078I8SXXPPALB0REGJPZ.pcm -fmodule-file\=_sys_select\=/Users/runner/Library/Developer/Xcode/DerivedData/idownloadd-buyibqeibzuaejeouuwsxitpvtst/Build/Intermediates.noindex/ArchiveIntermediates/idownloadd/IntermediateBuildFilesPath/ExplicitPrecompiledModules/_sys_select-65HS96JY9CYIVPMSML9Y2D92K.pcm -fmodule-file\=_time\=/Users/runner/Library/Developer/Xcode/DerivedData/idownloadd-buyibqeibzuaejeouuwsxitpvtst/Build/Intermediates.noindex/ArchiveIntermediates/idownloadd/IntermediateBuildFilesPath/ExplicitPrecompiledModules/_time-2XS4MYM5L79L1WQN4NM5WURZR.pcm -fmodule-file\=sys_time\=/Users/runner/Library/Developer/Xcode/DerivedData/idownloadd-buyibqeibzuaejeouuwsxitpvtst/Build/Intermediates.noindex/ArchiveIntermediates/idownloadd/IntermediateBuildFilesPath/ExplicitPrecompiledModules/sys_time-66OB7D7GB2PK0MNAVHB22394C.pcm -fmodule-file\=sys_types\=/Users/runner/Library/Developer/Xcode/DerivedData/idownloadd-buyibqeibzuaejeouuwsxitpvtst/Build/Intermediates.noindex/ArchiveIntermediates/idownloadd/IntermediateBuildFilesPath/ExplicitPrecompiledModules/sys_types-BGK65GR37NPNEIVS63OSTMZOC.pcm -isystem /Applications/Xcode_16.2.app/Contents/Developer/Toolchains/XcodeDefault.xctoolchain/usr/lib/clang/16/include -internal-externc-isystem /Applications/Xcode_16.2.app/Contents/Developer/Platforms/iPhoneOS.platform/Developer/SDKs/iPhoneOS18.2.sdk/usr/include -ivfsstatcache /Users/runner/Library/Developer/Xcode/DerivedData/SDKStatCaches.noindex/iphoneos18.2-22C146-6f6929c68f51360d5ca70a73a7e0c2f9.sdkstatcache -std\=gnu11 -fmodules -fmodule-name\=sys_select -fmodules-search-all -fno-implicit-modules -fmax-type-align\=16 -fstack-check -mdarwin-stkchk-strong-link -fno-odr-hash-protocols -pic-level 2 -disable-objc-default-synthesize-properties -stack-protector 1 -fgnuc-version\=4.2.1 -fblocks -ffp-contract\=off -fclang-abi-compat\=4.0 -fno-experimental-relative-c++-abi-vtables -fno-file-reproducible -clang-vendor-feature\=+disableNonDependentMemberExprInCurrentInstantiation -clang-vendor-feature\=+enableAggressiveVLAFolding -clang-vendor-feature\=+revert09abecef7bbf -clang-vendor-feature\=+thisNoAlignAttr -clang-vendor-feature\=+thisNoNullAttr -clang-vendor-feature\=+disableAtImportPrivateFrameworkInImplementationError -O2 -fcommon -fno-sanitize-address-use-odr-indicator -fno-sanitize-memory-param-retval -fmerge-all-constants -fno-verbose-asm -fregister-global-dtors-with-atexit -fno-use-init-array -funique-basic-block-section-names -dwarf-version\=4 -debugger-tuning\=lldb -llvm-verify-each -dwarf-ext-refs -no-struct-path-tbaa -fexperimental-assignment-tracking\=disabled -no-enable-noundef-analysis -stack-protector-buffer-size 0 -finline-functions -debug-info-kind\=standalone -Os -fno-unroll-loops -fdiagnostics-hotness-threshold\=0 -fdiagnostics-misexpect-tolerance\=0 -fno-split-cold-code -D __GCC_HAVE_DWARF2_CFI_ASM\=1 -MT moduledependenciestarget -dependency-file /Users/runner/Library/Developer/Xcode/DerivedData/idownloadd-buyibqeibzuaejeouuwsxitpvtst/Build/Intermediates.noindex/ArchiveIntermediates/idownloadd/IntermediateBuildFilesPath/ExplicitPrecompiledModules/sys_select-EZ9CM3QJEEAMHYYRHEJ93ZTRB.d -skip-unused-modulemap-deps

PrecompileModule /Users/runner/Library/Developer/Xcode/DerivedData/idownloadd-buyibqeibzuaejeouuwsxitpvtst/Build/Intermediates.noindex/ArchiveIntermediates/idownloadd/IntermediateBuildFilesPath/ExplicitPrecompiledModules/pthread-ED5JVVOGSOM8EB99XD9C3UUV6.scan
    cd /Users/runner/work/dopamine-extended/dopamine-extended/Dopamine/BaseBin/idownloadd/src
    builtin-precompileModule /Users/runner/Library/Developer/Xcode/DerivedData/idownloadd-buyibqeibzuaejeouuwsxitpvtst/Build/Intermediates.noindex/ArchiveIntermediates/idownloadd/IntermediateBuildFilesPath/ExplicitPrecompiledModules/pthread-ED5JVVOGSOM8EB99XD9C3UUV6.scan
/Applications/Xcode_16.2.app/Contents/Developer/Toolchains/XcodeDefault.xctoolchain/usr/bin/clang -cc1 -fdiagnostics-show-note-include-stack -fmacro-backtrace-limit\=0 -ferror-limit 19 -serialize-diagnostic-file /Users/runner/Library/Developer/Xcode/DerivedData/idownloadd-buyibqeibzuaejeouuwsxitpvtst/Build/Intermediates.noindex/ArchiveIntermediates/idownloadd/IntermediateBuildFilesPath/ExplicitPrecompiledModules/pthread-ED5JVVOGSOM8EB99XD9C3UUV6.dia -fsystem-module -fmodule-map-file\=/Applications/Xcode_16.2.app/Contents/Developer/Platforms/iPhoneOS.platform/Developer/SDKs/iPhoneOS18.2.sdk/usr/include/DarwinBasic.modulemap -fmodule-map-file\=/Applications/Xcode_16.2.app/Contents/Developer/Platforms/iPhoneOS.platform/Developer/SDKs/iPhoneOS18.2.sdk/usr/include/c_standard_library.modulemap -fmodule-map-file\=/Applications/Xcode_16.2.app/Contents/Developer/Platforms/iPhoneOS.platform/Developer/SDKs/iPhoneOS18.2.sdk/usr/include/DarwinFoundation.modulemap -fmodule-map-file\=/Applications/Xcode_16.2.app/Contents/Developer/Platforms/iPhoneOS.platform/Developer/SDKs/iPhoneOS18.2.sdk/usr/include/os_availability.modulemap -o /Users/runner/Library/Developer/Xcode/DerivedData/idownloadd-buyibqeibzuaejeouuwsxitpvtst/Build/Intermediates.noindex/ArchiveIntermediates/idownloadd/IntermediateBuildFilesPath/ExplicitPrecompiledModules/pthread-ED5JVVOGSOM8EB99XD9C3UUV6.pcm -disable-free -emit-module -x c /Applications/Xcode_16.2.app/Contents/Developer/Platforms/iPhoneOS.platform/Developer/SDKs/iPhoneOS.sdk/usr/include/DarwinBasic.modulemap -target-abi darwinpcs -target-cpu apple-a7 -target-feature +v8a -target-feature +aes -target-feature +fp-armv8 -target-feature +sha2 -target-feature +neon -target-feature +zcm -target-feature +zcz -triple arm64-apple-ios15.0.0 -target-linker-version 1115.7.3 -target-sdk-version\=18.2 -fmodules-validate-system-headers -fno-modules-prune-non-affecting-module-map-files -fno-modulemap-allow-subdirectory-search -isysroot /Applications/Xcode_16.2.app/Contents/Developer/Platforms/iPhoneOS.platform/Developer/SDKs/iPhoneOS18.2.sdk -resource-dir /Applications/Xcode_16.2.app/Contents/Developer/Toolchains/XcodeDefault.xctoolchain/usr/lib/clang/16 -fmodule-format\=obj -fmodule-file\=DarwinFoundation\=/Users/runner/Library/Developer/Xcode/DerivedData/idownloadd-buyibqeibzuaejeouuwsxitpvtst/Build/Intermediates.noindex/ArchiveIntermediates/idownloadd/IntermediateBuildFilesPath/ExplicitPrecompiledModules/DarwinFoundation-BS732VSG5ERO13MLOL3IHMHDZ.pcm -fmodule-file\=_mach_port_t\=/Users/runner/Library/Developer/Xcode/DerivedData/idownloadd-buyibqeibzuaejeouuwsxitpvtst/Build/Intermediates.noindex/ArchiveIntermediates/idownloadd/IntermediateBuildFilesPath/ExplicitPrecompiledModules/_mach_port_t-BX9Z38Y2SWIH220CHIPYJEAXE.pcm -fmodule-file\=_signal\=/Users/runner/Library/Developer/Xcode/DerivedData/idownloadd-buyibqeibzuaejeouuwsxitpvtst/Build/Intermediates.noindex/ArchiveIntermediates/idownloadd/IntermediateBuildFilesPath/ExplicitPrecompiledModules/_signal-3PE5O078I8SXXPPALB0REGJPZ.pcm -fmodule-file\=_time\=/Users/runner/Library/Developer/Xcode/DerivedData/idownloadd-buyibqeibzuaejeouuwsxitpvtst/Build/Intermediates.noindex/ArchiveIntermediates/idownloadd/IntermediateBuildFilesPath/ExplicitPrecompiledModules/_time-2XS4MYM5L79L1WQN4NM5WURZR.pcm -fmodule-file\=os_availability\=/Users/runner/Library/Developer/Xcode/DerivedData/idownloadd-buyibqeibzuaejeouuwsxitpvtst/Build/Intermediates.noindex/ArchiveIntermediates/idownloadd/IntermediateBuildFilesPath/ExplicitPrecompiledModules/os_availability-8QAK4H1NV59LBT8PA90U4FAD4.pcm -fmodule-file\=sys_types\=/Users/runner/Library/Developer/Xcode/DerivedData/idownloadd-buyibqeibzuaejeouuwsxitpvtst/Build/Intermediates.noindex/ArchiveIntermediates/idownloadd/IntermediateBuildFilesPath/ExplicitPrecompiledModules/sys_types-BGK65GR37NPNEIVS63OSTMZOC.pcm -isystem /Applications/Xcode_16.2.app/Contents/Developer/Toolchains/XcodeDefault.xctoolchain/usr/lib/clang/16/include -internal-externc-isystem /Applications/Xcode_16.2.app/Contents/Developer/Platforms/iPhoneOS.platform/Developer/SDKs/iPhoneOS18.2.sdk/usr/include -ivfsstatcache /Users/runner/Library/Developer/Xcode/DerivedData/SDKStatCaches.noindex/iphoneos18.2-22C146-6f6929c68f51360d5ca70a73a7e0c2f9.sdkstatcache -std\=gnu11 -fmodules -fmodule-name\=pthread -fmodules-search-all -fno-implicit-modules -fmax-type-align\=16 -fstack-check -mdarwin-stkchk-strong-link -fno-odr-hash-protocols -pic-level 2 -disable-objc-default-synthesize-properties -stack-protector 1 -fgnuc-version\=4.2.1 -fblocks -ffp-contract\=off -fclang-abi-compat\=4.0 -fno-experimental-relative-c++-abi-vtables -fno-file-reproducible -clang-vendor-feature\=+disableNonDependentMemberExprInCurrentInstantiation -clang-vendor-feature\=+enableAggressiveVLAFolding -clang-vendor-feature\=+revert09abecef7bbf -clang-vendor-feature\=+thisNoAlignAttr -clang-vendor-feature\=+thisNoNullAttr -clang-vendor-feature\=+disableAtImportPrivateFrameworkInImplementationError -O2 -fcommon -fno-sanitize-address-use-odr-indicator -fno-sanitize-memory-param-retval -fmerge-all-constants -fno-verbose-asm -fregister-global-dtors-with-atexit -fno-use-init-array -funique-basic-block-section-names -dwarf-version\=4 -debugger-tuning\=lldb -llvm-verify-each -dwarf-ext-refs -no-struct-path-tbaa -fexperimental-assignment-tracking\=disabled -no-enable-noundef-analysis -stack-protector-buffer-size 0 -finline-functions -debug-info-kind\=standalone -Os -fno-unroll-loops -fdiagnostics-hotness-threshold\=0 -fdiagnostics-misexpect-tolerance\=0 -fno-split-cold-code -D __GCC_HAVE_DWARF2_CFI_ASM\=1 -MT moduledependenciestarget -dependency-file /Users/runner/Library/Developer/Xcode/DerivedData/idownloadd-buyibqeibzuaejeouuwsxitpvtst/Build/Intermediates.noindex/ArchiveIntermediates/idownloadd/IntermediateBuildFilesPath/ExplicitPrecompiledModules/pthread-ED5JVVOGSOM8EB99XD9C3UUV6.d -skip-unused-modulemap-deps

PrecompileModule /Users/runner/Library/Developer/Xcode/DerivedData/idownloadd-buyibqeibzuaejeouuwsxitpvtst/Build/Intermediates.noindex/ArchiveIntermediates/idownloadd/IntermediateBuildFilesPath/ExplicitPrecompiledModules/_wchar-17HMFROBXKOOB7NW4O2C7TMYT.scan
    cd /Users/runner/work/dopamine-extended/dopamine-extended/Dopamine/BaseBin/idownloadd/src
    builtin-precompileModule /Users/runner/Library/Developer/Xcode/DerivedData/idownloadd-buyibqeibzuaejeouuwsxitpvtst/Build/Intermediates.noindex/ArchiveIntermediates/idownloadd/IntermediateBuildFilesPath/ExplicitPrecompiledModules/_wchar-17HMFROBXKOOB7NW4O2C7TMYT.scan
/Applications/Xcode_16.2.app/Contents/Developer/Toolchains/XcodeDefault.xctoolchain/usr/bin/clang -cc1 -fdiagnostics-show-note-include-stack -fmacro-backtrace-limit\=0 -ferror-limit 19 -serialize-diagnostic-file /Users/runner/Library/Developer/Xcode/DerivedData/idownloadd-buyibqeibzuaejeouuwsxitpvtst/Build/Intermediates.noindex/ArchiveIntermediates/idownloadd/IntermediateBuildFilesPath/ExplicitPrecompiledModules/_wchar-17HMFROBXKOOB7NW4O2C7TMYT.dia -fsystem-module -fmodule-map-file\=/Applications/Xcode_16.2.app/Contents/Developer/Platforms/iPhoneOS.platform/Developer/SDKs/iPhoneOS18.2.sdk/usr/include/DarwinBasic.modulemap -fmodule-map-file\=/Applications/Xcode_16.2.app/Contents/Developer/Platforms/iPhoneOS.platform/Developer/SDKs/iPhoneOS18.2.sdk/usr/include/c_standard_library.modulemap -fmodule-map-file\=/Applications/Xcode_16.2.app/Contents/Developer/Platforms/iPhoneOS.platform/Developer/SDKs/iPhoneOS18.2.sdk/usr/include/DarwinFoundation.modulemap -fmodule-map-file\=/Applications/Xcode_16.2.app/Contents/Developer/Platforms/iPhoneOS.platform/Developer/SDKs/iPhoneOS18.2.sdk/usr/include/os_availability.modulemap -fmodule-map-file\=/Applications/Xcode_16.2.app/Contents/Developer/Toolchains/XcodeDefault.xctoolchain/usr/lib/clang/16/include/module.modulemap -o /Users/runner/Library/Developer/Xcode/DerivedData/idownloadd-buyibqeibzuaejeouuwsxitpvtst/Build/Intermediates.noindex/ArchiveIntermediates/idownloadd/IntermediateBuildFilesPath/ExplicitPrecompiledModules/_wchar-17HMFROBXKOOB7NW4O2C7TMYT.pcm -disable-free -emit-module -x c /Applications/Xcode_16.2.app/Contents/Developer/Platforms/iPhoneOS.platform/Developer/SDKs/iPhoneOS.sdk/usr/include/c_standard_library.modulemap -target-abi darwinpcs -target-cpu apple-a7 -target-feature +v8a -target-feature +aes -target-feature +fp-armv8 -target-feature +sha2 -target-feature +neon -target-feature +zcm -target-feature +zcz -triple arm64-apple-ios15.0.0 -target-linker-version 1115.7.3 -target-sdk-version\=18.2 -fmodules-validate-system-headers -fno-modules-prune-non-affecting-module-map-files -fno-modulemap-allow-subdirectory-search -isysroot /Applications/Xcode_16.2.app/Contents/Developer/Platforms/iPhoneOS.platform/Developer/SDKs/iPhoneOS18.2.sdk -resource-dir /Applications/Xcode_16.2.app/Contents/Developer/Toolchains/XcodeDefault.xctoolchain/usr/lib/clang/16 -fmodule-format\=obj -fmodule-file\=DarwinFoundation\=/Users/runner/Library/Developer/Xcode/DerivedData/idownloadd-buyibqeibzuaejeouuwsxitpvtst/Build/Intermediates.noindex/ArchiveIntermediates/idownloadd/IntermediateBuildFilesPath/ExplicitPrecompiledModules/DarwinFoundation-BS732VSG5ERO13MLOL3IHMHDZ.pcm -fmodule-file\=_Builtin_stdarg\=/Users/runner/Library/Developer/Xcode/DerivedData/idownloadd-buyibqeibzuaejeouuwsxitpvtst/Build/Intermediates.noindex/ArchiveIntermediates/idownloadd/IntermediateBuildFilesPath/ExplicitPrecompiledModules/_Builtin_stdarg-85XMVA4EBLUBYQG2S1KBK3OUM.pcm -fmodule-file\=_Builtin_stddef\=/Users/runner/Library/Developer/Xcode/DerivedData/idownloadd-buyibqeibzuaejeouuwsxitpvtst/Build/Intermediates.noindex/ArchiveIntermediates/idownloadd/IntermediateBuildFilesPath/ExplicitPrecompiledModules/_Builtin_stddef-4DDFN0QOMUUWZWGJG3KUVJ4JM.pcm -fmodule-file\=__wctype\=/Users/runner/Library/Developer/Xcode/DerivedData/idownloadd-buyibqeibzuaejeouuwsxitpvtst/Build/Intermediates.noindex/ArchiveIntermediates/idownloadd/IntermediateBuildFilesPath/ExplicitPrecompiledModules/__wctype-55ZZ13YN3BW2ZAR6FQN0N67ZO.pcm -fmodule-file\=_stdio\=/Users/runner/Library/Developer/Xcode/DerivedData/idownloadd-buyibqeibzuaejeouuwsxitpvtst/Build/Intermediates.noindex/ArchiveIntermediates/idownloadd/IntermediateBuildFilesPath/ExplicitPrecompiledModules/_stdio-BP3T39SFCFXHXKAOZDCAR0PP7.pcm -fmodule-file\=_time\=/Users/runner/Library/Developer/Xcode/DerivedData/idownloadd-buyibqeibzuaejeouuwsxitpvtst/Build/Intermediates.noindex/ArchiveIntermediates/idownloadd/IntermediateBuildFilesPath/ExplicitPrecompiledModules/_time-2XS4MYM5L79L1WQN4NM5WURZR.pcm -fmodule-file\=os_availability\=/Users/runner/Library/Developer/Xcode/DerivedData/idownloadd-buyibqeibzuaejeouuwsxitpvtst/Build/Intermediates.noindex/ArchiveIntermediates/idownloadd/IntermediateBuildFilesPath/ExplicitPrecompiledModules/os_availability-8QAK4H1NV59LBT8PA90U4FAD4.pcm -fmodule-file\=runetype\=/Users/runner/Library/Developer/Xcode/DerivedData/idownloadd-buyibqeibzuaejeouuwsxitpvtst/Build/Intermediates.noindex/ArchiveIntermediates/idownloadd/IntermediateBuildFilesPath/ExplicitPrecompiledModules/runetype-3KNR9Z8VZZTV1D6MVAVUW4QHS.pcm -isystem /Applications/Xcode_16.2.app/Contents/Developer/Toolchains/XcodeDefault.xctoolchain/usr/lib/clang/16/include -internal-externc-isystem /Applications/Xcode_16.2.app/Contents/Developer/Platforms/iPhoneOS.platform/Developer/SDKs/iPhoneOS18.2.sdk/usr/include -ivfsstatcache /Users/runner/Library/Developer/Xcode/DerivedData/SDKStatCaches.noindex/iphoneos18.2-22C146-6f6929c68f51360d5ca70a73a7e0c2f9.sdkstatcache -std\=gnu11 -fmodules -fmodule-name\=_wchar -fmodules-search-all -fno-implicit-modules -fmax-type-align\=16 -fstack-check -mdarwin-stkchk-strong-link -fno-odr-hash-protocols -pic-level 2 -disable-objc-default-synthesize-properties -stack-protector 1 -fgnuc-version\=4.2.1 -fblocks -ffp-contract\=off -fclang-abi-compat\=4.0 -fno-experimental-relative-c++-abi-vtables -fno-file-reproducible -clang-vendor-feature\=+disableNonDependentMemberExprInCurrentInstantiation -clang-vendor-feature\=+enableAggressiveVLAFolding -clang-vendor-feature\=+revert09abecef7bbf -clang-vendor-feature\=+thisNoAlignAttr -clang-vendor-feature\=+thisNoNullAttr -clang-vendor-feature\=+disableAtImportPrivateFrameworkInImplementationError -O2 -fcommon -fno-sanitize-address-use-odr-indicator -fno-sanitize-memory-param-retval -fmerge-all-constants -fno-verbose-asm -fregister-global-dtors-with-atexit -fno-use-init-array -funique-basic-block-section-names -dwarf-version\=4 -debugger-tuning\=lldb -llvm-verify-each -dwarf-ext-refs -no-struct-path-tbaa -fexperimental-assignment-tracking\=disabled -no-enable-noundef-analysis -stack-protector-buffer-size 0 -finline-functions -debug-info-kind\=standalone -Os -fno-unroll-loops -fdiagnostics-hotness-threshold\=0 -fdiagnostics-misexpect-tolerance\=0 -fno-split-cold-code -D __GCC_HAVE_DWARF2_CFI_ASM\=1 -MT moduledependenciestarget -dependency-file /Users/runner/Library/Developer/Xcode/DerivedData/idownloadd-buyibqeibzuaejeouuwsxitpvtst/Build/Intermediates.noindex/ArchiveIntermediates/idownloadd/IntermediateBuildFilesPath/ExplicitPrecompiledModules/_wchar-17HMFROBXKOOB7NW4O2C7TMYT.d -skip-unused-modulemap-deps

PrecompileModule /Users/runner/Library/Developer/Xcode/DerivedData/idownloadd-buyibqeibzuaejeouuwsxitpvtst/Build/Intermediates.noindex/ArchiveIntermediates/idownloadd/IntermediateBuildFilesPath/ExplicitPrecompiledModules/unwind-5QKUSRIYITCEA3Z9LBDDX955Z.scan
    cd /Users/runner/work/dopamine-extended/dopamine-extended/Dopamine/BaseBin/idownloadd/src
    builtin-precompileModule /Users/runner/Library/Developer/Xcode/DerivedData/idownloadd-buyibqeibzuaejeouuwsxitpvtst/Build/Intermediates.noindex/ArchiveIntermediates/idownloadd/IntermediateBuildFilesPath/ExplicitPrecompiledModules/unwind-5QKUSRIYITCEA3Z9LBDDX955Z.scan
/Applications/Xcode_16.2.app/Contents/Developer/Toolchains/XcodeDefault.xctoolchain/usr/bin/clang -cc1 -fdiagnostics-show-note-include-stack -fmacro-backtrace-limit\=0 -ferror-limit 19 -serialize-diagnostic-file /Users/runner/Library/Developer/Xcode/DerivedData/idownloadd-buyibqeibzuaejeouuwsxitpvtst/Build/Intermediates.noindex/ArchiveIntermediates/idownloadd/IntermediateBuildFilesPath/ExplicitPrecompiledModules/unwind-5QKUSRIYITCEA3Z9LBDDX955Z.dia -fsystem-module -fmodule-map-file\=/Applications/Xcode_16.2.app/Contents/Developer/Toolchains/XcodeDefault.xctoolchain/usr/lib/clang/16/include/module.modulemap -o /Users/runner/Library/Developer/Xcode/DerivedData/idownloadd-buyibqeibzuaejeouuwsxitpvtst/Build/Intermediates.noindex/ArchiveIntermediates/idownloadd/IntermediateBuildFilesPath/ExplicitPrecompiledModules/unwind-5QKUSRIYITCEA3Z9LBDDX955Z.pcm -disable-free -emit-module -x c /Applications/Xcode_16.2.app/Contents/Developer/Platforms/iPhoneOS.platform/Developer/SDKs/iPhoneOS.sdk/usr/include/libunwind.modulemap -target-abi darwinpcs -target-cpu apple-a7 -target-feature +v8a -target-feature +aes -target-feature +fp-armv8 -target-feature +sha2 -target-feature +neon -target-feature +zcm -target-feature +zcz -triple arm64-apple-ios15.0.0 -target-linker-version 1115.7.3 -target-sdk-version\=18.2 -fmodules-validate-system-headers -fno-modules-prune-non-affecting-module-map-files -fno-modulemap-allow-subdirectory-search -isysroot /Applications/Xcode_16.2.app/Contents/Developer/Platforms/iPhoneOS.platform/Developer/SDKs/iPhoneOS18.2.sdk -resource-dir /Applications/Xcode_16.2.app/Contents/Developer/Toolchains/XcodeDefault.xctoolchain/usr/lib/clang/16 -fmodule-format\=obj -fmodule-file\=_Builtin_stddef\=/Users/runner/Library/Developer/Xcode/DerivedData/idownloadd-buyibqeibzuaejeouuwsxitpvtst/Build/Intermediates.noindex/ArchiveIntermediates/idownloadd/IntermediateBuildFilesPath/ExplicitPrecompiledModules/_Builtin_stddef-4DDFN0QOMUUWZWGJG3KUVJ4JM.pcm -fmodule-file\=_Builtin_stdint\=/Users/runner/Library/Developer/Xcode/DerivedData/idownloadd-buyibqeibzuaejeouuwsxitpvtst/Build/Intermediates.noindex/ArchiveIntermediates/idownloadd/IntermediateBuildFilesPath/ExplicitPrecompiledModules/_Builtin_stdint-32IPPNUXMK5UKGPFP899IRCD3.pcm -isystem /Applications/Xcode_16.2.app/Contents/Developer/Toolchains/XcodeDefault.xctoolchain/usr/lib/clang/16/include -internal-externc-isystem /Applications/Xcode_16.2.app/Contents/Developer/Platforms/iPhoneOS.platform/Developer/SDKs/iPhoneOS18.2.sdk/usr/include -ivfsstatcache /Users/runner/Library/Developer/Xcode/DerivedData/SDKStatCaches.noindex/iphoneos18.2-22C146-6f6929c68f51360d5ca70a73a7e0c2f9.sdkstatcache -std\=gnu11 -fmodules -fmodule-name\=unwind -fmodules-search-all -fno-implicit-modules -fmax-type-align\=16 -fstack-check -mdarwin-stkchk-strong-link -fno-odr-hash-protocols -pic-level 2 -disable-objc-default-synthesize-properties -stack-protector 1 -fgnuc-version\=4.2.1 -fblocks -ffp-contract\=off -fclang-abi-compat\=4.0 -fno-experimental-relative-c++-abi-vtables -fno-file-reproducible -clang-vendor-feature\=+disableNonDependentMemberExprInCurrentInstantiation -clang-vendor-feature\=+enableAggressiveVLAFolding -clang-vendor-feature\=+revert09abecef7bbf -clang-vendor-feature\=+thisNoAlignAttr -clang-vendor-feature\=+thisNoNullAttr -clang-vendor-feature\=+disableAtImportPrivateFrameworkInImplementationError -O2 -fcommon -fno-sanitize-address-use-odr-indicator -fno-sanitize-memory-param-retval -fmerge-all-constants -fno-verbose-asm -fregister-global-dtors-with-atexit -fno-use-init-array -funique-basic-block-section-names -dwarf-version\=4 -debugger-tuning\=lldb -llvm-verify-each -dwarf-ext-refs -no-struct-path-tbaa -fexperimental-assignment-tracking\=disabled -no-enable-noundef-analysis -stack-protector-buffer-size 0 -finline-functions -debug-info-kind\=standalone -Os -fno-unroll-loops -fdiagnostics-hotness-threshold\=0 -fdiagnostics-misexpect-tolerance\=0 -fno-split-cold-code -D __GCC_HAVE_DWARF2_CFI_ASM\=1 -MT moduledependenciestarget -dependency-file /Users/runner/Library/Developer/Xcode/DerivedData/idownloadd-buyibqeibzuaejeouuwsxitpvtst/Build/Intermediates.noindex/ArchiveIntermediates/idownloadd/IntermediateBuildFilesPath/ExplicitPrecompiledModules/unwind-5QKUSRIYITCEA3Z9LBDDX955Z.d -skip-unused-modulemap-deps

PrecompileModule /Users/runner/Library/Developer/Xcode/DerivedData/idownloadd-buyibqeibzuaejeouuwsxitpvtst/Build/Intermediates.noindex/ArchiveIntermediates/idownloadd/IntermediateBuildFilesPath/ExplicitPrecompiledModules/unistd-96PVF05U2AGQ7ZVA7GAB45NAY.scan
    cd /Users/runner/work/dopamine-extended/dopamine-extended/Dopamine/BaseBin/idownloadd/src
    builtin-precompileModule /Users/runner/Library/Developer/Xcode/DerivedData/idownloadd-buyibqeibzuaejeouuwsxitpvtst/Build/Intermediates.noindex/ArchiveIntermediates/idownloadd/IntermediateBuildFilesPath/ExplicitPrecompiledModules/unistd-96PVF05U2AGQ7ZVA7GAB45NAY.scan
/Applications/Xcode_16.2.app/Contents/Developer/Toolchains/XcodeDefault.xctoolchain/usr/bin/clang -cc1 -fdiagnostics-show-note-include-stack -fmacro-backtrace-limit\=0 -ferror-limit 19 -serialize-diagnostic-file /Users/runner/Library/Developer/Xcode/DerivedData/idownloadd-buyibqeibzuaejeouuwsxitpvtst/Build/Intermediates.noindex/ArchiveIntermediates/idownloadd/IntermediateBuildFilesPath/ExplicitPrecompiledModules/unistd-96PVF05U2AGQ7ZVA7GAB45NAY.dia -fsystem-module -fmodule-map-file\=/Applications/Xcode_16.2.app/Contents/Developer/Platforms/iPhoneOS.platform/Developer/SDKs/iPhoneOS18.2.sdk/usr/include/DarwinBasic.modulemap -fmodule-map-file\=/Applications/Xcode_16.2.app/Contents/Developer/Platforms/iPhoneOS.platform/Developer/SDKs/iPhoneOS18.2.sdk/usr/include/c_standard_library.modulemap -fmodule-map-file\=/Applications/Xcode_16.2.app/Contents/Developer/Platforms/iPhoneOS.platform/Developer/SDKs/iPhoneOS18.2.sdk/usr/include/DarwinFoundation.modulemap -fmodule-map-file\=/Applications/Xcode_16.2.app/Contents/Developer/Platforms/iPhoneOS.platform/Developer/SDKs/iPhoneOS18.2.sdk/usr/include/os_availability.modulemap -o /Users/runner/Library/Developer/Xcode/DerivedData/idownloadd-buyibqeibzuaejeouuwsxitpvtst/Build/Intermediates.noindex/ArchiveIntermediates/idownloadd/IntermediateBuildFilesPath/ExplicitPrecompiledModules/unistd-96PVF05U2AGQ7ZVA7GAB45NAY.pcm -disable-free -emit-module -x c /Applications/Xcode_16.2.app/Contents/Developer/Platforms/iPhoneOS.platform/Developer/SDKs/iPhoneOS.sdk/usr/include/DarwinBasic.modulemap -target-abi darwinpcs -target-cpu apple-a7 -target-feature +v8a -target-feature +aes -target-feature +fp-armv8 -target-feature +sha2 -target-feature +neon -target-feature +zcm -target-feature +zcz -triple arm64-apple-ios15.0.0 -target-linker-version 1115.7.3 -target-sdk-version\=18.2 -fmodules-validate-system-headers -fno-modules-prune-non-affecting-module-map-files -fno-modulemap-allow-subdirectory-search -isysroot /Applications/Xcode_16.2.app/Contents/Developer/Platforms/iPhoneOS.platform/Developer/SDKs/iPhoneOS18.2.sdk -resource-dir /Applications/Xcode_16.2.app/Contents/Developer/Toolchains/XcodeDefault.xctoolchain/usr/lib/clang/16 -fmodule-format\=obj -fmodule-file\=DarwinFoundation\=/Users/runner/Library/Developer/Xcode/DerivedData/idownloadd-buyibqeibzuaejeouuwsxitpvtst/Build/Intermediates.noindex/ArchiveIntermediates/idownloadd/IntermediateBuildFilesPath/ExplicitPrecompiledModules/DarwinFoundation-BS732VSG5ERO13MLOL3IHMHDZ.pcm -fmodule-file\=_stdio\=/Users/runner/Library/Developer/Xcode/DerivedData/idownloadd-buyibqeibzuaejeouuwsxitpvtst/Build/Intermediates.noindex/ArchiveIntermediates/idownloadd/IntermediateBuildFilesPath/ExplicitPrecompiledModules/_stdio-BP3T39SFCFXHXKAOZDCAR0PP7.pcm -fmodule-file\=_useconds_t\=/Users/runner/Library/Developer/Xcode/DerivedData/idownloadd-buyibqeibzuaejeouuwsxitpvtst/Build/Intermediates.noindex/ArchiveIntermediates/idownloadd/IntermediateBuildFilesPath/ExplicitPrecompiledModules/_useconds_t-42JDCSPKY095R9WTHOZ0OKW5V.pcm -fmodule-file\=gethostuuid\=/Users/runner/Library/Developer/Xcode/DerivedData/idownloadd-buyibqeibzuaejeouuwsxitpvtst/Build/Intermediates.noindex/ArchiveIntermediates/idownloadd/IntermediateBuildFilesPath/ExplicitPrecompiledModules/gethostuuid-4WS6FYK3L9HBGV4VLKIM2VSR1.pcm -fmodule-file\=os_availability\=/Users/runner/Library/Developer/Xcode/DerivedData/idownloadd-buyibqeibzuaejeouuwsxitpvtst/Build/Intermediates.noindex/ArchiveIntermediates/idownloadd/IntermediateBuildFilesPath/ExplicitPrecompiledModules/os_availability-8QAK4H1NV59LBT8PA90U4FAD4.pcm -fmodule-file\=sys_select\=/Users/runner/Library/Developer/Xcode/DerivedData/idownloadd-buyibqeibzuaejeouuwsxitpvtst/Build/Intermediates.noindex/ArchiveIntermediates/idownloadd/IntermediateBuildFilesPath/ExplicitPrecompiledModules/sys_select-EZ9CM3QJEEAMHYYRHEJ93ZTRB.pcm -fmodule-file\=sys_types\=/Users/runner/Library/Developer/Xcode/DerivedData/idownloadd-buyibqeibzuaejeouuwsxitpvtst/Build/Intermediates.noindex/ArchiveIntermediates/idownloadd/IntermediateBuildFilesPath/ExplicitPrecompiledModules/sys_types-BGK65GR37NPNEIVS63OSTMZOC.pcm -fmodule-file\=uuid\=/Users/runner/Library/Developer/Xcode/DerivedData/idownloadd-buyibqeibzuaejeouuwsxitpvtst/Build/Intermediates.noindex/ArchiveIntermediates/idownloadd/IntermediateBuildFilesPath/ExplicitPrecompiledModules/uuid-603Z68UWVKVAF14KJ56TXSYVR.pcm -isystem /Applications/Xcode_16.2.app/Contents/Developer/Toolchains/XcodeDefault.xctoolchain/usr/lib/clang/16/include -internal-externc-isystem /Applications/Xcode_16.2.app/Contents/Developer/Platforms/iPhoneOS.platform/Developer/SDKs/iPhoneOS18.2.sdk/usr/include -ivfsstatcache /Users/runner/Library/Developer/Xcode/DerivedData/SDKStatCaches.noindex/iphoneos18.2-22C146-6f6929c68f51360d5ca70a73a7e0c2f9.sdkstatcache -std\=gnu11 -fmodules -fmodule-name\=unistd -fmodules-search-all -fno-implicit-modules -fmax-type-align\=16 -fstack-check -mdarwin-stkchk-strong-link -fno-odr-hash-protocols -pic-level 2 -disable-objc-default-synthesize-properties -stack-protector 1 -fgnuc-version\=4.2.1 -fblocks -ffp-contract\=off -fclang-abi-compat\=4.0 -fno-experimental-relative-c++-abi-vtables -fno-file-reproducible -clang-vendor-feature\=+disableNonDependentMemberExprInCurrentInstantiation -clang-vendor-feature\=+enableAggressiveVLAFolding -clang-vendor-feature\=+revert09abecef7bbf -clang-vendor-feature\=+thisNoAlignAttr -clang-vendor-feature\=+thisNoNullAttr -clang-vendor-feature\=+disableAtImportPrivateFrameworkInImplementationError -O2 -fcommon -fno-sanitize-address-use-odr-indicator -fno-sanitize-memory-param-retval -fmerge-all-constants -fno-verbose-asm -fregister-global-dtors-with-atexit -fno-use-init-array -funique-basic-block-section-names -dwarf-version\=4 -debugger-tuning\=lldb -llvm-verify-each -dwarf-ext-refs -no-struct-path-tbaa -fexperimental-assignment-tracking\=disabled -no-enable-noundef-analysis -stack-protector-buffer-size 0 -finline-functions -debug-info-kind\=standalone -Os -fno-unroll-loops -fdiagnostics-hotness-threshold\=0 -fdiagnostics-misexpect-tolerance\=0 -fno-split-cold-code -D __GCC_HAVE_DWARF2_CFI_ASM\=1 -MT moduledependenciestarget -dependency-file /Users/runner/Library/Developer/Xcode/DerivedData/idownloadd-buyibqeibzuaejeouuwsxitpvtst/Build/Intermediates.noindex/ArchiveIntermediates/idownloadd/IntermediateBuildFilesPath/ExplicitPrecompiledModules/unistd-96PVF05U2AGQ7ZVA7GAB45NAY.d -skip-unused-modulemap-deps

PrecompileModule /Users/runner/Library/Developer/Xcode/DerivedData/idownloadd-buyibqeibzuaejeouuwsxitpvtst/Build/Intermediates.noindex/ArchiveIntermediates/idownloadd/IntermediateBuildFilesPath/ExplicitPrecompiledModules/_assert-YJAKECETVAISPGTB8121UURD.scan
    cd /Users/runner/work/dopamine-extended/dopamine-extended/Dopamine/BaseBin/idownloadd/src
    builtin-precompileModule /Users/runner/Library/Developer/Xcode/DerivedData/idownloadd-buyibqeibzuaejeouuwsxitpvtst/Build/Intermediates.noindex/ArchiveIntermediates/idownloadd/IntermediateBuildFilesPath/ExplicitPrecompiledModules/_assert-YJAKECETVAISPGTB8121UURD.scan
/Applications/Xcode_16.2.app/Contents/Developer/Toolchains/XcodeDefault.xctoolchain/usr/bin/clang -cc1 -fdiagnostics-show-note-include-stack -fmacro-backtrace-limit\=0 -ferror-limit 19 -serialize-diagnostic-file /Users/runner/Library/Developer/Xcode/DerivedData/idownloadd-buyibqeibzuaejeouuwsxitpvtst/Build/Intermediates.noindex/ArchiveIntermediates/idownloadd/IntermediateBuildFilesPath/ExplicitPrecompiledModules/_assert-YJAKECETVAISPGTB8121UURD.dia -fsystem-module -fmodule-map-file\=/Applications/Xcode_16.2.app/Contents/Developer/Platforms/iPhoneOS.platform/Developer/SDKs/iPhoneOS18.2.sdk/usr/include/DarwinFoundation.modulemap -o /Users/runner/Library/Developer/Xcode/DerivedData/idownloadd-buyibqeibzuaejeouuwsxitpvtst/Build/Intermediates.noindex/ArchiveIntermediates/idownloadd/IntermediateBuildFilesPath/ExplicitPrecompiledModules/_assert-YJAKECETVAISPGTB8121UURD.pcm -disable-free -emit-module -x c /Applications/Xcode_16.2.app/Contents/Developer/Platforms/iPhoneOS.platform/Developer/SDKs/iPhoneOS.sdk/usr/include/c_standard_library.modulemap -target-abi darwinpcs -target-cpu apple-a7 -target-feature +v8a -target-feature +aes -target-feature +fp-armv8 -target-feature +sha2 -target-feature +neon -target-feature +zcm -target-feature +zcz -triple arm64-apple-ios15.0.0 -target-linker-version 1115.7.3 -target-sdk-version\=18.2 -fmodules-validate-system-headers -fno-modules-prune-non-affecting-module-map-files -fno-modulemap-allow-subdirectory-search -isysroot /Applications/Xcode_16.2.app/Contents/Developer/Platforms/iPhoneOS.platform/Developer/SDKs/iPhoneOS18.2.sdk -resource-dir /Applications/Xcode_16.2.app/Contents/Developer/Toolchains/XcodeDefault.xctoolchain/usr/lib/clang/16 -fmodule-format\=obj -fmodule-file\=DarwinFoundation\=/Users/runner/Library/Developer/Xcode/DerivedData/idownloadd-buyibqeibzuaejeouuwsxitpvtst/Build/Intermediates.noindex/ArchiveIntermediates/idownloadd/IntermediateBuildFilesPath/ExplicitPrecompiledModules/DarwinFoundation-BS732VSG5ERO13MLOL3IHMHDZ.pcm -isystem /Applications/Xcode_16.2.app/Contents/Developer/Toolchains/XcodeDefault.xctoolchain/usr/lib/clang/16/include -internal-externc-isystem /Applications/Xcode_16.2.app/Contents/Developer/Platforms/iPhoneOS.platform/Developer/SDKs/iPhoneOS18.2.sdk/usr/include -ivfsstatcache /Users/runner/Library/Developer/Xcode/DerivedData/SDKStatCaches.noindex/iphoneos18.2-22C146-6f6929c68f51360d5ca70a73a7e0c2f9.sdkstatcache -std\=gnu11 -fmodules -fmodule-name\=_assert -fmodules-search-all -fno-implicit-modules -fmax-type-align\=16 -fstack-check -mdarwin-stkchk-strong-link -fno-odr-hash-protocols -pic-level 2 -disable-objc-default-synthesize-properties -stack-protector 1 -fgnuc-version\=4.2.1 -fblocks -ffp-contract\=off -fclang-abi-compat\=4.0 -fno-experimental-relative-c++-abi-vtables -fno-file-reproducible -clang-vendor-feature\=+disableNonDependentMemberExprInCurrentInstantiation -clang-vendor-feature\=+enableAggressiveVLAFolding -clang-vendor-feature\=+revert09abecef7bbf -clang-vendor-feature\=+thisNoAlignAttr -clang-vendor-feature\=+thisNoNullAttr -clang-vendor-feature\=+disableAtImportPrivateFrameworkInImplementationError -O2 -fcommon -fno-sanitize-address-use-odr-indicator -fno-sanitize-memory-param-retval -fmerge-all-constants -fno-verbose-asm -fregister-global-dtors-with-atexit -fno-use-init-array -funique-basic-block-section-names -dwarf-version\=4 -debugger-tuning\=lldb -llvm-verify-each -dwarf-ext-refs -no-struct-path-tbaa -fexperimental-assignment-tracking\=disabled -no-enable-noundef-analysis -stack-protector-buffer-size 0 -finline-functions -debug-info-kind\=standalone -Os -fno-unroll-loops -fdiagnostics-hotness-threshold\=0 -fdiagnostics-misexpect-tolerance\=0 -fno-split-cold-code -D __GCC_HAVE_DWARF2_CFI_ASM\=1 -MT moduledependenciestarget -dependency-file /Users/runner/Library/Developer/Xcode/DerivedData/idownloadd-buyibqeibzuaejeouuwsxitpvtst/Build/Intermediates.noindex/ArchiveIntermediates/idownloadd/IntermediateBuildFilesPath/ExplicitPrecompiledModules/_assert-YJAKECETVAISPGTB8121UURD.d -skip-unused-modulemap-deps

PrecompileModule /Users/runner/Library/Developer/Xcode/DerivedData/idownloadd-buyibqeibzuaejeouuwsxitpvtst/Build/Intermediates.noindex/ArchiveIntermediates/idownloadd/IntermediateBuildFilesPath/ExplicitPrecompiledModules/libunwind-7BX151EIDFUGCRTQKO60GH556.scan
    cd /Users/runner/work/dopamine-extended/dopamine-extended/Dopamine/BaseBin/idownloadd/src
    builtin-precompileModule /Users/runner/Library/Developer/Xcode/DerivedData/idownloadd-buyibqeibzuaejeouuwsxitpvtst/Build/Intermediates.noindex/ArchiveIntermediates/idownloadd/IntermediateBuildFilesPath/ExplicitPrecompiledModules/libunwind-7BX151EIDFUGCRTQKO60GH556.scan
/Applications/Xcode_16.2.app/Contents/Developer/Toolchains/XcodeDefault.xctoolchain/usr/bin/clang -cc1 -fdiagnostics-show-note-include-stack -fmacro-backtrace-limit\=0 -ferror-limit 19 -serialize-diagnostic-file /Users/runner/Library/Developer/Xcode/DerivedData/idownloadd-buyibqeibzuaejeouuwsxitpvtst/Build/Intermediates.noindex/ArchiveIntermediates/idownloadd/IntermediateBuildFilesPath/ExplicitPrecompiledModules/libunwind-7BX151EIDFUGCRTQKO60GH556.dia -fsystem-module -fmodule-map-file\=/Applications/Xcode_16.2.app/Contents/Developer/Platforms/iPhoneOS.platform/Developer/SDKs/iPhoneOS18.2.sdk/usr/include/libunwind.modulemap -fmodule-map-file\=/Applications/Xcode_16.2.app/Contents/Developer/Platforms/iPhoneOS.platform/Developer/SDKs/iPhoneOS18.2.sdk/usr/include/os_availability.modulemap -fmodule-map-file\=/Applications/Xcode_16.2.app/Contents/Developer/Toolchains/XcodeDefault.xctoolchain/usr/lib/clang/16/include/module.modulemap -o /Users/runner/Library/Developer/Xcode/DerivedData/idownloadd-buyibqeibzuaejeouuwsxitpvtst/Build/Intermediates.noindex/ArchiveIntermediates/idownloadd/IntermediateBuildFilesPath/ExplicitPrecompiledModules/libunwind-7BX151EIDFUGCRTQKO60GH556.pcm -disable-free -emit-module -x c /Applications/Xcode_16.2.app/Contents/Developer/Platforms/iPhoneOS.platform/Developer/SDKs/iPhoneOS.sdk/usr/include/libunwind.modulemap -target-abi darwinpcs -target-cpu apple-a7 -target-feature +v8a -target-feature +aes -target-feature +fp-armv8 -target-feature +sha2 -target-feature +neon -target-feature +zcm -target-feature +zcz -triple arm64-apple-ios15.0.0 -target-linker-version 1115.7.3 -target-sdk-version\=18.2 -fmodules-validate-system-headers -fno-modules-prune-non-affecting-module-map-files -fno-modulemap-allow-subdirectory-search -isysroot /Applications/Xcode_16.2.app/Contents/Developer/Platforms/iPhoneOS.platform/Developer/SDKs/iPhoneOS18.2.sdk -resource-dir /Applications/Xcode_16.2.app/Contents/Developer/Toolchains/XcodeDefault.xctoolchain/usr/lib/clang/16 -fmodule-format\=obj -fmodule-file\=_Builtin_stddef\=/Users/runner/Library/Developer/Xcode/DerivedData/idownloadd-buyibqeibzuaejeouuwsxitpvtst/Build/Intermediates.noindex/ArchiveIntermediates/idownloadd/IntermediateBuildFilesPath/ExplicitPrecompiledModules/_Builtin_stddef-4DDFN0QOMUUWZWGJG3KUVJ4JM.pcm -fmodule-file\=_Builtin_stdint\=/Users/runner/Library/Developer/Xcode/DerivedData/idownloadd-buyibqeibzuaejeouuwsxitpvtst/Build/Intermediates.noindex/ArchiveIntermediates/idownloadd/IntermediateBuildFilesPath/ExplicitPrecompiledModules/_Builtin_stdint-32IPPNUXMK5UKGPFP899IRCD3.pcm -fmodule-file\=os_availability\=/Users/runner/Library/Developer/Xcode/DerivedData/idownloadd-buyibqeibzuaejeouuwsxitpvtst/Build/Intermediates.noindex/ArchiveIntermediates/idownloadd/IntermediateBuildFilesPath/ExplicitPrecompiledModules/os_availability-8QAK4H1NV59LBT8PA90U4FAD4.pcm -fmodule-file\=unwind\=/Users/runner/Library/Developer/Xcode/DerivedData/idownloadd-buyibqeibzuaejeouuwsxitpvtst/Build/Intermediates.noindex/ArchiveIntermediates/idownloadd/IntermediateBuildFilesPath/ExplicitPrecompiledModules/unwind-5QKUSRIYITCEA3Z9LBDDX955Z.pcm -isystem /Applications/Xcode_16.2.app/Contents/Developer/Toolchains/XcodeDefault.xctoolchain/usr/lib/clang/16/include -internal-externc-isystem /Applications/Xcode_16.2.app/Contents/Developer/Platforms/iPhoneOS.platform/Developer/SDKs/iPhoneOS18.2.sdk/usr/include -ivfsstatcache /Users/runner/Library/Developer/Xcode/DerivedData/SDKStatCaches.noindex/iphoneos18.2-22C146-6f6929c68f51360d5ca70a73a7e0c2f9.sdkstatcache -std\=gnu11 -fmodules -fmodule-name\=libunwind -fmodules-search-all -fno-implicit-modules -fmax-type-align\=16 -fstack-check -mdarwin-stkchk-strong-link -fno-odr-hash-protocols -pic-level 2 -disable-objc-default-synthesize-properties -stack-protector 1 -fgnuc-version\=4.2.1 -fblocks -ffp-contract\=off -fclang-abi-compat\=4.0 -fno-experimental-relative-c++-abi-vtables -fno-file-reproducible -clang-vendor-feature\=+disableNonDependentMemberExprInCurrentInstantiation -clang-vendor-feature\=+enableAggressiveVLAFolding -clang-vendor-feature\=+revert09abecef7bbf -clang-vendor-feature\=+thisNoAlignAttr -clang-vendor-feature\=+thisNoNullAttr -clang-vendor-feature\=+disableAtImportPrivateFrameworkInImplementationError -O2 -fcommon -fno-sanitize-address-use-odr-indicator -fno-sanitize-memory-param-retval -fmerge-all-constants -fno-verbose-asm -fregister-global-dtors-with-atexit -fno-use-init-array -funique-basic-block-section-names -dwarf-version\=4 -debugger-tuning\=lldb -llvm-verify-each -dwarf-ext-refs -no-struct-path-tbaa -fexperimental-assignment-tracking\=disabled -no-enable-noundef-analysis -stack-protector-buffer-size 0 -finline-functions -debug-info-kind\=standalone -Os -fno-unroll-loops -fdiagnostics-hotness-threshold\=0 -fdiagnostics-misexpect-tolerance\=0 -fno-split-cold-code -D __GCC_HAVE_DWARF2_CFI_ASM\=1 -MT moduledependenciestarget -dependency-file /Users/runner/Library/Developer/Xcode/DerivedData/idownloadd-buyibqeibzuaejeouuwsxitpvtst/Build/Intermediates.noindex/ArchiveIntermediates/idownloadd/IntermediateBuildFilesPath/ExplicitPrecompiledModules/libunwind-7BX151EIDFUGCRTQKO60GH556.d -skip-unused-modulemap-deps

PrecompileModule /Users/runner/Library/Developer/Xcode/DerivedData/idownloadd-buyibqeibzuaejeouuwsxitpvtst/Build/Intermediates.noindex/ArchiveIntermediates/idownloadd/IntermediateBuildFilesPath/ExplicitPrecompiledModules/sys_resource-7RXG2KN17DS77J4L76LMP54FB.scan
    cd /Users/runner/work/dopamine-extended/dopamine-extended/Dopamine/BaseBin/idownloadd/src
    builtin-precompileModule /Users/runner/Library/Developer/Xcode/DerivedData/idownloadd-buyibqeibzuaejeouuwsxitpvtst/Build/Intermediates.noindex/ArchiveIntermediates/idownloadd/IntermediateBuildFilesPath/ExplicitPrecompiledModules/sys_resource-7RXG2KN17DS77J4L76LMP54FB.scan
/Applications/Xcode_16.2.app/Contents/Developer/Toolchains/XcodeDefault.xctoolchain/usr/bin/clang -cc1 -fdiagnostics-show-note-include-stack -fmacro-backtrace-limit\=0 -ferror-limit 19 -serialize-diagnostic-file /Users/runner/Library/Developer/Xcode/DerivedData/idownloadd-buyibqeibzuaejeouuwsxitpvtst/Build/Intermediates.noindex/ArchiveIntermediates/idownloadd/IntermediateBuildFilesPath/ExplicitPrecompiledModules/sys_resource-7RXG2KN17DS77J4L76LMP54FB.dia -fsystem-module -fmodule-map-file\=/Applications/Xcode_16.2.app/Contents/Developer/Platforms/iPhoneOS.platform/Developer/SDKs/iPhoneOS18.2.sdk/usr/include/DarwinBasic.modulemap -fmodule-map-file\=/Applications/Xcode_16.2.app/Contents/Developer/Platforms/iPhoneOS.platform/Developer/SDKs/iPhoneOS18.2.sdk/usr/include/DarwinFoundation.modulemap -fmodule-map-file\=/Applications/Xcode_16.2.app/Contents/Developer/Platforms/iPhoneOS.platform/Developer/SDKs/iPhoneOS18.2.sdk/usr/include/os_availability.modulemap -fmodule-map-file\=/Applications/Xcode_16.2.app/Contents/Developer/Toolchains/XcodeDefault.xctoolchain/usr/lib/clang/16/include/module.modulemap -o /Users/runner/Library/Developer/Xcode/DerivedData/idownloadd-buyibqeibzuaejeouuwsxitpvtst/Build/Intermediates.noindex/ArchiveIntermediates/idownloadd/IntermediateBuildFilesPath/ExplicitPrecompiledModules/sys_resource-7RXG2KN17DS77J4L76LMP54FB.pcm -disable-free -emit-module -x c /Applications/Xcode_16.2.app/Contents/Developer/Platforms/iPhoneOS.platform/Developer/SDKs/iPhoneOS.sdk/usr/include/DarwinBasic.modulemap -target-abi darwinpcs -target-cpu apple-a7 -target-feature +v8a -target-feature +aes -target-feature +fp-armv8 -target-feature +sha2 -target-feature +neon -target-feature +zcm -target-feature +zcz -triple arm64-apple-ios15.0.0 -target-linker-version 1115.7.3 -target-sdk-version\=18.2 -fmodules-validate-system-headers -fno-modules-prune-non-affecting-module-map-files -fno-modulemap-allow-subdirectory-search -isysroot /Applications/Xcode_16.2.app/Contents/Developer/Platforms/iPhoneOS.platform/Developer/SDKs/iPhoneOS18.2.sdk -resource-dir /Applications/Xcode_16.2.app/Contents/Developer/Toolchains/XcodeDefault.xctoolchain/usr/lib/clang/16 -fmodule-format\=obj -fmodule-file\=DarwinFoundation\=/Users/runner/Library/Developer/Xcode/DerivedData/idownloadd-buyibqeibzuaejeouuwsxitpvtst/Build/Intermediates.noindex/ArchiveIntermediates/idownloadd/IntermediateBuildFilesPath/ExplicitPrecompiledModules/DarwinFoundation-BS732VSG5ERO13MLOL3IHMHDZ.pcm -fmodule-file\=_Builtin_stdint\=/Users/runner/Library/Developer/Xcode/DerivedData/idownloadd-buyibqeibzuaejeouuwsxitpvtst/Build/Intermediates.noindex/ArchiveIntermediates/idownloadd/IntermediateBuildFilesPath/ExplicitPrecompiledModules/_Builtin_stdint-32IPPNUXMK5UKGPFP899IRCD3.pcm -fmodule-file\=os_availability\=/Users/runner/Library/Developer/Xcode/DerivedData/idownloadd-buyibqeibzuaejeouuwsxitpvtst/Build/Intermediates.noindex/ArchiveIntermediates/idownloadd/IntermediateBuildFilesPath/ExplicitPrecompiledModules/os_availability-8QAK4H1NV59LBT8PA90U4FAD4.pcm -fmodule-file\=sys_time\=/Users/runner/Library/Developer/Xcode/DerivedData/idownloadd-buyibqeibzuaejeouuwsxitpvtst/Build/Intermediates.noindex/ArchiveIntermediates/idownloadd/IntermediateBuildFilesPath/ExplicitPrecompiledModules/sys_time-66OB7D7GB2PK0MNAVHB22394C.pcm -fmodule-file\=sys_types\=/Users/runner/Library/Developer/Xcode/DerivedData/idownloadd-buyibqeibzuaejeouuwsxitpvtst/Build/Intermediates.noindex/ArchiveIntermediates/idownloadd/IntermediateBuildFilesPath/ExplicitPrecompiledModules/sys_types-BGK65GR37NPNEIVS63OSTMZOC.pcm -isystem /Applications/Xcode_16.2.app/Contents/Developer/Toolchains/XcodeDefault.xctoolchain/usr/lib/clang/16/include -internal-externc-isystem /Applications/Xcode_16.2.app/Contents/Developer/Platforms/iPhoneOS.platform/Developer/SDKs/iPhoneOS18.2.sdk/usr/include -ivfsstatcache /Users/runner/Library/Developer/Xcode/DerivedData/SDKStatCaches.noindex/iphoneos18.2-22C146-6f6929c68f51360d5ca70a73a7e0c2f9.sdkstatcache -std\=gnu11 -fmodules -fmodule-name\=sys_resource -fmodules-search-all -fno-implicit-modules -fmax-type-align\=16 -fstack-check -mdarwin-stkchk-strong-link -fno-odr-hash-protocols -pic-level 2 -disable-objc-default-synthesize-properties -stack-protector 1 -fgnuc-version\=4.2.1 -fblocks -ffp-contract\=off -fclang-abi-compat\=4.0 -fno-experimental-relative-c++-abi-vtables -fno-file-reproducible -clang-vendor-feature\=+disableNonDependentMemberExprInCurrentInstantiation -clang-vendor-feature\=+enableAggressiveVLAFolding -clang-vendor-feature\=+revert09abecef7bbf -clang-vendor-feature\=+thisNoAlignAttr -clang-vendor-feature\=+thisNoNullAttr -clang-vendor-feature\=+disableAtImportPrivateFrameworkInImplementationError -O2 -fcommon -fno-sanitize-address-use-odr-indicator -fno-sanitize-memory-param-retval -fmerge-all-constants -fno-verbose-asm -fregister-global-dtors-with-atexit -fno-use-init-array -funique-basic-block-section-names -dwarf-version\=4 -debugger-tuning\=lldb -llvm-verify-each -dwarf-ext-refs -no-struct-path-tbaa -fexperimental-assignment-tracking\=disabled -no-enable-noundef-analysis -stack-protector-buffer-size 0 -finline-functions -debug-info-kind\=standalone -Os -fno-unroll-loops -fdiagnostics-hotness-threshold\=0 -fdiagnostics-misexpect-tolerance\=0 -fno-split-cold-code -D __GCC_HAVE_DWARF2_CFI_ASM\=1 -MT moduledependenciestarget -dependency-file /Users/runner/Library/Developer/Xcode/DerivedData/idownloadd-buyibqeibzuaejeouuwsxitpvtst/Build/Intermediates.noindex/ArchiveIntermediates/idownloadd/IntermediateBuildFilesPath/ExplicitPrecompiledModules/sys_resource-7RXG2KN17DS77J4L76LMP54FB.d -skip-unused-modulemap-deps

PrecompileModule /Users/runner/Library/Developer/Xcode/DerivedData/idownloadd-buyibqeibzuaejeouuwsxitpvtst/Build/Intermediates.noindex/ArchiveIntermediates/idownloadd/IntermediateBuildFilesPath/ExplicitPrecompiledModules/_Builtin_inttypes-75PNEKJF9C6Q21R3GEF1KVDIG.scan
    cd /Users/runner/work/dopamine-extended/dopamine-extended/Dopamine/BaseBin/idownloadd/src
    builtin-precompileModule /Users/runner/Library/Developer/Xcode/DerivedData/idownloadd-buyibqeibzuaejeouuwsxitpvtst/Build/Intermediates.noindex/ArchiveIntermediates/idownloadd/IntermediateBuildFilesPath/ExplicitPrecompiledModules/_Builtin_inttypes-75PNEKJF9C6Q21R3GEF1KVDIG.scan
/Applications/Xcode_16.2.app/Contents/Developer/Toolchains/XcodeDefault.xctoolchain/usr/bin/clang -cc1 -fdiagnostics-show-note-include-stack -fmacro-backtrace-limit\=0 -ferror-limit 19 -serialize-diagnostic-file /Users/runner/Library/Developer/Xcode/DerivedData/idownloadd-buyibqeibzuaejeouuwsxitpvtst/Build/Intermediates.noindex/ArchiveIntermediates/idownloadd/IntermediateBuildFilesPath/ExplicitPrecompiledModules/_Builtin_inttypes-75PNEKJF9C6Q21R3GEF1KVDIG.dia -fsystem-module -fmodule-map-file\=/Applications/Xcode_16.2.app/Contents/Developer/Platforms/iPhoneOS.platform/Developer/SDKs/iPhoneOS18.2.sdk/usr/include/c_standard_library.modulemap -o /Users/runner/Library/Developer/Xcode/DerivedData/idownloadd-buyibqeibzuaejeouuwsxitpvtst/Build/Intermediates.noindex/ArchiveIntermediates/idownloadd/IntermediateBuildFilesPath/ExplicitPrecompiledModules/_Builtin_inttypes-75PNEKJF9C6Q21R3GEF1KVDIG.pcm -disable-free -emit-module -x c /Applications/Xcode_16.2.app/Contents/Developer/Toolchains/XcodeDefault.xctoolchain/usr/lib/clang/16/include/module.modulemap -target-abi darwinpcs -target-cpu apple-a7 -target-feature +v8a -target-feature +aes -target-feature +fp-armv8 -target-feature +sha2 -target-feature +neon -target-feature +zcm -target-feature +zcz -triple arm64-apple-ios15.0.0 -target-linker-version 1115.7.3 -target-sdk-version\=18.2 -fmodules-validate-system-headers -fno-modules-prune-non-affecting-module-map-files -fno-modulemap-allow-subdirectory-search -isysroot /Applications/Xcode_16.2.app/Contents/Developer/Platforms/iPhoneOS.platform/Developer/SDKs/iPhoneOS18.2.sdk -resource-dir /Applications/Xcode_16.2.app/Contents/Developer/Toolchains/XcodeDefault.xctoolchain/usr/lib/clang/16 -fmodule-format\=obj -fmodule-file\=_inttypes\=/Users/runner/Library/Developer/Xcode/DerivedData/idownloadd-buyibqeibzuaejeouuwsxitpvtst/Build/Intermediates.noindex/ArchiveIntermediates/idownloadd/IntermediateBuildFilesPath/ExplicitPrecompiledModules/_inttypes-B4PPD2QX5D5XKY633553RMJ3X.pcm -isystem /Applications/Xcode_16.2.app/Contents/Developer/Toolchains/XcodeDefault.xctoolchain/usr/lib/clang/16/include -internal-externc-isystem /Applications/Xcode_16.2.app/Contents/Developer/Platforms/iPhoneOS.platform/Developer/SDKs/iPhoneOS18.2.sdk/usr/include -ivfsstatcache /Users/runner/Library/Developer/Xcode/DerivedData/SDKStatCaches.noindex/iphoneos18.2-22C146-6f6929c68f51360d5ca70a73a7e0c2f9.sdkstatcache -std\=gnu11 -fmodules -fmodule-name\=_Builtin_inttypes -fmodules-search-all -fno-implicit-modules -fmax-type-align\=16 -fstack-check -mdarwin-stkchk-strong-link -fno-odr-hash-protocols -pic-level 2 -disable-objc-default-synthesize-properties -stack-protector 1 -fgnuc-version\=4.2.1 -fblocks -ffp-contract\=off -fclang-abi-compat\=4.0 -fno-experimental-relative-c++-abi-vtables -fno-file-reproducible -clang-vendor-feature\=+disableNonDependentMemberExprInCurrentInstantiation -clang-vendor-feature\=+enableAggressiveVLAFolding -clang-vendor-feature\=+revert09abecef7bbf -clang-vendor-feature\=+thisNoAlignAttr -clang-vendor-feature\=+thisNoNullAttr -clang-vendor-feature\=+disableAtImportPrivateFrameworkInImplementationError -O2 -fcommon -fno-sanitize-address-use-odr-indicator -fno-sanitize-memory-param-retval -fmerge-all-constants -fno-verbose-asm -fregister-global-dtors-with-atexit -fno-use-init-array -funique-basic-block-section-names -dwarf-version\=4 -debugger-tuning\=lldb -llvm-verify-each -dwarf-ext-refs -no-struct-path-tbaa -fexperimental-assignment-tracking\=disabled -no-enable-noundef-analysis -stack-protector-buffer-size 0 -finline-functions -debug-info-kind\=standalone -Os -fno-unroll-loops -fdiagnostics-hotness-threshold\=0 -fdiagnostics-misexpect-tolerance\=0 -fno-split-cold-code -D __GCC_HAVE_DWARF2_CFI_ASM\=1 -MT moduledependenciestarget -dependency-file /Users/runner/Library/Developer/Xcode/DerivedData/idownloadd-buyibqeibzuaejeouuwsxitpvtst/Build/Intermediates.noindex/ArchiveIntermediates/idownloadd/IntermediateBuildFilesPath/ExplicitPrecompiledModules/_Builtin_inttypes-75PNEKJF9C6Q21R3GEF1KVDIG.d -skip-unused-modulemap-deps

PrecompileModule /Users/runner/Library/Developer/Xcode/DerivedData/idownloadd-buyibqeibzuaejeouuwsxitpvtst/Build/Intermediates.noindex/ArchiveIntermediates/idownloadd/IntermediateBuildFilesPath/ExplicitPrecompiledModules/alloca-ZP9V5UAS7MCHPHNTBPYOBK0F.scan
    cd /Users/runner/work/dopamine-extended/dopamine-extended/Dopamine/BaseBin/idownloadd/src
    builtin-precompileModule /Users/runner/Library/Developer/Xcode/DerivedData/idownloadd-buyibqeibzuaejeouuwsxitpvtst/Build/Intermediates.noindex/ArchiveIntermediates/idownloadd/IntermediateBuildFilesPath/ExplicitPrecompiledModules/alloca-ZP9V5UAS7MCHPHNTBPYOBK0F.scan
/Applications/Xcode_16.2.app/Contents/Developer/Toolchains/XcodeDefault.xctoolchain/usr/bin/clang -cc1 -fdiagnostics-show-note-include-stack -fmacro-backtrace-limit\=0 -ferror-limit 19 -serialize-diagnostic-file /Users/runner/Library/Developer/Xcode/DerivedData/idownloadd-buyibqeibzuaejeouuwsxitpvtst/Build/Intermediates.noindex/ArchiveIntermediates/idownloadd/IntermediateBuildFilesPath/ExplicitPrecompiledModules/alloca-ZP9V5UAS7MCHPHNTBPYOBK0F.dia -fsystem-module -fmodule-map-file\=/Applications/Xcode_16.2.app/Contents/Developer/Platforms/iPhoneOS.platform/Developer/SDKs/iPhoneOS18.2.sdk/usr/include/DarwinFoundation.modulemap -o /Users/runner/Library/Developer/Xcode/DerivedData/idownloadd-buyibqeibzuaejeouuwsxitpvtst/Build/Intermediates.noindex/ArchiveIntermediates/idownloadd/IntermediateBuildFilesPath/ExplicitPrecompiledModules/alloca-ZP9V5UAS7MCHPHNTBPYOBK0F.pcm -disable-free -emit-module -x c /Applications/Xcode_16.2.app/Contents/Developer/Platforms/iPhoneOS.platform/Developer/SDKs/iPhoneOS.sdk/usr/include/DarwinBasic.modulemap -target-abi darwinpcs -target-cpu apple-a7 -target-feature +v8a -target-feature +aes -target-feature +fp-armv8 -target-feature +sha2 -target-feature +neon -target-feature +zcm -target-feature +zcz -triple arm64-apple-ios15.0.0 -target-linker-version 1115.7.3 -target-sdk-version\=18.2 -fmodules-validate-system-headers -fno-modules-prune-non-affecting-module-map-files -fno-modulemap-allow-subdirectory-search -isysroot /Applications/Xcode_16.2.app/Contents/Developer/Platforms/iPhoneOS.platform/Developer/SDKs/iPhoneOS18.2.sdk -resource-dir /Applications/Xcode_16.2.app/Contents/Developer/Toolchains/XcodeDefault.xctoolchain/usr/lib/clang/16 -fmodule-format\=obj -fmodule-file\=DarwinFoundation\=/Users/runner/Library/Developer/Xcode/DerivedData/idownloadd-buyibqeibzuaejeouuwsxitpvtst/Build/Intermediates.noindex/ArchiveIntermediates/idownloadd/IntermediateBuildFilesPath/ExplicitPrecompiledModules/DarwinFoundation-BS732VSG5ERO13MLOL3IHMHDZ.pcm -isystem /Applications/Xcode_16.2.app/Contents/Developer/Toolchains/XcodeDefault.xctoolchain/usr/lib/clang/16/include -internal-externc-isystem /Applications/Xcode_16.2.app/Contents/Developer/Platforms/iPhoneOS.platform/Developer/SDKs/iPhoneOS18.2.sdk/usr/include -ivfsstatcache /Users/runner/Library/Developer/Xcode/DerivedData/SDKStatCaches.noindex/iphoneos18.2-22C146-6f6929c68f51360d5ca70a73a7e0c2f9.sdkstatcache -std\=gnu11 -fmodules -fmodule-name\=alloca -fmodules-search-all -fno-implicit-modules -fmax-type-align\=16 -fstack-check -mdarwin-stkchk-strong-link -fno-odr-hash-protocols -pic-level 2 -disable-objc-default-synthesize-properties -stack-protector 1 -fgnuc-version\=4.2.1 -fblocks -ffp-contract\=off -fclang-abi-compat\=4.0 -fno-experimental-relative-c++-abi-vtables -fno-file-reproducible -clang-vendor-feature\=+disableNonDependentMemberExprInCurrentInstantiation -clang-vendor-feature\=+enableAggressiveVLAFolding -clang-vendor-feature\=+revert09abecef7bbf -clang-vendor-feature\=+thisNoAlignAttr -clang-vendor-feature\=+thisNoNullAttr -clang-vendor-feature\=+disableAtImportPrivateFrameworkInImplementationError -O2 -fcommon -fno-sanitize-address-use-odr-indicator -fno-sanitize-memory-param-retval -fmerge-all-constants -fno-verbose-asm -fregister-global-dtors-with-atexit -fno-use-init-array -funique-basic-block-section-names -dwarf-version\=4 -debugger-tuning\=lldb -llvm-verify-each -dwarf-ext-refs -no-struct-path-tbaa -fexperimental-assignment-tracking\=disabled -no-enable-noundef-analysis -stack-protector-buffer-size 0 -finline-functions -debug-info-kind\=standalone -Os -fno-unroll-loops -fdiagnostics-hotness-threshold\=0 -fdiagnostics-misexpect-tolerance\=0 -fno-split-cold-code -D __GCC_HAVE_DWARF2_CFI_ASM\=1 -MT moduledependenciestarget -dependency-file /Users/runner/Library/Developer/Xcode/DerivedData/idownloadd-buyibqeibzuaejeouuwsxitpvtst/Build/Intermediates.noindex/ArchiveIntermediates/idownloadd/IntermediateBuildFilesPath/ExplicitPrecompiledModules/alloca-ZP9V5UAS7MCHPHNTBPYOBK0F.d -skip-unused-modulemap-deps

PrecompileModule /Users/runner/Library/Developer/Xcode/DerivedData/idownloadd-buyibqeibzuaejeouuwsxitpvtst/Build/Intermediates.noindex/ArchiveIntermediates/idownloadd/IntermediateBuildFilesPath/ExplicitPrecompiledModules/sys_wait-CZVHJJYVNGIWQ4YT4LU9LX0QM.scan
    cd /Users/runner/work/dopamine-extended/dopamine-extended/Dopamine/BaseBin/idownloadd/src
    builtin-precompileModule /Users/runner/Library/Developer/Xcode/DerivedData/idownloadd-buyibqeibzuaejeouuwsxitpvtst/Build/Intermediates.noindex/ArchiveIntermediates/idownloadd/IntermediateBuildFilesPath/ExplicitPrecompiledModules/sys_wait-CZVHJJYVNGIWQ4YT4LU9LX0QM.scan
/Applications/Xcode_16.2.app/Contents/Developer/Toolchains/XcodeDefault.xctoolchain/usr/bin/clang -cc1 -fdiagnostics-show-note-include-stack -fmacro-backtrace-limit\=0 -ferror-limit 19 -serialize-diagnostic-file /Users/runner/Library/Developer/Xcode/DerivedData/idownloadd-buyibqeibzuaejeouuwsxitpvtst/Build/Intermediates.noindex/ArchiveIntermediates/idownloadd/IntermediateBuildFilesPath/ExplicitPrecompiledModules/sys_wait-CZVHJJYVNGIWQ4YT4LU9LX0QM.dia -fsystem-module -fmodule-map-file\=/Applications/Xcode_16.2.app/Contents/Developer/Platforms/iPhoneOS.platform/Developer/SDKs/iPhoneOS18.2.sdk/usr/include/DarwinBasic.modulemap -fmodule-map-file\=/Applications/Xcode_16.2.app/Contents/Developer/Platforms/iPhoneOS.platform/Developer/SDKs/iPhoneOS18.2.sdk/usr/include/c_standard_library.modulemap -fmodule-map-file\=/Applications/Xcode_16.2.app/Contents/Developer/Platforms/iPhoneOS.platform/Developer/SDKs/iPhoneOS18.2.sdk/usr/include/DarwinFoundation.modulemap -o /Users/runner/Library/Developer/Xcode/DerivedData/idownloadd-buyibqeibzuaejeouuwsxitpvtst/Build/Intermediates.noindex/ArchiveIntermediates/idownloadd/IntermediateBuildFilesPath/ExplicitPrecompiledModules/sys_wait-CZVHJJYVNGIWQ4YT4LU9LX0QM.pcm -disable-free -emit-module -x c /Applications/Xcode_16.2.app/Contents/Developer/Platforms/iPhoneOS.platform/Developer/SDKs/iPhoneOS.sdk/usr/include/DarwinBasic.modulemap -target-abi darwinpcs -target-cpu apple-a7 -target-feature +v8a -target-feature +aes -target-feature +fp-armv8 -target-feature +sha2 -target-feature +neon -target-feature +zcm -target-feature +zcz -triple arm64-apple-ios15.0.0 -target-linker-version 1115.7.3 -target-sdk-version\=18.2 -fmodules-validate-system-headers -fno-modules-prune-non-affecting-module-map-files -fno-modulemap-allow-subdirectory-search -isysroot /Applications/Xcode_16.2.app/Contents/Developer/Platforms/iPhoneOS.platform/Developer/SDKs/iPhoneOS18.2.sdk -resource-dir /Applications/Xcode_16.2.app/Contents/Developer/Toolchains/XcodeDefault.xctoolchain/usr/lib/clang/16 -fmodule-format\=obj -fmodule-file\=DarwinFoundation\=/Users/runner/Library/Developer/Xcode/DerivedData/idownloadd-buyibqeibzuaejeouuwsxitpvtst/Build/Intermediates.noindex/ArchiveIntermediates/idownloadd/IntermediateBuildFilesPath/ExplicitPrecompiledModules/DarwinFoundation-BS732VSG5ERO13MLOL3IHMHDZ.pcm -fmodule-file\=_signal\=/Users/runner/Library/Developer/Xcode/DerivedData/idownloadd-buyibqeibzuaejeouuwsxitpvtst/Build/Intermediates.noindex/ArchiveIntermediates/idownloadd/IntermediateBuildFilesPath/ExplicitPrecompiledModules/_signal-3PE5O078I8SXXPPALB0REGJPZ.pcm -fmodule-file\=sys_resource\=/Users/runner/Library/Developer/Xcode/DerivedData/idownloadd-buyibqeibzuaejeouuwsxitpvtst/Build/Intermediates.noindex/ArchiveIntermediates/idownloadd/IntermediateBuildFilesPath/ExplicitPrecompiledModules/sys_resource-7RXG2KN17DS77J4L76LMP54FB.pcm -fmodule-file\=sys_types\=/Users/runner/Library/Developer/Xcode/DerivedData/idownloadd-buyibqeibzuaejeouuwsxitpvtst/Build/Intermediates.noindex/ArchiveIntermediates/idownloadd/IntermediateBuildFilesPath/ExplicitPrecompiledModules/sys_types-BGK65GR37NPNEIVS63OSTMZOC.pcm -isystem /Applications/Xcode_16.2.app/Contents/Developer/Toolchains/XcodeDefault.xctoolchain/usr/lib/clang/16/include -internal-externc-isystem /Applications/Xcode_16.2.app/Contents/Developer/Platforms/iPhoneOS.platform/Developer/SDKs/iPhoneOS18.2.sdk/usr/include -ivfsstatcache /Users/runner/Library/Developer/Xcode/DerivedData/SDKStatCaches.noindex/iphoneos18.2-22C146-6f6929c68f51360d5ca70a73a7e0c2f9.sdkstatcache -std\=gnu11 -fmodules -fmodule-name\=sys_wait -fmodules-search-all -fno-implicit-modules -fmax-type-align\=16 -fstack-check -mdarwin-stkchk-strong-link -fno-odr-hash-protocols -pic-level 2 -disable-objc-default-synthesize-properties -stack-protector 1 -fgnuc-version\=4.2.1 -fblocks -ffp-contract\=off -fclang-abi-compat\=4.0 -fno-experimental-relative-c++-abi-vtables -fno-file-reproducible -clang-vendor-feature\=+disableNonDependentMemberExprInCurrentInstantiation -clang-vendor-feature\=+enableAggressiveVLAFolding -clang-vendor-feature\=+revert09abecef7bbf -clang-vendor-feature\=+thisNoAlignAttr -clang-vendor-feature\=+thisNoNullAttr -clang-vendor-feature\=+disableAtImportPrivateFrameworkInImplementationError -O2 -fcommon -fno-sanitize-address-use-odr-indicator -fno-sanitize-memory-param-retval -fmerge-all-constants -fno-verbose-asm -fregister-global-dtors-with-atexit -fno-use-init-array -funique-basic-block-section-names -dwarf-version\=4 -debugger-tuning\=lldb -llvm-verify-each -dwarf-ext-refs -no-struct-path-tbaa -fexperimental-assignment-tracking\=disabled -no-enable-noundef-analysis -stack-protector-buffer-size 0 -finline-functions -debug-info-kind\=standalone -Os -fno-unroll-loops -fdiagnostics-hotness-threshold\=0 -fdiagnostics-misexpect-tolerance\=0 -fno-split-cold-code -D __GCC_HAVE_DWARF2_CFI_ASM\=1 -MT moduledependenciestarget -dependency-file /Users/runner/Library/Developer/Xcode/DerivedData/idownloadd-buyibqeibzuaejeouuwsxitpvtst/Build/Intermediates.noindex/ArchiveIntermediates/idownloadd/IntermediateBuildFilesPath/ExplicitPrecompiledModules/sys_wait-CZVHJJYVNGIWQ4YT4LU9LX0QM.d -skip-unused-modulemap-deps

PrecompileModule /Users/runner/Library/Developer/Xcode/DerivedData/idownloadd-buyibqeibzuaejeouuwsxitpvtst/Build/Intermediates.noindex/ArchiveIntermediates/idownloadd/IntermediateBuildFilesPath/ExplicitPrecompiledModules/_complex-64H3Q2NYSCLHC9Z6TO6IJ4JJL.scan
    cd /Users/runner/work/dopamine-extended/dopamine-extended/Dopamine/BaseBin/idownloadd/src
    builtin-precompileModule /Users/runner/Library/Developer/Xcode/DerivedData/idownloadd-buyibqeibzuaejeouuwsxitpvtst/Build/Intermediates.noindex/ArchiveIntermediates/idownloadd/IntermediateBuildFilesPath/ExplicitPrecompiledModules/_complex-64H3Q2NYSCLHC9Z6TO6IJ4JJL.scan
/Applications/Xcode_16.2.app/Contents/Developer/Toolchains/XcodeDefault.xctoolchain/usr/bin/clang -cc1 -fdiagnostics-show-note-include-stack -fmacro-backtrace-limit\=0 -ferror-limit 19 -serialize-diagnostic-file /Users/runner/Library/Developer/Xcode/DerivedData/idownloadd-buyibqeibzuaejeouuwsxitpvtst/Build/Intermediates.noindex/ArchiveIntermediates/idownloadd/IntermediateBuildFilesPath/ExplicitPrecompiledModules/_complex-64H3Q2NYSCLHC9Z6TO6IJ4JJL.dia -fsystem-module -fmodule-map-file\=/Applications/Xcode_16.2.app/Contents/Developer/Platforms/iPhoneOS.platform/Developer/SDKs/iPhoneOS18.2.sdk/usr/include/DarwinFoundation.modulemap -o /Users/runner/Library/Developer/Xcode/DerivedData/idownloadd-buyibqeibzuaejeouuwsxitpvtst/Build/Intermediates.noindex/ArchiveIntermediates/idownloadd/IntermediateBuildFilesPath/ExplicitPrecompiledModules/_complex-64H3Q2NYSCLHC9Z6TO6IJ4JJL.pcm -disable-free -emit-module -x c /Applications/Xcode_16.2.app/Contents/Developer/Platforms/iPhoneOS.platform/Developer/SDKs/iPhoneOS.sdk/usr/include/c_standard_library.modulemap -target-abi darwinpcs -target-cpu apple-a7 -target-feature +v8a -target-feature +aes -target-feature +fp-armv8 -target-feature +sha2 -target-feature +neon -target-feature +zcm -target-feature +zcz -triple arm64-apple-ios15.0.0 -target-linker-version 1115.7.3 -target-sdk-version\=18.2 -fmodules-validate-system-headers -fno-modules-prune-non-affecting-module-map-files -fno-modulemap-allow-subdirectory-search -isysroot /Applications/Xcode_16.2.app/Contents/Developer/Platforms/iPhoneOS.platform/Developer/SDKs/iPhoneOS18.2.sdk -resource-dir /Applications/Xcode_16.2.app/Contents/Developer/Toolchains/XcodeDefault.xctoolchain/usr/lib/clang/16 -fmodule-format\=obj -fmodule-file\=DarwinFoundation\=/Users/runner/Library/Developer/Xcode/DerivedData/idownloadd-buyibqeibzuaejeouuwsxitpvtst/Build/Intermediates.noindex/ArchiveIntermediates/idownloadd/IntermediateBuildFilesPath/ExplicitPrecompiledModules/DarwinFoundation-BS732VSG5ERO13MLOL3IHMHDZ.pcm -isystem /Applications/Xcode_16.2.app/Contents/Developer/Toolchains/XcodeDefault.xctoolchain/usr/lib/clang/16/include -internal-externc-isystem /Applications/Xcode_16.2.app/Contents/Developer/Platforms/iPhoneOS.platform/Developer/SDKs/iPhoneOS18.2.sdk/usr/include -ivfsstatcache /Users/runner/Library/Developer/Xcode/DerivedData/SDKStatCaches.noindex/iphoneos18.2-22C146-6f6929c68f51360d5ca70a73a7e0c2f9.sdkstatcache -std\=gnu11 -fmodules -fmodule-name\=_complex -fmodules-search-all -fno-implicit-modules -fmax-type-align\=16 -fstack-check -mdarwin-stkchk-strong-link -fno-odr-hash-protocols -pic-level 2 -disable-objc-default-synthesize-properties -stack-protector 1 -fgnuc-version\=4.2.1 -fblocks -ffp-contract\=off -fclang-abi-compat\=4.0 -fno-experimental-relative-c++-abi-vtables -fno-file-reproducible -clang-vendor-feature\=+disableNonDependentMemberExprInCurrentInstantiation -clang-vendor-feature\=+enableAggressiveVLAFolding -clang-vendor-feature\=+revert09abecef7bbf -clang-vendor-feature\=+thisNoAlignAttr -clang-vendor-feature\=+thisNoNullAttr -clang-vendor-feature\=+disableAtImportPrivateFrameworkInImplementationError -O2 -fcommon -fno-sanitize-address-use-odr-indicator -fno-sanitize-memory-param-retval -fmerge-all-constants -fno-verbose-asm -fregister-global-dtors-with-atexit -fno-use-init-array -funique-basic-block-section-names -dwarf-version\=4 -debugger-tuning\=lldb -llvm-verify-each -dwarf-ext-refs -no-struct-path-tbaa -fexperimental-assignment-tracking\=disabled -no-enable-noundef-analysis -stack-protector-buffer-size 0 -finline-functions -debug-info-kind\=standalone -Os -fno-unroll-loops -fdiagnostics-hotness-threshold\=0 -fdiagnostics-misexpect-tolerance\=0 -fno-split-cold-code -D __GCC_HAVE_DWARF2_CFI_ASM\=1 -MT moduledependenciestarget -dependency-file /Users/runner/Library/Developer/Xcode/DerivedData/idownloadd-buyibqeibzuaejeouuwsxitpvtst/Build/Intermediates.noindex/ArchiveIntermediates/idownloadd/IntermediateBuildFilesPath/ExplicitPrecompiledModules/_complex-64H3Q2NYSCLHC9Z6TO6IJ4JJL.d -skip-unused-modulemap-deps

PrecompileModule /Users/runner/Library/Developer/Xcode/DerivedData/idownloadd-buyibqeibzuaejeouuwsxitpvtst/Build/Intermediates.noindex/ArchiveIntermediates/idownloadd/IntermediateBuildFilesPath/ExplicitPrecompiledModules/_stdlib-AV9PM2UWEL2LUZXDCYIDYCS1J.scan
    cd /Users/runner/work/dopamine-extended/dopamine-extended/Dopamine/BaseBin/idownloadd/src
    builtin-precompileModule /Users/runner/Library/Developer/Xcode/DerivedData/idownloadd-buyibqeibzuaejeouuwsxitpvtst/Build/Intermediates.noindex/ArchiveIntermediates/idownloadd/IntermediateBuildFilesPath/ExplicitPrecompiledModules/_stdlib-AV9PM2UWEL2LUZXDCYIDYCS1J.scan
/Applications/Xcode_16.2.app/Contents/Developer/Toolchains/XcodeDefault.xctoolchain/usr/bin/clang -cc1 -fdiagnostics-show-note-include-stack -fmacro-backtrace-limit\=0 -ferror-limit 19 -serialize-diagnostic-file /Users/runner/Library/Developer/Xcode/DerivedData/idownloadd-buyibqeibzuaejeouuwsxitpvtst/Build/Intermediates.noindex/ArchiveIntermediates/idownloadd/IntermediateBuildFilesPath/ExplicitPrecompiledModules/_stdlib-AV9PM2UWEL2LUZXDCYIDYCS1J.dia -fsystem-module -fmodule-map-file\=/Applications/Xcode_16.2.app/Contents/Developer/Platforms/iPhoneOS.platform/Developer/SDKs/iPhoneOS18.2.sdk/usr/include/DarwinBasic.modulemap -fmodule-map-file\=/Applications/Xcode_16.2.app/Contents/Developer/Platforms/iPhoneOS.platform/Developer/SDKs/iPhoneOS18.2.sdk/usr/include/DarwinFoundation.modulemap -fmodule-map-file\=/Applications/Xcode_16.2.app/Contents/Developer/Platforms/iPhoneOS.platform/Developer/SDKs/iPhoneOS18.2.sdk/usr/include/os_availability.modulemap -o /Users/runner/Library/Developer/Xcode/DerivedData/idownloadd-buyibqeibzuaejeouuwsxitpvtst/Build/Intermediates.noindex/ArchiveIntermediates/idownloadd/IntermediateBuildFilesPath/ExplicitPrecompiledModules/_stdlib-AV9PM2UWEL2LUZXDCYIDYCS1J.pcm -disable-free -emit-module -x c /Applications/Xcode_16.2.app/Contents/Developer/Platforms/iPhoneOS.platform/Developer/SDKs/iPhoneOS.sdk/usr/include/c_standard_library.modulemap -target-abi darwinpcs -target-cpu apple-a7 -target-feature +v8a -target-feature +aes -target-feature +fp-armv8 -target-feature +sha2 -target-feature +neon -target-feature +zcm -target-feature +zcz -triple arm64-apple-ios15.0.0 -target-linker-version 1115.7.3 -target-sdk-version\=18.2 -fmodules-validate-system-headers -fno-modules-prune-non-affecting-module-map-files -fno-modulemap-allow-subdirectory-search -isysroot /Applications/Xcode_16.2.app/Contents/Developer/Platforms/iPhoneOS.platform/Developer/SDKs/iPhoneOS18.2.sdk -resource-dir /Applications/Xcode_16.2.app/Contents/Developer/Toolchains/XcodeDefault.xctoolchain/usr/lib/clang/16 -fmodule-format\=obj -fmodule-file\=DarwinFoundation\=/Users/runner/Library/Developer/Xcode/DerivedData/idownloadd-buyibqeibzuaejeouuwsxitpvtst/Build/Intermediates.noindex/ArchiveIntermediates/idownloadd/IntermediateBuildFilesPath/ExplicitPrecompiledModules/DarwinFoundation-BS732VSG5ERO13MLOL3IHMHDZ.pcm -fmodule-file\=alloca\=/Users/runner/Library/Developer/Xcode/DerivedData/idownloadd-buyibqeibzuaejeouuwsxitpvtst/Build/Intermediates.noindex/ArchiveIntermediates/idownloadd/IntermediateBuildFilesPath/ExplicitPrecompiledModules/alloca-ZP9V5UAS7MCHPHNTBPYOBK0F.pcm -fmodule-file\=os_availability\=/Users/runner/Library/Developer/Xcode/DerivedData/idownloadd-buyibqeibzuaejeouuwsxitpvtst/Build/Intermediates.noindex/ArchiveIntermediates/idownloadd/IntermediateBuildFilesPath/ExplicitPrecompiledModules/os_availability-8QAK4H1NV59LBT8PA90U4FAD4.pcm -fmodule-file\=runetype\=/Users/runner/Library/Developer/Xcode/DerivedData/idownloadd-buyibqeibzuaejeouuwsxitpvtst/Build/Intermediates.noindex/ArchiveIntermediates/idownloadd/IntermediateBuildFilesPath/ExplicitPrecompiledModules/runetype-3KNR9Z8VZZTV1D6MVAVUW4QHS.pcm -fmodule-file\=sys_types\=/Users/runner/Library/Developer/Xcode/DerivedData/idownloadd-buyibqeibzuaejeouuwsxitpvtst/Build/Intermediates.noindex/ArchiveIntermediates/idownloadd/IntermediateBuildFilesPath/ExplicitPrecompiledModules/sys_types-BGK65GR37NPNEIVS63OSTMZOC.pcm -fmodule-file\=sys_wait\=/Users/runner/Library/Developer/Xcode/DerivedData/idownloadd-buyibqeibzuaejeouuwsxitpvtst/Build/Intermediates.noindex/ArchiveIntermediates/idownloadd/IntermediateBuildFilesPath/ExplicitPrecompiledModules/sys_wait-CZVHJJYVNGIWQ4YT4LU9LX0QM.pcm -isystem /Applications/Xcode_16.2.app/Contents/Developer/Toolchains/XcodeDefault.xctoolchain/usr/lib/clang/16/include -internal-externc-isystem /Applications/Xcode_16.2.app/Contents/Developer/Platforms/iPhoneOS.platform/Developer/SDKs/iPhoneOS18.2.sdk/usr/include -ivfsstatcache /Users/runner/Library/Developer/Xcode/DerivedData/SDKStatCaches.noindex/iphoneos18.2-22C146-6f6929c68f51360d5ca70a73a7e0c2f9.sdkstatcache -std\=gnu11 -fmodules -fmodule-name\=_stdlib -fmodules-search-all -fno-implicit-modules -fmax-type-align\=16 -fstack-check -mdarwin-stkchk-strong-link -fno-odr-hash-protocols -pic-level 2 -disable-objc-default-synthesize-properties -stack-protector 1 -fgnuc-version\=4.2.1 -fblocks -ffp-contract\=off -fclang-abi-compat\=4.0 -fno-experimental-relative-c++-abi-vtables -fno-file-reproducible -clang-vendor-feature\=+disableNonDependentMemberExprInCurrentInstantiation -clang-vendor-feature\=+enableAggressiveVLAFolding -clang-vendor-feature\=+revert09abecef7bbf -clang-vendor-feature\=+thisNoAlignAttr -clang-vendor-feature\=+thisNoNullAttr -clang-vendor-feature\=+disableAtImportPrivateFrameworkInImplementationError -O2 -fcommon -fno-sanitize-address-use-odr-indicator -fno-sanitize-memory-param-retval -fmerge-all-constants -fno-verbose-asm -fregister-global-dtors-with-atexit -fno-use-init-array -funique-basic-block-section-names -dwarf-version\=4 -debugger-tuning\=lldb -llvm-verify-each -dwarf-ext-refs -no-struct-path-tbaa -fexperimental-assignment-tracking\=disabled -no-enable-noundef-analysis -stack-protector-buffer-size 0 -finline-functions -debug-info-kind\=standalone -Os -fno-unroll-loops -fdiagnostics-hotness-threshold\=0 -fdiagnostics-misexpect-tolerance\=0 -fno-split-cold-code -D __GCC_HAVE_DWARF2_CFI_ASM\=1 -MT moduledependenciestarget -dependency-file /Users/runner/Library/Developer/Xcode/DerivedData/idownloadd-buyibqeibzuaejeouuwsxitpvtst/Build/Intermediates.noindex/ArchiveIntermediates/idownloadd/IntermediateBuildFilesPath/ExplicitPrecompiledModules/_stdlib-AV9PM2UWEL2LUZXDCYIDYCS1J.d -skip-unused-modulemap-deps

PrecompileModule /Users/runner/Library/Developer/Xcode/DerivedData/idownloadd-buyibqeibzuaejeouuwsxitpvtst/Build/Intermediates.noindex/ArchiveIntermediates/idownloadd/IntermediateBuildFilesPath/ExplicitPrecompiledModules/_tgmath-ABGDJXFLLEE589UR2CAKLT9WI.scan
    cd /Users/runner/work/dopamine-extended/dopamine-extended/Dopamine/BaseBin/idownloadd/src
    builtin-precompileModule /Users/runner/Library/Developer/Xcode/DerivedData/idownloadd-buyibqeibzuaejeouuwsxitpvtst/Build/Intermediates.noindex/ArchiveIntermediates/idownloadd/IntermediateBuildFilesPath/ExplicitPrecompiledModules/_tgmath-ABGDJXFLLEE589UR2CAKLT9WI.scan
/Applications/Xcode_16.2.app/Contents/Developer/Toolchains/XcodeDefault.xctoolchain/usr/bin/clang -cc1 -fdiagnostics-show-note-include-stack -fmacro-backtrace-limit\=0 -ferror-limit 19 -serialize-diagnostic-file /Users/runner/Library/Developer/Xcode/DerivedData/idownloadd-buyibqeibzuaejeouuwsxitpvtst/Build/Intermediates.noindex/ArchiveIntermediates/idownloadd/IntermediateBuildFilesPath/ExplicitPrecompiledModules/_tgmath-ABGDJXFLLEE589UR2CAKLT9WI.dia -fsystem-module -fmodule-map-file\=/Applications/Xcode_16.2.app/Contents/Developer/Platforms/iPhoneOS.platform/Developer/SDKs/iPhoneOS18.2.sdk/usr/include/c_standard_library.modulemap -o /Users/runner/Library/Developer/Xcode/DerivedData/idownloadd-buyibqeibzuaejeouuwsxitpvtst/Build/Intermediates.noindex/ArchiveIntermediates/idownloadd/IntermediateBuildFilesPath/ExplicitPrecompiledModules/_tgmath-ABGDJXFLLEE589UR2CAKLT9WI.pcm -disable-free -emit-module -x c /Applications/Xcode_16.2.app/Contents/Developer/Platforms/iPhoneOS.platform/Developer/SDKs/iPhoneOS.sdk/usr/include/c_standard_library.modulemap -target-abi darwinpcs -target-cpu apple-a7 -target-feature +v8a -target-feature +aes -target-feature +fp-armv8 -target-feature +sha2 -target-feature +neon -target-feature +zcm -target-feature +zcz -triple arm64-apple-ios15.0.0 -target-linker-version 1115.7.3 -target-sdk-version\=18.2 -fmodules-validate-system-headers -fno-modules-prune-non-affecting-module-map-files -fno-modulemap-allow-subdirectory-search -isysroot /Applications/Xcode_16.2.app/Contents/Developer/Platforms/iPhoneOS.platform/Developer/SDKs/iPhoneOS18.2.sdk -resource-dir /Applications/Xcode_16.2.app/Contents/Developer/Toolchains/XcodeDefault.xctoolchain/usr/lib/clang/16 -fmodule-format\=obj -fmodule-file\=_complex\=/Users/runner/Library/Developer/Xcode/DerivedData/idownloadd-buyibqeibzuaejeouuwsxitpvtst/Build/Intermediates.noindex/ArchiveIntermediates/idownloadd/IntermediateBuildFilesPath/ExplicitPrecompiledModules/_complex-64H3Q2NYSCLHC9Z6TO6IJ4JJL.pcm -fmodule-file\=_math\=/Users/runner/Library/Developer/Xcode/DerivedData/idownloadd-buyibqeibzuaejeouuwsxitpvtst/Build/Intermediates.noindex/ArchiveIntermediates/idownloadd/IntermediateBuildFilesPath/ExplicitPrecompiledModules/_math-EZKJ1LHKS1LXL0XH7LA1S5ACJ.pcm -isystem /Applications/Xcode_16.2.app/Contents/Developer/Toolchains/XcodeDefault.xctoolchain/usr/lib/clang/16/include -internal-externc-isystem /Applications/Xcode_16.2.app/Contents/Developer/Platforms/iPhoneOS.platform/Developer/SDKs/iPhoneOS18.2.sdk/usr/include -ivfsstatcache /Users/runner/Library/Developer/Xcode/DerivedData/SDKStatCaches.noindex/iphoneos18.2-22C146-6f6929c68f51360d5ca70a73a7e0c2f9.sdkstatcache -std\=gnu11 -fmodules -fmodule-name\=_tgmath -fmodules-search-all -fno-implicit-modules -fmax-type-align\=16 -fstack-check -mdarwin-stkchk-strong-link -fno-odr-hash-protocols -pic-level 2 -disable-objc-default-synthesize-properties -stack-protector 1 -fgnuc-version\=4.2.1 -fblocks -ffp-contract\=off -fclang-abi-compat\=4.0 -fno-experimental-relative-c++-abi-vtables -fno-file-reproducible -clang-vendor-feature\=+disableNonDependentMemberExprInCurrentInstantiation -clang-vendor-feature\=+enableAggressiveVLAFolding -clang-vendor-feature\=+revert09abecef7bbf -clang-vendor-feature\=+thisNoAlignAttr -clang-vendor-feature\=+thisNoNullAttr -clang-vendor-feature\=+disableAtImportPrivateFrameworkInImplementationError -O2 -fcommon -fno-sanitize-address-use-odr-indicator -fno-sanitize-memory-param-retval -fmerge-all-constants -fno-verbose-asm -fregister-global-dtors-with-atexit -fno-use-init-array -funique-basic-block-section-names -dwarf-version\=4 -debugger-tuning\=lldb -llvm-verify-each -dwarf-ext-refs -no-struct-path-tbaa -fexperimental-assignment-tracking\=disabled -no-enable-noundef-analysis -stack-protector-buffer-size 0 -finline-functions -debug-info-kind\=standalone -Os -fno-unroll-loops -fdiagnostics-hotness-threshold\=0 -fdiagnostics-misexpect-tolerance\=0 -fno-split-cold-code -D __GCC_HAVE_DWARF2_CFI_ASM\=1 -MT moduledependenciestarget -dependency-file /Users/runner/Library/Developer/Xcode/DerivedData/idownloadd-buyibqeibzuaejeouuwsxitpvtst/Build/Intermediates.noindex/ArchiveIntermediates/idownloadd/IntermediateBuildFilesPath/ExplicitPrecompiledModules/_tgmath-ABGDJXFLLEE589UR2CAKLT9WI.d -skip-unused-modulemap-deps

PrecompileModule /Users/runner/Library/Developer/Xcode/DerivedData/idownloadd-buyibqeibzuaejeouuwsxitpvtst/Build/Intermediates.noindex/ArchiveIntermediates/idownloadd/IntermediateBuildFilesPath/ExplicitPrecompiledModules/CommonCrypto-9O1KLGRF76CM3016HNYQP6H9X.scan
    cd /Users/runner/work/dopamine-extended/dopamine-extended/Dopamine/BaseBin/idownloadd/src
    builtin-precompileModule /Users/runner/Library/Developer/Xcode/DerivedData/idownloadd-buyibqeibzuaejeouuwsxitpvtst/Build/Intermediates.noindex/ArchiveIntermediates/idownloadd/IntermediateBuildFilesPath/ExplicitPrecompiledModules/CommonCrypto-9O1KLGRF76CM3016HNYQP6H9X.scan
/Applications/Xcode_16.2.app/Contents/Developer/Toolchains/XcodeDefault.xctoolchain/usr/bin/clang -cc1 -fdiagnostics-show-note-include-stack -fmacro-backtrace-limit\=0 -ferror-limit 19 -serialize-diagnostic-file /Users/runner/Library/Developer/Xcode/DerivedData/idownloadd-buyibqeibzuaejeouuwsxitpvtst/Build/Intermediates.noindex/ArchiveIntermediates/idownloadd/IntermediateBuildFilesPath/ExplicitPrecompiledModules/CommonCrypto-9O1KLGRF76CM3016HNYQP6H9X.dia -fsystem-module -fmodule-map-file\=/Applications/Xcode_16.2.app/Contents/Developer/Toolchains/XcodeDefault.xctoolchain/usr/lib/clang/16/include/module.modulemap -fmodule-map-file\=/Applications/Xcode_16.2.app/Contents/Developer/Platforms/iPhoneOS.platform/Developer/SDKs/iPhoneOS18.2.sdk/usr/include/DarwinBasic.modulemap -fmodule-map-file\=/Applications/Xcode_16.2.app/Contents/Developer/Platforms/iPhoneOS.platform/Developer/SDKs/iPhoneOS18.2.sdk/usr/include/c_standard_library.modulemap -fmodule-map-file\=/Applications/Xcode_16.2.app/Contents/Developer/Platforms/iPhoneOS.platform/Developer/SDKs/iPhoneOS18.2.sdk/usr/include/os_availability.modulemap -o /Users/runner/Library/Developer/Xcode/DerivedData/idownloadd-buyibqeibzuaejeouuwsxitpvtst/Build/Intermediates.noindex/ArchiveIntermediates/idownloadd/IntermediateBuildFilesPath/ExplicitPrecompiledModules/CommonCrypto-9O1KLGRF76CM3016HNYQP6H9X.pcm -disable-free -emit-module -x c /Applications/Xcode_16.2.app/Contents/Developer/Platforms/iPhoneOS.platform/Developer/SDKs/iPhoneOS.sdk/usr/include/CommonCrypto/module.modulemap -target-abi darwinpcs -target-cpu apple-a7 -target-feature +v8a -target-feature +aes -target-feature +fp-armv8 -target-feature +sha2 -target-feature +neon -target-feature +zcm -target-feature +zcz -triple arm64-apple-ios15.0.0 -target-linker-version 1115.7.3 -target-sdk-version\=18.2 -fmodules-validate-system-headers -fno-modules-prune-non-affecting-module-map-files -fno-modulemap-allow-subdirectory-search -isysroot /Applications/Xcode_16.2.app/Contents/Developer/Platforms/iPhoneOS.platform/Developer/SDKs/iPhoneOS18.2.sdk -resource-dir /Applications/Xcode_16.2.app/Contents/Developer/Toolchains/XcodeDefault.xctoolchain/usr/lib/clang/16 -fmodule-format\=obj -fmodule-file\=_Builtin_limits\=/Users/runner/Library/Developer/Xcode/DerivedData/idownloadd-buyibqeibzuaejeouuwsxitpvtst/Build/Intermediates.noindex/ArchiveIntermediates/idownloadd/IntermediateBuildFilesPath/ExplicitPrecompiledModules/_Builtin_limits-B7132PQ3C339FPDMXVLED9BJZ.pcm -fmodule-file\=_Builtin_stdbool\=/Users/runner/Library/Developer/Xcode/DerivedData/idownloadd-buyibqeibzuaejeouuwsxitpvtst/Build/Intermediates.noindex/ArchiveIntermediates/idownloadd/IntermediateBuildFilesPath/ExplicitPrecompiledModules/_Builtin_stdbool-7WFJALECAZXT3UZ8V1IGX0REG.pcm -fmodule-file\=_Builtin_stddef\=/Users/runner/Library/Developer/Xcode/DerivedData/idownloadd-buyibqeibzuaejeouuwsxitpvtst/Build/Intermediates.noindex/ArchiveIntermediates/idownloadd/IntermediateBuildFilesPath/ExplicitPrecompiledModules/_Builtin_stddef-4DDFN0QOMUUWZWGJG3KUVJ4JM.pcm -fmodule-file\=_Builtin_stdint\=/Users/runner/Library/Developer/Xcode/DerivedData/idownloadd-buyibqeibzuaejeouuwsxitpvtst/Build/Intermediates.noindex/ArchiveIntermediates/idownloadd/IntermediateBuildFilesPath/ExplicitPrecompiledModules/_Builtin_stdint-32IPPNUXMK5UKGPFP899IRCD3.pcm -fmodule-file\=_stdlib\=/Users/runner/Library/Developer/Xcode/DerivedData/idownloadd-buyibqeibzuaejeouuwsxitpvtst/Build/Intermediates.noindex/ArchiveIntermediates/idownloadd/IntermediateBuildFilesPath/ExplicitPrecompiledModules/_stdlib-AV9PM2UWEL2LUZXDCYIDYCS1J.pcm -fmodule-file\=_string\=/Users/runner/Library/Developer/Xcode/DerivedData/idownloadd-buyibqeibzuaejeouuwsxitpvtst/Build/Intermediates.noindex/ArchiveIntermediates/idownloadd/IntermediateBuildFilesPath/ExplicitPrecompiledModules/_string-D1DUFT43J4K5DK88U1Y94OPO6.pcm -fmodule-file\=os_availability\=/Users/runner/Library/Developer/Xcode/DerivedData/idownloadd-buyibqeibzuaejeouuwsxitpvtst/Build/Intermediates.noindex/ArchiveIntermediates/idownloadd/IntermediateBuildFilesPath/ExplicitPrecompiledModules/os_availability-8QAK4H1NV59LBT8PA90U4FAD4.pcm -fmodule-file\=sys_types\=/Users/runner/Library/Developer/Xcode/DerivedData/idownloadd-buyibqeibzuaejeouuwsxitpvtst/Build/Intermediates.noindex/ArchiveIntermediates/idownloadd/IntermediateBuildFilesPath/ExplicitPrecompiledModules/sys_types-BGK65GR37NPNEIVS63OSTMZOC.pcm -isystem /Applications/Xcode_16.2.app/Contents/Developer/Toolchains/XcodeDefault.xctoolchain/usr/lib/clang/16/include -internal-externc-isystem /Applications/Xcode_16.2.app/Contents/Developer/Platforms/iPhoneOS.platform/Developer/SDKs/iPhoneOS18.2.sdk/usr/include -ivfsstatcache /Users/runner/Library/Developer/Xcode/DerivedData/SDKStatCaches.noindex/iphoneos18.2-22C146-6f6929c68f51360d5ca70a73a7e0c2f9.sdkstatcache -std\=gnu11 -fmodules -fmodule-name\=CommonCrypto -fmodules-search-all -fno-implicit-modules -fmax-type-align\=16 -fstack-check -mdarwin-stkchk-strong-link -fno-odr-hash-protocols -pic-level 2 -disable-objc-default-synthesize-properties -stack-protector 1 -fgnuc-version\=4.2.1 -fblocks -ffp-contract\=off -fclang-abi-compat\=4.0 -fno-experimental-relative-c++-abi-vtables -fno-file-reproducible -clang-vendor-feature\=+disableNonDependentMemberExprInCurrentInstantiation -clang-vendor-feature\=+enableAggressiveVLAFolding -clang-vendor-feature\=+revert09abecef7bbf -clang-vendor-feature\=+thisNoAlignAttr -clang-vendor-feature\=+thisNoNullAttr -clang-vendor-feature\=+disableAtImportPrivateFrameworkInImplementationError -O2 -fcommon -fno-sanitize-address-use-odr-indicator -fno-sanitize-memory-param-retval -fmerge-all-constants -fno-verbose-asm -fregister-global-dtors-with-atexit -fno-use-init-array -funique-basic-block-section-names -dwarf-version\=4 -debugger-tuning\=lldb -llvm-verify-each -dwarf-ext-refs -no-struct-path-tbaa -fexperimental-assignment-tracking\=disabled -no-enable-noundef-analysis -stack-protector-buffer-size 0 -finline-functions -debug-info-kind\=standalone -Os -fno-unroll-loops -fdiagnostics-hotness-threshold\=0 -fdiagnostics-misexpect-tolerance\=0 -fno-split-cold-code -D __GCC_HAVE_DWARF2_CFI_ASM\=1 -MT moduledependenciestarget -dependency-file /Users/runner/Library/Developer/Xcode/DerivedData/idownloadd-buyibqeibzuaejeouuwsxitpvtst/Build/Intermediates.noindex/ArchiveIntermediates/idownloadd/IntermediateBuildFilesPath/ExplicitPrecompiledModules/CommonCrypto-9O1KLGRF76CM3016HNYQP6H9X.d -skip-unused-modulemap-deps

PrecompileModule /Users/runner/Library/Developer/Xcode/DerivedData/idownloadd-buyibqeibzuaejeouuwsxitpvtst/Build/Intermediates.noindex/ArchiveIntermediates/idownloadd/IntermediateBuildFilesPath/ExplicitPrecompiledModules/_Builtin_tgmath-7HQARALQ0F4I9KM8XQXMI2JM2.scan
    cd /Users/runner/work/dopamine-extended/dopamine-extended/Dopamine/BaseBin/idownloadd/src
    builtin-precompileModule /Users/runner/Library/Developer/Xcode/DerivedData/idownloadd-buyibqeibzuaejeouuwsxitpvtst/Build/Intermediates.noindex/ArchiveIntermediates/idownloadd/IntermediateBuildFilesPath/ExplicitPrecompiledModules/_Builtin_tgmath-7HQARALQ0F4I9KM8XQXMI2JM2.scan
/Applications/Xcode_16.2.app/Contents/Developer/Toolchains/XcodeDefault.xctoolchain/usr/bin/clang -cc1 -fdiagnostics-show-note-include-stack -fmacro-backtrace-limit\=0 -ferror-limit 19 -serialize-diagnostic-file /Users/runner/Library/Developer/Xcode/DerivedData/idownloadd-buyibqeibzuaejeouuwsxitpvtst/Build/Intermediates.noindex/ArchiveIntermediates/idownloadd/IntermediateBuildFilesPath/ExplicitPrecompiledModules/_Builtin_tgmath-7HQARALQ0F4I9KM8XQXMI2JM2.dia -fsystem-module -fmodule-map-file\=/Applications/Xcode_16.2.app/Contents/Developer/Platforms/iPhoneOS.platform/Developer/SDKs/iPhoneOS18.2.sdk/usr/include/c_standard_library.modulemap -o /Users/runner/Library/Developer/Xcode/DerivedData/idownloadd-buyibqeibzuaejeouuwsxitpvtst/Build/Intermediates.noindex/ArchiveIntermediates/idownloadd/IntermediateBuildFilesPath/ExplicitPrecompiledModules/_Builtin_tgmath-7HQARALQ0F4I9KM8XQXMI2JM2.pcm -disable-free -emit-module -x c /Applications/Xcode_16.2.app/Contents/Developer/Toolchains/XcodeDefault.xctoolchain/usr/lib/clang/16/include/module.modulemap -target-abi darwinpcs -target-cpu apple-a7 -target-feature +v8a -target-feature +aes -target-feature +fp-armv8 -target-feature +sha2 -target-feature +neon -target-feature +zcm -target-feature +zcz -triple arm64-apple-ios15.0.0 -target-linker-version 1115.7.3 -target-sdk-version\=18.2 -fmodules-validate-system-headers -fno-modules-prune-non-affecting-module-map-files -fno-modulemap-allow-subdirectory-search -isysroot /Applications/Xcode_16.2.app/Contents/Developer/Platforms/iPhoneOS.platform/Developer/SDKs/iPhoneOS18.2.sdk -resource-dir /Applications/Xcode_16.2.app/Contents/Developer/Toolchains/XcodeDefault.xctoolchain/usr/lib/clang/16 -fmodule-format\=obj -fmodule-file\=_math\=/Users/runner/Library/Developer/Xcode/DerivedData/idownloadd-buyibqeibzuaejeouuwsxitpvtst/Build/Intermediates.noindex/ArchiveIntermediates/idownloadd/IntermediateBuildFilesPath/ExplicitPrecompiledModules/_math-EZKJ1LHKS1LXL0XH7LA1S5ACJ.pcm -fmodule-file\=_tgmath\=/Users/runner/Library/Developer/Xcode/DerivedData/idownloadd-buyibqeibzuaejeouuwsxitpvtst/Build/Intermediates.noindex/ArchiveIntermediates/idownloadd/IntermediateBuildFilesPath/ExplicitPrecompiledModules/_tgmath-ABGDJXFLLEE589UR2CAKLT9WI.pcm -isystem /Applications/Xcode_16.2.app/Contents/Developer/Toolchains/XcodeDefault.xctoolchain/usr/lib/clang/16/include -internal-externc-isystem /Applications/Xcode_16.2.app/Contents/Developer/Platforms/iPhoneOS.platform/Developer/SDKs/iPhoneOS18.2.sdk/usr/include -ivfsstatcache /Users/runner/Library/Developer/Xcode/DerivedData/SDKStatCaches.noindex/iphoneos18.2-22C146-6f6929c68f51360d5ca70a73a7e0c2f9.sdkstatcache -std\=gnu11 -fmodules -fmodule-name\=_Builtin_tgmath -fmodules-search-all -fno-implicit-modules -fmax-type-align\=16 -fstack-check -mdarwin-stkchk-strong-link -fno-odr-hash-protocols -pic-level 2 -disable-objc-default-synthesize-properties -stack-protector 1 -fgnuc-version\=4.2.1 -fblocks -ffp-contract\=off -fclang-abi-compat\=4.0 -fno-experimental-relative-c++-abi-vtables -fno-file-reproducible -clang-vendor-feature\=+disableNonDependentMemberExprInCurrentInstantiation -clang-vendor-feature\=+enableAggressiveVLAFolding -clang-vendor-feature\=+revert09abecef7bbf -clang-vendor-feature\=+thisNoAlignAttr -clang-vendor-feature\=+thisNoNullAttr -clang-vendor-feature\=+disableAtImportPrivateFrameworkInImplementationError -O2 -fcommon -fno-sanitize-address-use-odr-indicator -fno-sanitize-memory-param-retval -fmerge-all-constants -fno-verbose-asm -fregister-global-dtors-with-atexit -fno-use-init-array -funique-basic-block-section-names -dwarf-version\=4 -debugger-tuning\=lldb -llvm-verify-each -dwarf-ext-refs -no-struct-path-tbaa -fexperimental-assignment-tracking\=disabled -no-enable-noundef-analysis -stack-protector-buffer-size 0 -finline-functions -debug-info-kind\=standalone -Os -fno-unroll-loops -fdiagnostics-hotness-threshold\=0 -fdiagnostics-misexpect-tolerance\=0 -fno-split-cold-code -D __GCC_HAVE_DWARF2_CFI_ASM\=1 -MT moduledependenciestarget -dependency-file /Users/runner/Library/Developer/Xcode/DerivedData/idownloadd-buyibqeibzuaejeouuwsxitpvtst/Build/Intermediates.noindex/ArchiveIntermediates/idownloadd/IntermediateBuildFilesPath/ExplicitPrecompiledModules/_Builtin_tgmath-7HQARALQ0F4I9KM8XQXMI2JM2.d -skip-unused-modulemap-deps

PrecompileModule /Users/runner/Library/Developer/Xcode/DerivedData/idownloadd-buyibqeibzuaejeouuwsxitpvtst/Build/Intermediates.noindex/ArchiveIntermediates/idownloadd/IntermediateBuildFilesPath/ExplicitPrecompiledModules/Darwin-3QJOHIG9PKR0N90JWN4ZEXUFW.scan
    cd /Users/runner/work/dopamine-extended/dopamine-extended/Dopamine/BaseBin/idownloadd/src
    builtin-precompileModule /Users/runner/Library/Developer/Xcode/DerivedData/idownloadd-buyibqeibzuaejeouuwsxitpvtst/Build/Intermediates.noindex/ArchiveIntermediates/idownloadd/IntermediateBuildFilesPath/ExplicitPrecompiledModules/Darwin-3QJOHIG9PKR0N90JWN4ZEXUFW.scan
/Applications/Xcode_16.2.app/Contents/Developer/Toolchains/XcodeDefault.xctoolchain/usr/bin/clang -cc1 -fdiagnostics-show-note-include-stack -fmacro-backtrace-limit\=0 -ferror-limit 19 -serialize-diagnostic-file /Users/runner/Library/Developer/Xcode/DerivedData/idownloadd-buyibqeibzuaejeouuwsxitpvtst/Build/Intermediates.noindex/ArchiveIntermediates/idownloadd/IntermediateBuildFilesPath/ExplicitPrecompiledModules/Darwin-3QJOHIG9PKR0N90JWN4ZEXUFW.dia -fsystem-module -fmodule-map-file\=/Applications/Xcode_16.2.app/Contents/Developer/Platforms/iPhoneOS.platform/Developer/SDKs/iPhoneOS18.2.sdk/usr/include/DarwinBasic.modulemap -fmodule-map-file\=/Applications/Xcode_16.2.app/Contents/Developer/Platforms/iPhoneOS.platform/Developer/SDKs/iPhoneOS18.2.sdk/usr/include/c_standard_library.modulemap -fmodule-map-file\=/Applications/Xcode_16.2.app/Contents/Developer/Platforms/iPhoneOS.platform/Developer/SDKs/iPhoneOS18.2.sdk/usr/include/DarwinFoundation.modulemap -fmodule-map-file\=/Applications/Xcode_16.2.app/Contents/Developer/Platforms/iPhoneOS.platform/Developer/SDKs/iPhoneOS18.2.sdk/usr/include/os_availability.modulemap -fmodule-map-file\=/Applications/Xcode_16.2.app/Contents/Developer/Platforms/iPhoneOS.platform/Developer/SDKs/iPhoneOS18.2.sdk/usr/include/TargetConditionals.modulemap -fmodule-map-file\=/Applications/Xcode_16.2.app/Contents/Developer/Toolchains/XcodeDefault.xctoolchain/usr/lib/clang/16/include/module.modulemap -o /Users/runner/Library/Developer/Xcode/DerivedData/idownloadd-buyibqeibzuaejeouuwsxitpvtst/Build/Intermediates.noindex/ArchiveIntermediates/idownloadd/IntermediateBuildFilesPath/ExplicitPrecompiledModules/Darwin-3QJOHIG9PKR0N90JWN4ZEXUFW.pcm -disable-free -emit-module -x c /Applications/Xcode_16.2.app/Contents/Developer/Platforms/iPhoneOS.platform/Developer/SDKs/iPhoneOS.sdk/usr/include/Darwin.modulemap -target-abi darwinpcs -target-cpu apple-a7 -target-feature +v8a -target-feature +aes -target-feature +fp-armv8 -target-feature +sha2 -target-feature +neon -target-feature +zcm -target-feature +zcz -triple arm64-apple-ios15.0.0 -target-linker-version 1115.7.3 -target-sdk-version\=18.2 -fmodules-validate-system-headers -fno-modules-prune-non-affecting-module-map-files -fno-modulemap-allow-subdirectory-search -isysroot /Applications/Xcode_16.2.app/Contents/Developer/Platforms/iPhoneOS.platform/Developer/SDKs/iPhoneOS18.2.sdk -resource-dir /Applications/Xcode_16.2.app/Contents/Developer/Toolchains/XcodeDefault.xctoolchain/usr/lib/clang/16 -fmodule-format\=obj -fmodule-file\=DarwinFoundation\=/Users/runner/Library/Developer/Xcode/DerivedData/idownloadd-buyibqeibzuaejeouuwsxitpvtst/Build/Intermediates.noindex/ArchiveIntermediates/idownloadd/IntermediateBuildFilesPath/ExplicitPrecompiledModules/DarwinFoundation-BS732VSG5ERO13MLOL3IHMHDZ.pcm -fmodule-file\=TargetConditionals\=/Users/runner/Library/Developer/Xcode/DerivedData/idownloadd-buyibqeibzuaejeouuwsxitpvtst/Build/Intermediates.noindex/ArchiveIntermediates/idownloadd/IntermediateBuildFilesPath/ExplicitPrecompiledModules/TargetConditionals-9V4RLKLXN2F3W8RNHJ7SQSDOI.pcm -fmodule-file\=_Builtin_float\=/Users/runner/Library/Developer/Xcode/DerivedData/idownloadd-buyibqeibzuaejeouuwsxitpvtst/Build/Intermediates.noindex/ArchiveIntermediates/idownloadd/IntermediateBuildFilesPath/ExplicitPrecompiledModules/_Builtin_float-23X3F0272L4QQ0GOYXDF8YK7Q.pcm -fmodule-file\=_Builtin_inttypes\=/Users/runner/Library/Developer/Xcode/DerivedData/idownloadd-buyibqeibzuaejeouuwsxitpvtst/Build/Intermediates.noindex/ArchiveIntermediates/idownloadd/IntermediateBuildFilesPath/ExplicitPrecompiledModules/_Builtin_inttypes-75PNEKJF9C6Q21R3GEF1KVDIG.pcm -fmodule-file\=_Builtin_iso646\=/Users/runner/Library/Developer/Xcode/DerivedData/idownloadd-buyibqeibzuaejeouuwsxitpvtst/Build/Intermediates.noindex/ArchiveIntermediates/idownloadd/IntermediateBuildFilesPath/ExplicitPrecompiledModules/_Builtin_iso646-1TL72I0GZ139ELLOYHJOZPJXM.pcm -fmodule-file\=_Builtin_limits\=/Users/runner/Library/Developer/Xcode/DerivedData/idownloadd-buyibqeibzuaejeouuwsxitpvtst/Build/Intermediates.noindex/ArchiveIntermediates/idownloadd/IntermediateBuildFilesPath/ExplicitPrecompiledModules/_Builtin_limits-B7132PQ3C339FPDMXVLED9BJZ.pcm -fmodule-file\=_Builtin_stdarg\=/Users/runner/Library/Developer/Xcode/DerivedData/idownloadd-buyibqeibzuaejeouuwsxitpvtst/Build/Intermediates.noindex/ArchiveIntermediates/idownloadd/IntermediateBuildFilesPath/ExplicitPrecompiledModules/_Builtin_stdarg-85XMVA4EBLUBYQG2S1KBK3OUM.pcm -fmodule-file\=_Builtin_stdatomic\=/Users/runner/Library/Developer/Xcode/DerivedData/idownloadd-buyibqeibzuaejeouuwsxitpvtst/Build/Intermediates.noindex/ArchiveIntermediates/idownloadd/IntermediateBuildFilesPath/ExplicitPrecompiledModules/_Builtin_stdatomic-52P2AI39EAJKBFBBYV5NWBUE8.pcm -fmodule-file\=_Builtin_stdbool\=/Users/runner/Library/Developer/Xcode/DerivedData/idownloadd-buyibqeibzuaejeouuwsxitpvtst/Build/Intermediates.noindex/ArchiveIntermediates/idownloadd/IntermediateBuildFilesPath/ExplicitPrecompiledModules/_Builtin_stdbool-7WFJALECAZXT3UZ8V1IGX0REG.pcm -fmodule-file\=_Builtin_stddef\=/Users/runner/Library/Developer/Xcode/DerivedData/idownloadd-buyibqeibzuaejeouuwsxitpvtst/Build/Intermediates.noindex/ArchiveIntermediates/idownloadd/IntermediateBuildFilesPath/ExplicitPrecompiledModules/_Builtin_stddef-4DDFN0QOMUUWZWGJG3KUVJ4JM.pcm -fmodule-file\=_Builtin_stdint\=/Users/runner/Library/Developer/Xcode/DerivedData/idownloadd-buyibqeibzuaejeouuwsxitpvtst/Build/Intermediates.noindex/ArchiveIntermediates/idownloadd/IntermediateBuildFilesPath/ExplicitPrecompiledModules/_Builtin_stdint-32IPPNUXMK5UKGPFP899IRCD3.pcm -fmodule-file\=_Builtin_tgmath\=/Users/runner/Library/Developer/Xcode/DerivedData/idownloadd-buyibqeibzuaejeouuwsxitpvtst/Build/Intermediates.noindex/ArchiveIntermediates/idownloadd/IntermediateBuildFilesPath/ExplicitPrecompiledModules/_Builtin_tgmath-7HQARALQ0F4I9KM8XQXMI2JM2.pcm -fmodule-file\=__wctype\=/Users/runner/Library/Developer/Xcode/DerivedData/idownloadd-buyibqeibzuaejeouuwsxitpvtst/Build/Intermediates.noindex/ArchiveIntermediates/idownloadd/IntermediateBuildFilesPath/ExplicitPrecompiledModules/__wctype-55ZZ13YN3BW2ZAR6FQN0N67ZO.pcm -fmodule-file\=_assert\=/Users/runner/Library/Developer/Xcode/DerivedData/idownloadd-buyibqeibzuaejeouuwsxitpvtst/Build/Intermediates.noindex/ArchiveIntermediates/idownloadd/IntermediateBuildFilesPath/ExplicitPrecompiledModules/_assert-YJAKECETVAISPGTB8121UURD.pcm -fmodule-file\=_complex\=/Users/runner/Library/Developer/Xcode/DerivedData/idownloadd-buyibqeibzuaejeouuwsxitpvtst/Build/Intermediates.noindex/ArchiveIntermediates/idownloadd/IntermediateBuildFilesPath/ExplicitPrecompiledModules/_complex-64H3Q2NYSCLHC9Z6TO6IJ4JJL.pcm -fmodule-file\=_ctype\=/Users/runner/Library/Developer/Xcode/DerivedData/idownloadd-buyibqeibzuaejeouuwsxitpvtst/Build/Intermediates.noindex/ArchiveIntermediates/idownloadd/IntermediateBuildFilesPath/ExplicitPrecompiledModules/_ctype-EJRS020Y2GFPCLR175AG3MYOM.pcm -fmodule-file\=_errno\=/Users/runner/Library/Developer/Xcode/DerivedData/idownloadd-buyibqeibzuaejeouuwsxitpvtst/Build/Intermediates.noindex/ArchiveIntermediates/idownloadd/IntermediateBuildFilesPath/ExplicitPrecompiledModules/_errno-6B8PAVG0CYFA0L0QTUHFUALVX.pcm -fmodule-file\=_fenv\=/Users/runner/Library/Developer/Xcode/DerivedData/idownloadd-buyibqeibzuaejeouuwsxitpvtst/Build/Intermediates.noindex/ArchiveIntermediates/idownloadd/IntermediateBuildFilesPath/ExplicitPrecompiledModules/_fenv-8P1E1E18L6AMA885RY5OEBYSY.pcm -fmodule-file\=_inttypes\=/Users/runner/Library/Developer/Xcode/DerivedData/idownloadd-buyibqeibzuaejeouuwsxitpvtst/Build/Intermediates.noindex/ArchiveIntermediates/idownloadd/IntermediateBuildFilesPath/ExplicitPrecompiledModules/_inttypes-B4PPD2QX5D5XKY633553RMJ3X.pcm -fmodule-file\=_limits\=/Users/runner/Library/Developer/Xcode/DerivedData/idownloadd-buyibqeibzuaejeouuwsxitpvtst/Build/Intermediates.noindex/ArchiveIntermediates/idownloadd/IntermediateBuildFilesPath/ExplicitPrecompiledModules/_limits-RY0N225D6MWFD63KW598ZX2U.pcm -fmodule-file\=_locale\=/Users/runner/Library/Developer/Xcode/DerivedData/idownloadd-buyibqeibzuaejeouuwsxitpvtst/Build/Intermediates.noindex/ArchiveIntermediates/idownloadd/IntermediateBuildFilesPath/ExplicitPrecompiledModules/_locale-BCPD9GF504ECVLKPB2M3AXZWF.pcm -fmodule-file\=_mach_port_t\=/Users/runner/Library/Developer/Xcode/DerivedData/idownloadd-buyibqeibzuaejeouuwsxitpvtst/Build/Intermediates.noindex/ArchiveIntermediates/idownloadd/IntermediateBuildFilesPath/ExplicitPrecompiledModules/_mach_port_t-BX9Z38Y2SWIH220CHIPYJEAXE.pcm -fmodule-file\=_math\=/Users/runner/Library/Developer/Xcode/DerivedData/idownloadd-buyibqeibzuaejeouuwsxitpvtst/Build/Intermediates.noindex/ArchiveIntermediates/idownloadd/IntermediateBuildFilesPath/ExplicitPrecompiledModules/_math-EZKJ1LHKS1LXL0XH7LA1S5ACJ.pcm -fmodule-file\=_setjmp\=/Users/runner/Library/Developer/Xcode/DerivedData/idownloadd-buyibqeibzuaejeouuwsxitpvtst/Build/Intermediates.noindex/ArchiveIntermediates/idownloadd/IntermediateBuildFilesPath/ExplicitPrecompiledModules/_setjmp-6TL0M7TBWY7WJVL6JDJT901OU.pcm -fmodule-file\=_signal\=/Users/runner/Library/Developer/Xcode/DerivedData/idownloadd-buyibqeibzuaejeouuwsxitpvtst/Build/Intermediates.noindex/ArchiveIntermediates/idownloadd/IntermediateBuildFilesPath/ExplicitPrecompiledModules/_signal-3PE5O078I8SXXPPALB0REGJPZ.pcm -fmodule-file\=_stdio\=/Users/runner/Library/Developer/Xcode/DerivedData/idownloadd-buyibqeibzuaejeouuwsxitpvtst/Build/Intermediates.noindex/ArchiveIntermediates/idownloadd/IntermediateBuildFilesPath/ExplicitPrecompiledModules/_stdio-BP3T39SFCFXHXKAOZDCAR0PP7.pcm -fmodule-file\=_stdlib\=/Users/runner/Library/Developer/Xcode/DerivedData/idownloadd-buyibqeibzuaejeouuwsxitpvtst/Build/Intermediates.noindex/ArchiveIntermediates/idownloadd/IntermediateBuildFilesPath/ExplicitPrecompiledModules/_stdlib-AV9PM2UWEL2LUZXDCYIDYCS1J.pcm -fmodule-file\=_string\=/Users/runner/Library/Developer/Xcode/DerivedData/idownloadd-buyibqeibzuaejeouuwsxitpvtst/Build/Intermediates.noindex/ArchiveIntermediates/idownloadd/IntermediateBuildFilesPath/ExplicitPrecompiledModules/_string-D1DUFT43J4K5DK88U1Y94OPO6.pcm -fmodule-file\=_strings\=/Users/runner/Library/Developer/Xcode/DerivedData/idownloadd-buyibqeibzuaejeouuwsxitpvtst/Build/Intermediates.noindex/ArchiveIntermediates/idownloadd/IntermediateBuildFilesPath/ExplicitPrecompiledModules/_strings-4UR4PU47IDG823BC9JG7CMWHK.pcm -fmodule-file\=_sys_select\=/Users/runner/Library/Developer/Xcode/DerivedData/idownloadd-buyibqeibzuaejeouuwsxitpvtst/Build/Intermediates.noindex/ArchiveIntermediates/idownloadd/IntermediateBuildFilesPath/ExplicitPrecompiledModules/_sys_select-65HS96JY9CYIVPMSML9Y2D92K.pcm -fmodule-file\=_time\=/Users/runner/Library/Developer/Xcode/DerivedData/idownloadd-buyibqeibzuaejeouuwsxitpvtst/Build/Intermediates.noindex/ArchiveIntermediates/idownloadd/IntermediateBuildFilesPath/ExplicitPrecompiledModules/_time-2XS4MYM5L79L1WQN4NM5WURZR.pcm -fmodule-file\=_wchar\=/Users/runner/Library/Developer/Xcode/DerivedData/idownloadd-buyibqeibzuaejeouuwsxitpvtst/Build/Intermediates.noindex/ArchiveIntermediates/idownloadd/IntermediateBuildFilesPath/ExplicitPrecompiledModules/_wchar-17HMFROBXKOOB7NW4O2C7TMYT.pcm -fmodule-file\=_wctype\=/Users/runner/Library/Developer/Xcode/DerivedData/idownloadd-buyibqeibzuaejeouuwsxitpvtst/Build/Intermediates.noindex/ArchiveIntermediates/idownloadd/IntermediateBuildFilesPath/ExplicitPrecompiledModules/_wctype-6CALHJZXR73G4KDG6LMHAZUD1.pcm -fmodule-file\=netinet_in\=/Users/runner/Library/Developer/Xcode/DerivedData/idownloadd-buyibqeibzuaejeouuwsxitpvtst/Build/Intermediates.noindex/ArchiveIntermediates/idownloadd/IntermediateBuildFilesPath/ExplicitPrecompiledModules/netinet_in-621YAQBFBS7LWULW7PYAT6SZ3.pcm -fmodule-file\=nl_types\=/Users/runner/Library/Developer/Xcode/DerivedData/idownloadd-buyibqeibzuaejeouuwsxitpvtst/Build/Intermediates.noindex/ArchiveIntermediates/idownloadd/IntermediateBuildFilesPath/ExplicitPrecompiledModules/nl_types-EZRJFUWOGNE6JJWICNY0N9CSN.pcm -fmodule-file\=os_availability\=/Users/runner/Library/Developer/Xcode/DerivedData/idownloadd-buyibqeibzuaejeouuwsxitpvtst/Build/Intermediates.noindex/ArchiveIntermediates/idownloadd/IntermediateBuildFilesPath/ExplicitPrecompiledModules/os_availability-8QAK4H1NV59LBT8PA90U4FAD4.pcm -fmodule-file\=pthread\=/Users/runner/Library/Developer/Xcode/DerivedData/idownloadd-buyibqeibzuaejeouuwsxitpvtst/Build/Intermediates.noindex/ArchiveIntermediates/idownloadd/IntermediateBuildFilesPath/ExplicitPrecompiledModules/pthread-ED5JVVOGSOM8EB99XD9C3UUV6.pcm -fmodule-file\=sys_resource\=/Users/runner/Library/Developer/Xcode/DerivedData/idownloadd-buyibqeibzuaejeouuwsxitpvtst/Build/Intermediates.noindex/ArchiveIntermediates/idownloadd/IntermediateBuildFilesPath/ExplicitPrecompiledModules/sys_resource-7RXG2KN17DS77J4L76LMP54FB.pcm -fmodule-file\=sys_select\=/Users/runner/Library/Developer/Xcode/DerivedData/idownloadd-buyibqeibzuaejeouuwsxitpvtst/Build/Intermediates.noindex/ArchiveIntermediates/idownloadd/IntermediateBuildFilesPath/ExplicitPrecompiledModules/sys_select-EZ9CM3QJEEAMHYYRHEJ93ZTRB.pcm -fmodule-file\=sys_time\=/Users/runner/Library/Developer/Xcode/DerivedData/idownloadd-buyibqeibzuaejeouuwsxitpvtst/Build/Intermediates.noindex/ArchiveIntermediates/idownloadd/IntermediateBuildFilesPath/ExplicitPrecompiledModules/sys_time-66OB7D7GB2PK0MNAVHB22394C.pcm -fmodule-file\=sys_types\=/Users/runner/Library/Developer/Xcode/DerivedData/idownloadd-buyibqeibzuaejeouuwsxitpvtst/Build/Intermediates.noindex/ArchiveIntermediates/idownloadd/IntermediateBuildFilesPath/ExplicitPrecompiledModules/sys_types-BGK65GR37NPNEIVS63OSTMZOC.pcm -fmodule-file\=sys_wait\=/Users/runner/Library/Developer/Xcode/DerivedData/idownloadd-buyibqeibzuaejeouuwsxitpvtst/Build/Intermediates.noindex/ArchiveIntermediates/idownloadd/IntermediateBuildFilesPath/ExplicitPrecompiledModules/sys_wait-CZVHJJYVNGIWQ4YT4LU9LX0QM.pcm -fmodule-file\=unistd\=/Users/runner/Library/Developer/Xcode/DerivedData/idownloadd-buyibqeibzuaejeouuwsxitpvtst/Build/Intermediates.noindex/ArchiveIntermediates/idownloadd/IntermediateBuildFilesPath/ExplicitPrecompiledModules/unistd-96PVF05U2AGQ7ZVA7GAB45NAY.pcm -fmodule-file\=uuid\=/Users/runner/Library/Developer/Xcode/DerivedData/idownloadd-buyibqeibzuaejeouuwsxitpvtst/Build/Intermediates.noindex/ArchiveIntermediates/idownloadd/IntermediateBuildFilesPath/ExplicitPrecompiledModules/uuid-603Z68UWVKVAF14KJ56TXSYVR.pcm -fmodule-file\=xlocale\=/Users/runner/Library/Developer/Xcode/DerivedData/idownloadd-buyibqeibzuaejeouuwsxitpvtst/Build/Intermediates.noindex/ArchiveIntermediates/idownloadd/IntermediateBuildFilesPath/ExplicitPrecompiledModules/xlocale-BQW4575VUCW6GC8MFGL68FJCM.pcm -I /Users/runner/work/dopamine-extended/dopamine-extended/Dopamine/BaseBin/.include -isystem /Applications/Xcode_16.2.app/Contents/Developer/Toolchains/XcodeDefault.xctoolchain/usr/lib/clang/16/include -internal-externc-isystem /Applications/Xcode_16.2.app/Contents/Developer/Platforms/iPhoneOS.platform/Developer/SDKs/iPhoneOS18.2.sdk/usr/include -ivfsstatcache /Users/runner/Library/Developer/Xcode/DerivedData/SDKStatCaches.noindex/iphoneos18.2-22C146-6f6929c68f51360d5ca70a73a7e0c2f9.sdkstatcache -std\=gnu11 -fmodules -fmodule-name\=Darwin -fmodules-search-all -fno-implicit-modules -fmax-type-align\=16 -fstack-check -mdarwin-stkchk-strong-link -fno-odr-hash-protocols -pic-level 2 -disable-objc-default-synthesize-properties -stack-protector 1 -fgnuc-version\=4.2.1 -fblocks -ffp-contract\=off -fclang-abi-compat\=4.0 -fno-experimental-relative-c++-abi-vtables -fno-file-reproducible -clang-vendor-feature\=+disableNonDependentMemberExprInCurrentInstantiation -clang-vendor-feature\=+enableAggressiveVLAFolding -clang-vendor-feature\=+revert09abecef7bbf -clang-vendor-feature\=+thisNoAlignAttr -clang-vendor-feature\=+thisNoNullAttr -clang-vendor-feature\=+disableAtImportPrivateFrameworkInImplementationError -O2 -fcommon -fno-sanitize-address-use-odr-indicator -fno-sanitize-memory-param-retval -fmerge-all-constants -fno-verbose-asm -fregister-global-dtors-with-atexit -fno-use-init-array -funique-basic-block-section-names -dwarf-version\=4 -debugger-tuning\=lldb -llvm-verify-each -dwarf-ext-refs -no-struct-path-tbaa -fexperimental-assignment-tracking\=disabled -no-enable-noundef-analysis -stack-protector-buffer-size 0 -finline-functions -debug-info-kind\=standalone -Os -fno-unroll-loops -fdiagnostics-hotness-threshold\=0 -fdiagnostics-misexpect-tolerance\=0 -fno-split-cold-code -D __GCC_HAVE_DWARF2_CFI_ASM\=1 -MT moduledependenciestarget -dependency-file /Users/runner/Library/Developer/Xcode/DerivedData/idownloadd-buyibqeibzuaejeouuwsxitpvtst/Build/Intermediates.noindex/ArchiveIntermediates/idownloadd/IntermediateBuildFilesPath/ExplicitPrecompiledModules/Darwin-3QJOHIG9PKR0N90JWN4ZEXUFW.d -skip-unused-modulemap-deps

PrecompileModule /Users/runner/Library/Developer/Xcode/DerivedData/idownloadd-buyibqeibzuaejeouuwsxitpvtst/Build/Intermediates.noindex/ArchiveIntermediates/idownloadd/IntermediateBuildFilesPath/ExplicitPrecompiledModules/os_object-90W3HENA8TI0YB5EWSMNX0610.scan
    cd /Users/runner/work/dopamine-extended/dopamine-extended/Dopamine/BaseBin/idownloadd/src
    builtin-precompileModule /Users/runner/Library/Developer/Xcode/DerivedData/idownloadd-buyibqeibzuaejeouuwsxitpvtst/Build/Intermediates.noindex/ArchiveIntermediates/idownloadd/IntermediateBuildFilesPath/ExplicitPrecompiledModules/os_object-90W3HENA8TI0YB5EWSMNX0610.scan
/Applications/Xcode_16.2.app/Contents/Developer/Toolchains/XcodeDefault.xctoolchain/usr/bin/clang -cc1 -fdiagnostics-show-note-include-stack -fmacro-backtrace-limit\=0 -ferror-limit 19 -serialize-diagnostic-file /Users/runner/Library/Developer/Xcode/DerivedData/idownloadd-buyibqeibzuaejeouuwsxitpvtst/Build/Intermediates.noindex/ArchiveIntermediates/idownloadd/IntermediateBuildFilesPath/ExplicitPrecompiledModules/os_object-90W3HENA8TI0YB5EWSMNX0610.dia -fsystem-module -fmodule-map-file\=/Applications/Xcode_16.2.app/Contents/Developer/Platforms/iPhoneOS.platform/Developer/SDKs/iPhoneOS18.2.sdk/usr/include/Darwin.modulemap -fmodule-map-file\=/Applications/Xcode_16.2.app/Contents/Developer/Platforms/iPhoneOS.platform/Developer/SDKs/iPhoneOS18.2.sdk/usr/include/os_availability.modulemap -fmodule-map-file\=/Applications/Xcode_16.2.app/Contents/Developer/Platforms/iPhoneOS.platform/Developer/SDKs/iPhoneOS18.2.sdk/usr/include/TargetConditionals.modulemap -o /Users/runner/Library/Developer/Xcode/DerivedData/idownloadd-buyibqeibzuaejeouuwsxitpvtst/Build/Intermediates.noindex/ArchiveIntermediates/idownloadd/IntermediateBuildFilesPath/ExplicitPrecompiledModules/os_object-90W3HENA8TI0YB5EWSMNX0610.pcm -disable-free -emit-module -x c /Applications/Xcode_16.2.app/Contents/Developer/Platforms/iPhoneOS.platform/Developer/SDKs/iPhoneOS.sdk/usr/include/os.modulemap -target-abi darwinpcs -target-cpu apple-a7 -target-feature +v8a -target-feature +aes -target-feature +fp-armv8 -target-feature +sha2 -target-feature +neon -target-feature +zcm -target-feature +zcz -triple arm64-apple-ios15.0.0 -target-linker-version 1115.7.3 -target-sdk-version\=18.2 -fmodules-validate-system-headers -fno-modules-prune-non-affecting-module-map-files -fno-modulemap-allow-subdirectory-search -isysroot /Applications/Xcode_16.2.app/Contents/Developer/Platforms/iPhoneOS.platform/Developer/SDKs/iPhoneOS18.2.sdk -resource-dir /Applications/Xcode_16.2.app/Contents/Developer/Toolchains/XcodeDefault.xctoolchain/usr/lib/clang/16 -fmodule-format\=obj -fmodule-file\=Darwin\=/Users/runner/Library/Developer/Xcode/DerivedData/idownloadd-buyibqeibzuaejeouuwsxitpvtst/Build/Intermediates.noindex/ArchiveIntermediates/idownloadd/IntermediateBuildFilesPath/ExplicitPrecompiledModules/Darwin-3QJOHIG9PKR0N90JWN4ZEXUFW.pcm -fmodule-file\=TargetConditionals\=/Users/runner/Library/Developer/Xcode/DerivedData/idownloadd-buyibqeibzuaejeouuwsxitpvtst/Build/Intermediates.noindex/ArchiveIntermediates/idownloadd/IntermediateBuildFilesPath/ExplicitPrecompiledModules/TargetConditionals-9V4RLKLXN2F3W8RNHJ7SQSDOI.pcm -fmodule-file\=os_availability\=/Users/runner/Library/Developer/Xcode/DerivedData/idownloadd-buyibqeibzuaejeouuwsxitpvtst/Build/Intermediates.noindex/ArchiveIntermediates/idownloadd/IntermediateBuildFilesPath/ExplicitPrecompiledModules/os_availability-8QAK4H1NV59LBT8PA90U4FAD4.pcm -I /Users/runner/work/dopamine-extended/dopamine-extended/Dopamine/BaseBin/.include -isystem /Applications/Xcode_16.2.app/Contents/Developer/Toolchains/XcodeDefault.xctoolchain/usr/lib/clang/16/include -internal-externc-isystem /Applications/Xcode_16.2.app/Contents/Developer/Platforms/iPhoneOS.platform/Developer/SDKs/iPhoneOS18.2.sdk/usr/include -ivfsstatcache /Users/runner/Library/Developer/Xcode/DerivedData/SDKStatCaches.noindex/iphoneos18.2-22C146-6f6929c68f51360d5ca70a73a7e0c2f9.sdkstatcache -std\=gnu11 -fmodules -fmodule-name\=os_object -fmodules-search-all -fno-implicit-modules -fmax-type-align\=16 -fstack-check -mdarwin-stkchk-strong-link -fno-odr-hash-protocols -pic-level 2 -disable-objc-default-synthesize-properties -stack-protector 1 -fgnuc-version\=4.2.1 -fblocks -ffp-contract\=off -fclang-abi-compat\=4.0 -fno-experimental-relative-c++-abi-vtables -fno-file-reproducible -clang-vendor-feature\=+disableNonDependentMemberExprInCurrentInstantiation -clang-vendor-feature\=+enableAggressiveVLAFolding -clang-vendor-feature\=+revert09abecef7bbf -clang-vendor-feature\=+thisNoAlignAttr -clang-vendor-feature\=+thisNoNullAttr -clang-vendor-feature\=+disableAtImportPrivateFrameworkInImplementationError -O2 -fcommon -fno-sanitize-address-use-odr-indicator -fno-sanitize-memory-param-retval -fmerge-all-constants -fno-verbose-asm -fregister-global-dtors-with-atexit -fno-use-init-array -funique-basic-block-section-names -dwarf-version\=4 -debugger-tuning\=lldb -llvm-verify-each -dwarf-ext-refs -no-struct-path-tbaa -fexperimental-assignment-tracking\=disabled -no-enable-noundef-analysis -stack-protector-buffer-size 0 -finline-functions -debug-info-kind\=standalone -Os -fno-unroll-loops -fdiagnostics-hotness-threshold\=0 -fdiagnostics-misexpect-tolerance\=0 -fno-split-cold-code -D __GCC_HAVE_DWARF2_CFI_ASM\=1 -MT moduledependenciestarget -dependency-file /Users/runner/Library/Developer/Xcode/DerivedData/idownloadd-buyibqeibzuaejeouuwsxitpvtst/Build/Intermediates.noindex/ArchiveIntermediates/idownloadd/IntermediateBuildFilesPath/ExplicitPrecompiledModules/os_object-90W3HENA8TI0YB5EWSMNX0610.d -skip-unused-modulemap-deps

PrecompileModule /Users/runner/Library/Developer/Xcode/DerivedData/idownloadd-buyibqeibzuaejeouuwsxitpvtst/Build/Intermediates.noindex/ArchiveIntermediates/idownloadd/IntermediateBuildFilesPath/ExplicitPrecompiledModules/MachO-8ISB135OLAOWDN24K70TEZ3I1.scan
    cd /Users/runner/work/dopamine-extended/dopamine-extended/Dopamine/BaseBin/idownloadd/src
    builtin-precompileModule /Users/runner/Library/Developer/Xcode/DerivedData/idownloadd-buyibqeibzuaejeouuwsxitpvtst/Build/Intermediates.noindex/ArchiveIntermediates/idownloadd/IntermediateBuildFilesPath/ExplicitPrecompiledModules/MachO-8ISB135OLAOWDN24K70TEZ3I1.scan
/Applications/Xcode_16.2.app/Contents/Developer/Toolchains/XcodeDefault.xctoolchain/usr/bin/clang -cc1 -fdiagnostics-show-note-include-stack -fmacro-backtrace-limit\=0 -ferror-limit 19 -serialize-diagnostic-file /Users/runner/Library/Developer/Xcode/DerivedData/idownloadd-buyibqeibzuaejeouuwsxitpvtst/Build/Intermediates.noindex/ArchiveIntermediates/idownloadd/IntermediateBuildFilesPath/ExplicitPrecompiledModules/MachO-8ISB135OLAOWDN24K70TEZ3I1.dia -fsystem-module -fmodule-map-file\=/Applications/Xcode_16.2.app/Contents/Developer/Platforms/iPhoneOS.platform/Developer/SDKs/iPhoneOS18.2.sdk/usr/include/Darwin.modulemap -fmodule-map-file\=/Applications/Xcode_16.2.app/Contents/Developer/Platforms/iPhoneOS.platform/Developer/SDKs/iPhoneOS18.2.sdk/usr/include/DarwinBasic.modulemap -fmodule-map-file\=/Applications/Xcode_16.2.app/Contents/Developer/Platforms/iPhoneOS.platform/Developer/SDKs/iPhoneOS18.2.sdk/usr/include/os_availability.modulemap -fmodule-map-file\=/Applications/Xcode_16.2.app/Contents/Developer/Platforms/iPhoneOS.platform/Developer/SDKs/iPhoneOS18.2.sdk/usr/include/TargetConditionals.modulemap -fmodule-map-file\=/Applications/Xcode_16.2.app/Contents/Developer/Toolchains/XcodeDefault.xctoolchain/usr/lib/clang/16/include/module.modulemap -o /Users/runner/Library/Developer/Xcode/DerivedData/idownloadd-buyibqeibzuaejeouuwsxitpvtst/Build/Intermediates.noindex/ArchiveIntermediates/idownloadd/IntermediateBuildFilesPath/ExplicitPrecompiledModules/MachO-8ISB135OLAOWDN24K70TEZ3I1.pcm -disable-free -emit-module -x c /Applications/Xcode_16.2.app/Contents/Developer/Platforms/iPhoneOS.platform/Developer/SDKs/iPhoneOS.sdk/usr/include/MachO.modulemap -target-abi darwinpcs -target-cpu apple-a7 -target-feature +v8a -target-feature +aes -target-feature +fp-armv8 -target-feature +sha2 -target-feature +neon -target-feature +zcm -target-feature +zcz -triple arm64-apple-ios15.0.0 -target-linker-version 1115.7.3 -target-sdk-version\=18.2 -fmodules-validate-system-headers -fno-modules-prune-non-affecting-module-map-files -fno-modulemap-allow-subdirectory-search -isysroot /Applications/Xcode_16.2.app/Contents/Developer/Platforms/iPhoneOS.platform/Developer/SDKs/iPhoneOS18.2.sdk -resource-dir /Applications/Xcode_16.2.app/Contents/Developer/Toolchains/XcodeDefault.xctoolchain/usr/lib/clang/16 -fmodule-format\=obj -fmodule-file\=Darwin\=/Users/runner/Library/Developer/Xcode/DerivedData/idownloadd-buyibqeibzuaejeouuwsxitpvtst/Build/Intermediates.noindex/ArchiveIntermediates/idownloadd/IntermediateBuildFilesPath/ExplicitPrecompiledModules/Darwin-3QJOHIG9PKR0N90JWN4ZEXUFW.pcm -fmodule-file\=TargetConditionals\=/Users/runner/Library/Developer/Xcode/DerivedData/idownloadd-buyibqeibzuaejeouuwsxitpvtst/Build/Intermediates.noindex/ArchiveIntermediates/idownloadd/IntermediateBuildFilesPath/ExplicitPrecompiledModules/TargetConditionals-9V4RLKLXN2F3W8RNHJ7SQSDOI.pcm -fmodule-file\=_Builtin_stdbool\=/Users/runner/Library/Developer/Xcode/DerivedData/idownloadd-buyibqeibzuaejeouuwsxitpvtst/Build/Intermediates.noindex/ArchiveIntermediates/idownloadd/IntermediateBuildFilesPath/ExplicitPrecompiledModules/_Builtin_stdbool-7WFJALECAZXT3UZ8V1IGX0REG.pcm -fmodule-file\=_Builtin_stddef\=/Users/runner/Library/Developer/Xcode/DerivedData/idownloadd-buyibqeibzuaejeouuwsxitpvtst/Build/Intermediates.noindex/ArchiveIntermediates/idownloadd/IntermediateBuildFilesPath/ExplicitPrecompiledModules/_Builtin_stddef-4DDFN0QOMUUWZWGJG3KUVJ4JM.pcm -fmodule-file\=_Builtin_stdint\=/Users/runner/Library/Developer/Xcode/DerivedData/idownloadd-buyibqeibzuaejeouuwsxitpvtst/Build/Intermediates.noindex/ArchiveIntermediates/idownloadd/IntermediateBuildFilesPath/ExplicitPrecompiledModules/_Builtin_stdint-32IPPNUXMK5UKGPFP899IRCD3.pcm -fmodule-file\=os_availability\=/Users/runner/Library/Developer/Xcode/DerivedData/idownloadd-buyibqeibzuaejeouuwsxitpvtst/Build/Intermediates.noindex/ArchiveIntermediates/idownloadd/IntermediateBuildFilesPath/ExplicitPrecompiledModules/os_availability-8QAK4H1NV59LBT8PA90U4FAD4.pcm -fmodule-file\=sys_types\=/Users/runner/Library/Developer/Xcode/DerivedData/idownloadd-buyibqeibzuaejeouuwsxitpvtst/Build/Intermediates.noindex/ArchiveIntermediates/idownloadd/IntermediateBuildFilesPath/ExplicitPrecompiledModules/sys_types-BGK65GR37NPNEIVS63OSTMZOC.pcm -fmodule-file\=unistd\=/Users/runner/Library/Developer/Xcode/DerivedData/idownloadd-buyibqeibzuaejeouuwsxitpvtst/Build/Intermediates.noindex/ArchiveIntermediates/idownloadd/IntermediateBuildFilesPath/ExplicitPrecompiledModules/unistd-96PVF05U2AGQ7ZVA7GAB45NAY.pcm -I /Users/runner/work/dopamine-extended/dopamine-extended/Dopamine/BaseBin/.include -isystem /Applications/Xcode_16.2.app/Contents/Developer/Toolchains/XcodeDefault.xctoolchain/usr/lib/clang/16/include -internal-externc-isystem /Applications/Xcode_16.2.app/Contents/Developer/Platforms/iPhoneOS.platform/Developer/SDKs/iPhoneOS18.2.sdk/usr/include -ivfsstatcache /Users/runner/Library/Developer/Xcode/DerivedData/SDKStatCaches.noindex/iphoneos18.2-22C146-6f6929c68f51360d5ca70a73a7e0c2f9.sdkstatcache -std\=gnu11 -fmodules -fmodule-name\=MachO -fmodules-search-all -fno-implicit-modules -fmax-type-align\=16 -fstack-check -mdarwin-stkchk-strong-link -fno-odr-hash-protocols -pic-level 2 -disable-objc-default-synthesize-properties -stack-protector 1 -fgnuc-version\=4.2.1 -fblocks -ffp-contract\=off -fclang-abi-compat\=4.0 -fno-experimental-relative-c++-abi-vtables -fno-file-reproducible -clang-vendor-feature\=+disableNonDependentMemberExprInCurrentInstantiation -clang-vendor-feature\=+enableAggressiveVLAFolding -clang-vendor-feature\=+revert09abecef7bbf -clang-vendor-feature\=+thisNoAlignAttr -clang-vendor-feature\=+thisNoNullAttr -clang-vendor-feature\=+disableAtImportPrivateFrameworkInImplementationError -O2 -fcommon -fno-sanitize-address-use-odr-indicator -fno-sanitize-memory-param-retval -fmerge-all-constants -fno-verbose-asm -fregister-global-dtors-with-atexit -fno-use-init-array -funique-basic-block-section-names -dwarf-version\=4 -debugger-tuning\=lldb -llvm-verify-each -dwarf-ext-refs -no-struct-path-tbaa -fexperimental-assignment-tracking\=disabled -no-enable-noundef-analysis -stack-protector-buffer-size 0 -finline-functions -debug-info-kind\=standalone -Os -fno-unroll-loops -fdiagnostics-hotness-threshold\=0 -fdiagnostics-misexpect-tolerance\=0 -fno-split-cold-code -D __GCC_HAVE_DWARF2_CFI_ASM\=1 -MT moduledependenciestarget -dependency-file /Users/runner/Library/Developer/Xcode/DerivedData/idownloadd-buyibqeibzuaejeouuwsxitpvtst/Build/Intermediates.noindex/ArchiveIntermediates/idownloadd/IntermediateBuildFilesPath/ExplicitPrecompiledModules/MachO-8ISB135OLAOWDN24K70TEZ3I1.d -skip-unused-modulemap-deps

PrecompileModule /Users/runner/Library/Developer/Xcode/DerivedData/idownloadd-buyibqeibzuaejeouuwsxitpvtst/Build/Intermediates.noindex/ArchiveIntermediates/idownloadd/IntermediateBuildFilesPath/ExplicitPrecompiledModules/os_workgroup-EFRDIUXDEK8HH7PLY0827XL9L.scan
    cd /Users/runner/work/dopamine-extended/dopamine-extended/Dopamine/BaseBin/idownloadd/src
    builtin-precompileModule /Users/runner/Library/Developer/Xcode/DerivedData/idownloadd-buyibqeibzuaejeouuwsxitpvtst/Build/Intermediates.noindex/ArchiveIntermediates/idownloadd/IntermediateBuildFilesPath/ExplicitPrecompiledModules/os_workgroup-EFRDIUXDEK8HH7PLY0827XL9L.scan
/Applications/Xcode_16.2.app/Contents/Developer/Toolchains/XcodeDefault.xctoolchain/usr/bin/clang -cc1 -fdiagnostics-show-note-include-stack -fmacro-backtrace-limit\=0 -ferror-limit 19 -serialize-diagnostic-file /Users/runner/Library/Developer/Xcode/DerivedData/idownloadd-buyibqeibzuaejeouuwsxitpvtst/Build/Intermediates.noindex/ArchiveIntermediates/idownloadd/IntermediateBuildFilesPath/ExplicitPrecompiledModules/os_workgroup-EFRDIUXDEK8HH7PLY0827XL9L.dia -fsystem-module -fmodule-map-file\=/Applications/Xcode_16.2.app/Contents/Developer/Platforms/iPhoneOS.platform/Developer/SDKs/iPhoneOS18.2.sdk/usr/include/os.modulemap -fmodule-map-file\=/Applications/Xcode_16.2.app/Contents/Developer/Platforms/iPhoneOS.platform/Developer/SDKs/iPhoneOS18.2.sdk/usr/include/Darwin.modulemap -fmodule-map-file\=/Applications/Xcode_16.2.app/Contents/Developer/Platforms/iPhoneOS.platform/Developer/SDKs/iPhoneOS18.2.sdk/usr/include/DarwinBasic.modulemap -fmodule-map-file\=/Applications/Xcode_16.2.app/Contents/Developer/Platforms/iPhoneOS.platform/Developer/SDKs/iPhoneOS18.2.sdk/usr/include/c_standard_library.modulemap -fmodule-map-file\=/Applications/Xcode_16.2.app/Contents/Developer/Platforms/iPhoneOS.platform/Developer/SDKs/iPhoneOS18.2.sdk/usr/include/os_availability.modulemap -fmodule-map-file\=/Applications/Xcode_16.2.app/Contents/Developer/Toolchains/XcodeDefault.xctoolchain/usr/lib/clang/16/include/module.modulemap -o /Users/runner/Library/Developer/Xcode/DerivedData/idownloadd-buyibqeibzuaejeouuwsxitpvtst/Build/Intermediates.noindex/ArchiveIntermediates/idownloadd/IntermediateBuildFilesPath/ExplicitPrecompiledModules/os_workgroup-EFRDIUXDEK8HH7PLY0827XL9L.pcm -disable-free -emit-module -x c /Applications/Xcode_16.2.app/Contents/Developer/Platforms/iPhoneOS.platform/Developer/SDKs/iPhoneOS.sdk/usr/include/os.modulemap -target-abi darwinpcs -target-cpu apple-a7 -target-feature +v8a -target-feature +aes -target-feature +fp-armv8 -target-feature +sha2 -target-feature +neon -target-feature +zcm -target-feature +zcz -triple arm64-apple-ios15.0.0 -target-linker-version 1115.7.3 -target-sdk-version\=18.2 -fmodules-validate-system-headers -fno-modules-prune-non-affecting-module-map-files -fno-modulemap-allow-subdirectory-search -isysroot /Applications/Xcode_16.2.app/Contents/Developer/Platforms/iPhoneOS.platform/Developer/SDKs/iPhoneOS18.2.sdk -resource-dir /Applications/Xcode_16.2.app/Contents/Developer/Toolchains/XcodeDefault.xctoolchain/usr/lib/clang/16 -fmodule-format\=obj -fmodule-file\=Darwin\=/Users/runner/Library/Developer/Xcode/DerivedData/idownloadd-buyibqeibzuaejeouuwsxitpvtst/Build/Intermediates.noindex/ArchiveIntermediates/idownloadd/IntermediateBuildFilesPath/ExplicitPrecompiledModules/Darwin-3QJOHIG9PKR0N90JWN4ZEXUFW.pcm -fmodule-file\=_Builtin_stdbool\=/Users/runner/Library/Developer/Xcode/DerivedData/idownloadd-buyibqeibzuaejeouuwsxitpvtst/Build/Intermediates.noindex/ArchiveIntermediates/idownloadd/IntermediateBuildFilesPath/ExplicitPrecompiledModules/_Builtin_stdbool-7WFJALECAZXT3UZ8V1IGX0REG.pcm -fmodule-file\=_Builtin_stddef\=/Users/runner/Library/Developer/Xcode/DerivedData/idownloadd-buyibqeibzuaejeouuwsxitpvtst/Build/Intermediates.noindex/ArchiveIntermediates/idownloadd/IntermediateBuildFilesPath/ExplicitPrecompiledModules/_Builtin_stddef-4DDFN0QOMUUWZWGJG3KUVJ4JM.pcm -fmodule-file\=_Builtin_stdint\=/Users/runner/Library/Developer/Xcode/DerivedData/idownloadd-buyibqeibzuaejeouuwsxitpvtst/Build/Intermediates.noindex/ArchiveIntermediates/idownloadd/IntermediateBuildFilesPath/ExplicitPrecompiledModules/_Builtin_stdint-32IPPNUXMK5UKGPFP899IRCD3.pcm -fmodule-file\=_stdlib\=/Users/runner/Library/Developer/Xcode/DerivedData/idownloadd-buyibqeibzuaejeouuwsxitpvtst/Build/Intermediates.noindex/ArchiveIntermediates/idownloadd/IntermediateBuildFilesPath/ExplicitPrecompiledModules/_stdlib-AV9PM2UWEL2LUZXDCYIDYCS1J.pcm -fmodule-file\=_string\=/Users/runner/Library/Developer/Xcode/DerivedData/idownloadd-buyibqeibzuaejeouuwsxitpvtst/Build/Intermediates.noindex/ArchiveIntermediates/idownloadd/IntermediateBuildFilesPath/ExplicitPrecompiledModules/_string-D1DUFT43J4K5DK88U1Y94OPO6.pcm -fmodule-file\=os_availability\=/Users/runner/Library/Developer/Xcode/DerivedData/idownloadd-buyibqeibzuaejeouuwsxitpvtst/Build/Intermediates.noindex/ArchiveIntermediates/idownloadd/IntermediateBuildFilesPath/ExplicitPrecompiledModules/os_availability-8QAK4H1NV59LBT8PA90U4FAD4.pcm -fmodule-file\=os_object\=/Users/runner/Library/Developer/Xcode/DerivedData/idownloadd-buyibqeibzuaejeouuwsxitpvtst/Build/Intermediates.noindex/ArchiveIntermediates/idownloadd/IntermediateBuildFilesPath/ExplicitPrecompiledModules/os_object-90W3HENA8TI0YB5EWSMNX0610.pcm -fmodule-file\=sys_types\=/Users/runner/Library/Developer/Xcode/DerivedData/idownloadd-buyibqeibzuaejeouuwsxitpvtst/Build/Intermediates.noindex/ArchiveIntermediates/idownloadd/IntermediateBuildFilesPath/ExplicitPrecompiledModules/sys_types-BGK65GR37NPNEIVS63OSTMZOC.pcm -I /Users/runner/work/dopamine-extended/dopamine-extended/Dopamine/BaseBin/.include -isystem /Applications/Xcode_16.2.app/Contents/Developer/Toolchains/XcodeDefault.xctoolchain/usr/lib/clang/16/include -internal-externc-isystem /Applications/Xcode_16.2.app/Contents/Developer/Platforms/iPhoneOS.platform/Developer/SDKs/iPhoneOS18.2.sdk/usr/include -ivfsstatcache /Users/runner/Library/Developer/Xcode/DerivedData/SDKStatCaches.noindex/iphoneos18.2-22C146-6f6929c68f51360d5ca70a73a7e0c2f9.sdkstatcache -std\=gnu11 -fmodules -fmodule-name\=os_workgroup -fmodules-search-all -fno-implicit-modules -fmax-type-align\=16 -fstack-check -mdarwin-stkchk-strong-link -fno-odr-hash-protocols -pic-level 2 -disable-objc-default-synthesize-properties -stack-protector 1 -fgnuc-version\=4.2.1 -fblocks -ffp-contract\=off -fclang-abi-compat\=4.0 -fno-experimental-relative-c++-abi-vtables -fno-file-reproducible -clang-vendor-feature\=+disableNonDependentMemberExprInCurrentInstantiation -clang-vendor-feature\=+enableAggressiveVLAFolding -clang-vendor-feature\=+revert09abecef7bbf -clang-vendor-feature\=+thisNoAlignAttr -clang-vendor-feature\=+thisNoNullAttr -clang-vendor-feature\=+disableAtImportPrivateFrameworkInImplementationError -O2 -fcommon -fno-sanitize-address-use-odr-indicator -fno-sanitize-memory-param-retval -fmerge-all-constants -fno-verbose-asm -fregister-global-dtors-with-atexit -fno-use-init-array -funique-basic-block-section-names -dwarf-version\=4 -debugger-tuning\=lldb -llvm-verify-each -dwarf-ext-refs -no-struct-path-tbaa -fexperimental-assignment-tracking\=disabled -no-enable-noundef-analysis -stack-protector-buffer-size 0 -finline-functions -debug-info-kind\=standalone -Os -fno-unroll-loops -fdiagnostics-hotness-threshold\=0 -fdiagnostics-misexpect-tolerance\=0 -fno-split-cold-code -D __GCC_HAVE_DWARF2_CFI_ASM\=1 -MT moduledependenciestarget -dependency-file /Users/runner/Library/Developer/Xcode/DerivedData/idownloadd-buyibqeibzuaejeouuwsxitpvtst/Build/Intermediates.noindex/ArchiveIntermediates/idownloadd/IntermediateBuildFilesPath/ExplicitPrecompiledModules/os_workgroup-EFRDIUXDEK8HH7PLY0827XL9L.d -skip-unused-modulemap-deps

PrecompileModule /Users/runner/Library/Developer/Xcode/DerivedData/idownloadd-buyibqeibzuaejeouuwsxitpvtst/Build/Intermediates.noindex/ArchiveIntermediates/idownloadd/IntermediateBuildFilesPath/ExplicitPrecompiledModules/Dispatch-5G3YWQH94FMTSP1ECOA9YOYBQ.scan
    cd /Users/runner/work/dopamine-extended/dopamine-extended/Dopamine/BaseBin/idownloadd/src
    builtin-precompileModule /Users/runner/Library/Developer/Xcode/DerivedData/idownloadd-buyibqeibzuaejeouuwsxitpvtst/Build/Intermediates.noindex/ArchiveIntermediates/idownloadd/IntermediateBuildFilesPath/ExplicitPrecompiledModules/Dispatch-5G3YWQH94FMTSP1ECOA9YOYBQ.scan
/Applications/Xcode_16.2.app/Contents/Developer/Toolchains/XcodeDefault.xctoolchain/usr/bin/clang -cc1 -fdiagnostics-show-note-include-stack -fmacro-backtrace-limit\=0 -ferror-limit 19 -serialize-diagnostic-file /Users/runner/Library/Developer/Xcode/DerivedData/idownloadd-buyibqeibzuaejeouuwsxitpvtst/Build/Intermediates.noindex/ArchiveIntermediates/idownloadd/IntermediateBuildFilesPath/ExplicitPrecompiledModules/Dispatch-5G3YWQH94FMTSP1ECOA9YOYBQ.dia -fsystem-module -fmodule-map-file\=/Applications/Xcode_16.2.app/Contents/Developer/Platforms/iPhoneOS.platform/Developer/SDKs/iPhoneOS18.2.sdk/usr/include/os.modulemap -fmodule-map-file\=/Applications/Xcode_16.2.app/Contents/Developer/Platforms/iPhoneOS.platform/Developer/SDKs/iPhoneOS18.2.sdk/usr/include/Darwin.modulemap -fmodule-map-file\=/Applications/Xcode_16.2.app/Contents/Developer/Platforms/iPhoneOS.platform/Developer/SDKs/iPhoneOS18.2.sdk/usr/include/DarwinBasic.modulemap -fmodule-map-file\=/Applications/Xcode_16.2.app/Contents/Developer/Platforms/iPhoneOS.platform/Developer/SDKs/iPhoneOS18.2.sdk/usr/include/c_standard_library.modulemap -fmodule-map-file\=/Applications/Xcode_16.2.app/Contents/Developer/Platforms/iPhoneOS.platform/Developer/SDKs/iPhoneOS18.2.sdk/usr/include/DarwinFoundation.modulemap -fmodule-map-file\=/Applications/Xcode_16.2.app/Contents/Developer/Platforms/iPhoneOS.platform/Developer/SDKs/iPhoneOS18.2.sdk/usr/include/os_availability.modulemap -fmodule-map-file\=/Applications/Xcode_16.2.app/Contents/Developer/Platforms/iPhoneOS.platform/Developer/SDKs/iPhoneOS18.2.sdk/usr/include/TargetConditionals.modulemap -fmodule-map-file\=/Applications/Xcode_16.2.app/Contents/Developer/Toolchains/XcodeDefault.xctoolchain/usr/lib/clang/16/include/module.modulemap -o /Users/runner/Library/Developer/Xcode/DerivedData/idownloadd-buyibqeibzuaejeouuwsxitpvtst/Build/Intermediates.noindex/ArchiveIntermediates/idownloadd/IntermediateBuildFilesPath/ExplicitPrecompiledModules/Dispatch-5G3YWQH94FMTSP1ECOA9YOYBQ.pcm -disable-free -emit-module -x c /Applications/Xcode_16.2.app/Contents/Developer/Platforms/iPhoneOS.platform/Developer/SDKs/iPhoneOS.sdk/usr/include/dispatch.modulemap -target-abi darwinpcs -target-cpu apple-a7 -target-feature +v8a -target-feature +aes -target-feature +fp-armv8 -target-feature +sha2 -target-feature +neon -target-feature +zcm -target-feature +zcz -triple arm64-apple-ios15.0.0 -target-linker-version 1115.7.3 -target-sdk-version\=18.2 -fmodules-validate-system-headers -fno-modules-prune-non-affecting-module-map-files -fno-modulemap-allow-subdirectory-search -isysroot /Applications/Xcode_16.2.app/Contents/Developer/Platforms/iPhoneOS.platform/Developer/SDKs/iPhoneOS18.2.sdk -resource-dir /Applications/Xcode_16.2.app/Contents/Developer/Toolchains/XcodeDefault.xctoolchain/usr/lib/clang/16 -fmodule-format\=obj -fmodule-file\=Darwin\=/Users/runner/Library/Developer/Xcode/DerivedData/idownloadd-buyibqeibzuaejeouuwsxitpvtst/Build/Intermediates.noindex/ArchiveIntermediates/idownloadd/IntermediateBuildFilesPath/ExplicitPrecompiledModules/Darwin-3QJOHIG9PKR0N90JWN4ZEXUFW.pcm -fmodule-file\=DarwinFoundation\=/Users/runner/Library/Developer/Xcode/DerivedData/idownloadd-buyibqeibzuaejeouuwsxitpvtst/Build/Intermediates.noindex/ArchiveIntermediates/idownloadd/IntermediateBuildFilesPath/ExplicitPrecompiledModules/DarwinFoundation-BS732VSG5ERO13MLOL3IHMHDZ.pcm -fmodule-file\=TargetConditionals\=/Users/runner/Library/Developer/Xcode/DerivedData/idownloadd-buyibqeibzuaejeouuwsxitpvtst/Build/Intermediates.noindex/ArchiveIntermediates/idownloadd/IntermediateBuildFilesPath/ExplicitPrecompiledModules/TargetConditionals-9V4RLKLXN2F3W8RNHJ7SQSDOI.pcm -fmodule-file\=_Builtin_stdarg\=/Users/runner/Library/Developer/Xcode/DerivedData/idownloadd-buyibqeibzuaejeouuwsxitpvtst/Build/Intermediates.noindex/ArchiveIntermediates/idownloadd/IntermediateBuildFilesPath/ExplicitPrecompiledModules/_Builtin_stdarg-85XMVA4EBLUBYQG2S1KBK3OUM.pcm -fmodule-file\=_Builtin_stdbool\=/Users/runner/Library/Developer/Xcode/DerivedData/idownloadd-buyibqeibzuaejeouuwsxitpvtst/Build/Intermediates.noindex/ArchiveIntermediates/idownloadd/IntermediateBuildFilesPath/ExplicitPrecompiledModules/_Builtin_stdbool-7WFJALECAZXT3UZ8V1IGX0REG.pcm -fmodule-file\=_Builtin_stddef\=/Users/runner/Library/Developer/Xcode/DerivedData/idownloadd-buyibqeibzuaejeouuwsxitpvtst/Build/Intermediates.noindex/ArchiveIntermediates/idownloadd/IntermediateBuildFilesPath/ExplicitPrecompiledModules/_Builtin_stddef-4DDFN0QOMUUWZWGJG3KUVJ4JM.pcm -fmodule-file\=_Builtin_stdint\=/Users/runner/Library/Developer/Xcode/DerivedData/idownloadd-buyibqeibzuaejeouuwsxitpvtst/Build/Intermediates.noindex/ArchiveIntermediates/idownloadd/IntermediateBuildFilesPath/ExplicitPrecompiledModules/_Builtin_stdint-32IPPNUXMK5UKGPFP899IRCD3.pcm -fmodule-file\=_signal\=/Users/runner/Library/Developer/Xcode/DerivedData/idownloadd-buyibqeibzuaejeouuwsxitpvtst/Build/Intermediates.noindex/ArchiveIntermediates/idownloadd/IntermediateBuildFilesPath/ExplicitPrecompiledModules/_signal-3PE5O078I8SXXPPALB0REGJPZ.pcm -fmodule-file\=_string\=/Users/runner/Library/Developer/Xcode/DerivedData/idownloadd-buyibqeibzuaejeouuwsxitpvtst/Build/Intermediates.noindex/ArchiveIntermediates/idownloadd/IntermediateBuildFilesPath/ExplicitPrecompiledModules/_string-D1DUFT43J4K5DK88U1Y94OPO6.pcm -fmodule-file\=os_availability\=/Users/runner/Library/Developer/Xcode/DerivedData/idownloadd-buyibqeibzuaejeouuwsxitpvtst/Build/Intermediates.noindex/ArchiveIntermediates/idownloadd/IntermediateBuildFilesPath/ExplicitPrecompiledModules/os_availability-8QAK4H1NV59LBT8PA90U4FAD4.pcm -fmodule-file\=os_object\=/Users/runner/Library/Developer/Xcode/DerivedData/idownloadd-buyibqeibzuaejeouuwsxitpvtst/Build/Intermediates.noindex/ArchiveIntermediates/idownloadd/IntermediateBuildFilesPath/ExplicitPrecompiledModules/os_object-90W3HENA8TI0YB5EWSMNX0610.pcm -fmodule-file\=os_workgroup\=/Users/runner/Library/Developer/Xcode/DerivedData/idownloadd-buyibqeibzuaejeouuwsxitpvtst/Build/Intermediates.noindex/ArchiveIntermediates/idownloadd/IntermediateBuildFilesPath/ExplicitPrecompiledModules/os_workgroup-EFRDIUXDEK8HH7PLY0827XL9L.pcm -fmodule-file\=sys_types\=/Users/runner/Library/Developer/Xcode/DerivedData/idownloadd-buyibqeibzuaejeouuwsxitpvtst/Build/Intermediates.noindex/ArchiveIntermediates/idownloadd/IntermediateBuildFilesPath/ExplicitPrecompiledModules/sys_types-BGK65GR37NPNEIVS63OSTMZOC.pcm -fmodule-file\=unistd\=/Users/runner/Library/Developer/Xcode/DerivedData/idownloadd-buyibqeibzuaejeouuwsxitpvtst/Build/Intermediates.noindex/ArchiveIntermediates/idownloadd/IntermediateBuildFilesPath/ExplicitPrecompiledModules/unistd-96PVF05U2AGQ7ZVA7GAB45NAY.pcm -I /Users/runner/work/dopamine-extended/dopamine-extended/Dopamine/BaseBin/.include -isystem /Applications/Xcode_16.2.app/Contents/Developer/Toolchains/XcodeDefault.xctoolchain/usr/lib/clang/16/include -internal-externc-isystem /Applications/Xcode_16.2.app/Contents/Developer/Platforms/iPhoneOS.platform/Developer/SDKs/iPhoneOS18.2.sdk/usr/include -ivfsstatcache /Users/runner/Library/Developer/Xcode/DerivedData/SDKStatCaches.noindex/iphoneos18.2-22C146-6f6929c68f51360d5ca70a73a7e0c2f9.sdkstatcache -std\=gnu11 -fmodules -fmodule-name\=Dispatch -fmodules-search-all -fno-implicit-modules -fmax-type-align\=16 -fstack-check -mdarwin-stkchk-strong-link -fno-odr-hash-protocols -pic-level 2 -disable-objc-default-synthesize-properties -stack-protector 1 -fgnuc-version\=4.2.1 -fblocks -ffp-contract\=off -fclang-abi-compat\=4.0 -fno-experimental-relative-c++-abi-vtables -fno-file-reproducible -clang-vendor-feature\=+disableNonDependentMemberExprInCurrentInstantiation -clang-vendor-feature\=+enableAggressiveVLAFolding -clang-vendor-feature\=+revert09abecef7bbf -clang-vendor-feature\=+thisNoAlignAttr -clang-vendor-feature\=+thisNoNullAttr -clang-vendor-feature\=+disableAtImportPrivateFrameworkInImplementationError -O2 -fcommon -fno-sanitize-address-use-odr-indicator -fno-sanitize-memory-param-retval -fmerge-all-constants -fno-verbose-asm -fregister-global-dtors-with-atexit -fno-use-init-array -funique-basic-block-section-names -dwarf-version\=4 -debugger-tuning\=lldb -llvm-verify-each -dwarf-ext-refs -no-struct-path-tbaa -fexperimental-assignment-tracking\=disabled -no-enable-noundef-analysis -stack-protector-buffer-size 0 -finline-functions -debug-info-kind\=standalone -Os -fno-unroll-loops -fdiagnostics-hotness-threshold\=0 -fdiagnostics-misexpect-tolerance\=0 -fno-split-cold-code -D __GCC_HAVE_DWARF2_CFI_ASM\=1 -MT moduledependenciestarget -dependency-file /Users/runner/Library/Developer/Xcode/DerivedData/idownloadd-buyibqeibzuaejeouuwsxitpvtst/Build/Intermediates.noindex/ArchiveIntermediates/idownloadd/IntermediateBuildFilesPath/ExplicitPrecompiledModules/Dispatch-5G3YWQH94FMTSP1ECOA9YOYBQ.d -skip-unused-modulemap-deps

PrecompileModule /Users/runner/Library/Developer/Xcode/DerivedData/idownloadd-buyibqeibzuaejeouuwsxitpvtst/Build/Intermediates.noindex/ArchiveIntermediates/idownloadd/IntermediateBuildFilesPath/ExplicitPrecompiledModules/XPC-6V7HGQLKUBZDN69VDM22712PN.scan
    cd /Users/runner/work/dopamine-extended/dopamine-extended/Dopamine/BaseBin/idownloadd/src
    builtin-precompileModule /Users/runner/Library/Developer/Xcode/DerivedData/idownloadd-buyibqeibzuaejeouuwsxitpvtst/Build/Intermediates.noindex/ArchiveIntermediates/idownloadd/IntermediateBuildFilesPath/ExplicitPrecompiledModules/XPC-6V7HGQLKUBZDN69VDM22712PN.scan
/Applications/Xcode_16.2.app/Contents/Developer/Toolchains/XcodeDefault.xctoolchain/usr/bin/clang -cc1 -fdiagnostics-show-note-include-stack -fmacro-backtrace-limit\=0 -ferror-limit 19 -serialize-diagnostic-file /Users/runner/Library/Developer/Xcode/DerivedData/idownloadd-buyibqeibzuaejeouuwsxitpvtst/Build/Intermediates.noindex/ArchiveIntermediates/idownloadd/IntermediateBuildFilesPath/ExplicitPrecompiledModules/XPC-6V7HGQLKUBZDN69VDM22712PN.dia -fsystem-module -fmodule-map-file\=/Applications/Xcode_16.2.app/Contents/Developer/Platforms/iPhoneOS.platform/Developer/SDKs/iPhoneOS18.2.sdk/usr/include/dispatch.modulemap -fmodule-map-file\=/Applications/Xcode_16.2.app/Contents/Developer/Platforms/iPhoneOS.platform/Developer/SDKs/iPhoneOS18.2.sdk/usr/include/os.modulemap -fmodule-map-file\=/Applications/Xcode_16.2.app/Contents/Developer/Platforms/iPhoneOS.platform/Developer/SDKs/iPhoneOS18.2.sdk/usr/include/Darwin.modulemap -fmodule-map-file\=/Applications/Xcode_16.2.app/Contents/Developer/Platforms/iPhoneOS.platform/Developer/SDKs/iPhoneOS18.2.sdk/usr/include/DarwinBasic.modulemap -fmodule-map-file\=/Applications/Xcode_16.2.app/Contents/Developer/Platforms/iPhoneOS.platform/Developer/SDKs/iPhoneOS18.2.sdk/usr/include/c_standard_library.modulemap -fmodule-map-file\=/Applications/Xcode_16.2.app/Contents/Developer/Platforms/iPhoneOS.platform/Developer/SDKs/iPhoneOS18.2.sdk/usr/include/DarwinFoundation.modulemap -fmodule-map-file\=/Applications/Xcode_16.2.app/Contents/Developer/Platforms/iPhoneOS.platform/Developer/SDKs/iPhoneOS18.2.sdk/usr/include/os_availability.modulemap -fmodule-map-file\=/Applications/Xcode_16.2.app/Contents/Developer/Toolchains/XcodeDefault.xctoolchain/usr/lib/clang/16/include/module.modulemap -o /Users/runner/Library/Developer/Xcode/DerivedData/idownloadd-buyibqeibzuaejeouuwsxitpvtst/Build/Intermediates.noindex/ArchiveIntermediates/idownloadd/IntermediateBuildFilesPath/ExplicitPrecompiledModules/XPC-6V7HGQLKUBZDN69VDM22712PN.pcm -disable-free -emit-module -x c /Applications/Xcode_16.2.app/Contents/Developer/Platforms/iPhoneOS.platform/Developer/SDKs/iPhoneOS.sdk/usr/include/xpc.modulemap -target-abi darwinpcs -target-cpu apple-a7 -target-feature +v8a -target-feature +aes -target-feature +fp-armv8 -target-feature +sha2 -target-feature +neon -target-feature +zcm -target-feature +zcz -triple arm64-apple-ios15.0.0 -target-linker-version 1115.7.3 -target-sdk-version\=18.2 -fmodules-validate-system-headers -fno-modules-prune-non-affecting-module-map-files -fno-modulemap-allow-subdirectory-search -isysroot /Applications/Xcode_16.2.app/Contents/Developer/Platforms/iPhoneOS.platform/Developer/SDKs/iPhoneOS18.2.sdk -resource-dir /Applications/Xcode_16.2.app/Contents/Developer/Toolchains/XcodeDefault.xctoolchain/usr/lib/clang/16 -fmodule-format\=obj -fmodule-file\=Darwin\=/Users/runner/Library/Developer/Xcode/DerivedData/idownloadd-buyibqeibzuaejeouuwsxitpvtst/Build/Intermediates.noindex/ArchiveIntermediates/idownloadd/IntermediateBuildFilesPath/ExplicitPrecompiledModules/Darwin-3QJOHIG9PKR0N90JWN4ZEXUFW.pcm -fmodule-file\=DarwinFoundation\=/Users/runner/Library/Developer/Xcode/DerivedData/idownloadd-buyibqeibzuaejeouuwsxitpvtst/Build/Intermediates.noindex/ArchiveIntermediates/idownloadd/IntermediateBuildFilesPath/ExplicitPrecompiledModules/DarwinFoundation-BS732VSG5ERO13MLOL3IHMHDZ.pcm -fmodule-file\=Dispatch\=/Users/runner/Library/Developer/Xcode/DerivedData/idownloadd-buyibqeibzuaejeouuwsxitpvtst/Build/Intermediates.noindex/ArchiveIntermediates/idownloadd/IntermediateBuildFilesPath/ExplicitPrecompiledModules/Dispatch-5G3YWQH94FMTSP1ECOA9YOYBQ.pcm -fmodule-file\=_Builtin_stdarg\=/Users/runner/Library/Developer/Xcode/DerivedData/idownloadd-buyibqeibzuaejeouuwsxitpvtst/Build/Intermediates.noindex/ArchiveIntermediates/idownloadd/IntermediateBuildFilesPath/ExplicitPrecompiledModules/_Builtin_stdarg-85XMVA4EBLUBYQG2S1KBK3OUM.pcm -fmodule-file\=_Builtin_stdbool\=/Users/runner/Library/Developer/Xcode/DerivedData/idownloadd-buyibqeibzuaejeouuwsxitpvtst/Build/Intermediates.noindex/ArchiveIntermediates/idownloadd/IntermediateBuildFilesPath/ExplicitPrecompiledModules/_Builtin_stdbool-7WFJALECAZXT3UZ8V1IGX0REG.pcm -fmodule-file\=_Builtin_stddef\=/Users/runner/Library/Developer/Xcode/DerivedData/idownloadd-buyibqeibzuaejeouuwsxitpvtst/Build/Intermediates.noindex/ArchiveIntermediates/idownloadd/IntermediateBuildFilesPath/ExplicitPrecompiledModules/_Builtin_stddef-4DDFN0QOMUUWZWGJG3KUVJ4JM.pcm -fmodule-file\=_Builtin_stdint\=/Users/runner/Library/Developer/Xcode/DerivedData/idownloadd-buyibqeibzuaejeouuwsxitpvtst/Build/Intermediates.noindex/ArchiveIntermediates/idownloadd/IntermediateBuildFilesPath/ExplicitPrecompiledModules/_Builtin_stdint-32IPPNUXMK5UKGPFP899IRCD3.pcm -fmodule-file\=_stdio\=/Users/runner/Library/Developer/Xcode/DerivedData/idownloadd-buyibqeibzuaejeouuwsxitpvtst/Build/Intermediates.noindex/ArchiveIntermediates/idownloadd/IntermediateBuildFilesPath/ExplicitPrecompiledModules/_stdio-BP3T39SFCFXHXKAOZDCAR0PP7.pcm -fmodule-file\=_stdlib\=/Users/runner/Library/Developer/Xcode/DerivedData/idownloadd-buyibqeibzuaejeouuwsxitpvtst/Build/Intermediates.noindex/ArchiveIntermediates/idownloadd/IntermediateBuildFilesPath/ExplicitPrecompiledModules/_stdlib-AV9PM2UWEL2LUZXDCYIDYCS1J.pcm -fmodule-file\=_string\=/Users/runner/Library/Developer/Xcode/DerivedData/idownloadd-buyibqeibzuaejeouuwsxitpvtst/Build/Intermediates.noindex/ArchiveIntermediates/idownloadd/IntermediateBuildFilesPath/ExplicitPrecompiledModules/_string-D1DUFT43J4K5DK88U1Y94OPO6.pcm -fmodule-file\=os_availability\=/Users/runner/Library/Developer/Xcode/DerivedData/idownloadd-buyibqeibzuaejeouuwsxitpvtst/Build/Intermediates.noindex/ArchiveIntermediates/idownloadd/IntermediateBuildFilesPath/ExplicitPrecompiledModules/os_availability-8QAK4H1NV59LBT8PA90U4FAD4.pcm -fmodule-file\=os_object\=/Users/runner/Library/Developer/Xcode/DerivedData/idownloadd-buyibqeibzuaejeouuwsxitpvtst/Build/Intermediates.noindex/ArchiveIntermediates/idownloadd/IntermediateBuildFilesPath/ExplicitPrecompiledModules/os_object-90W3HENA8TI0YB5EWSMNX0610.pcm -fmodule-file\=sys_types\=/Users/runner/Library/Developer/Xcode/DerivedData/idownloadd-buyibqeibzuaejeouuwsxitpvtst/Build/Intermediates.noindex/ArchiveIntermediates/idownloadd/IntermediateBuildFilesPath/ExplicitPrecompiledModules/sys_types-BGK65GR37NPNEIVS63OSTMZOC.pcm -fmodule-file\=unistd\=/Users/runner/Library/Developer/Xcode/DerivedData/idownloadd-buyibqeibzuaejeouuwsxitpvtst/Build/Intermediates.noindex/ArchiveIntermediates/idownloadd/IntermediateBuildFilesPath/ExplicitPrecompiledModules/unistd-96PVF05U2AGQ7ZVA7GAB45NAY.pcm -I /Users/runner/work/dopamine-extended/dopamine-extended/Dopamine/BaseBin/.include -isystem /Applications/Xcode_16.2.app/Contents/Developer/Toolchains/XcodeDefault.xctoolchain/usr/lib/clang/16/include -internal-externc-isystem /Applications/Xcode_16.2.app/Contents/Developer/Platforms/iPhoneOS.platform/Developer/SDKs/iPhoneOS18.2.sdk/usr/include -ivfsstatcache /Users/runner/Library/Developer/Xcode/DerivedData/SDKStatCaches.noindex/iphoneos18.2-22C146-6f6929c68f51360d5ca70a73a7e0c2f9.sdkstatcache -std\=gnu11 -fmodules -fmodule-name\=XPC -fmodules-search-all -fno-implicit-modules -fmax-type-align\=16 -fstack-check -mdarwin-stkchk-strong-link -fno-odr-hash-protocols -pic-level 2 -disable-objc-default-synthesize-properties -stack-protector 1 -fgnuc-version\=4.2.1 -fblocks -ffp-contract\=off -fclang-abi-compat\=4.0 -fno-experimental-relative-c++-abi-vtables -fno-file-reproducible -clang-vendor-feature\=+disableNonDependentMemberExprInCurrentInstantiation -clang-vendor-feature\=+enableAggressiveVLAFolding -clang-vendor-feature\=+revert09abecef7bbf -clang-vendor-feature\=+thisNoAlignAttr -clang-vendor-feature\=+thisNoNullAttr -clang-vendor-feature\=+disableAtImportPrivateFrameworkInImplementationError -O2 -fcommon -fno-sanitize-address-use-odr-indicator -fno-sanitize-memory-param-retval -fmerge-all-constants -fno-verbose-asm -fregister-global-dtors-with-atexit -fno-use-init-array -funique-basic-block-section-names -dwarf-version\=4 -debugger-tuning\=lldb -llvm-verify-each -dwarf-ext-refs -no-struct-path-tbaa -fexperimental-assignment-tracking\=disabled -no-enable-noundef-analysis -stack-protector-buffer-size 0 -finline-functions -debug-info-kind\=standalone -Os -fno-unroll-loops -fdiagnostics-hotness-threshold\=0 -fdiagnostics-misexpect-tolerance\=0 -fno-split-cold-code -D __GCC_HAVE_DWARF2_CFI_ASM\=1 -MT moduledependenciestarget -dependency-file /Users/runner/Library/Developer/Xcode/DerivedData/idownloadd-buyibqeibzuaejeouuwsxitpvtst/Build/Intermediates.noindex/ArchiveIntermediates/idownloadd/IntermediateBuildFilesPath/ExplicitPrecompiledModules/XPC-6V7HGQLKUBZDN69VDM22712PN.d -skip-unused-modulemap-deps

CompileC /Users/runner/Library/Developer/Xcode/DerivedData/idownloadd-buyibqeibzuaejeouuwsxitpvtst/Build/Intermediates.noindex/ArchiveIntermediates/idownloadd/IntermediateBuildFilesPath/idownloadd.build/Release-iphoneos/idownloadd.build/Objects-normal/arm64/shim.o /Users/runner/work/dopamine-extended/dopamine-extended/Dopamine/BaseBin/idownloadd/src/idownloadd/shim.c normal arm64 c com.apple.compilers.llvm.clang.1_0.compiler (in target 'idownloadd' from project 'idownloadd')
    cd /Users/runner/work/dopamine-extended/dopamine-extended/Dopamine/BaseBin/idownloadd/src
    
    Using response file: /Users/runner/Library/Developer/Xcode/DerivedData/idownloadd-buyibqeibzuaejeouuwsxitpvtst/Build/Intermediates.noindex/ArchiveIntermediates/idownloadd/IntermediateBuildFilesPath/idownloadd.build/Release-iphoneos/idownloadd.build/Objects-normal/arm64/7187679823f38a2a940e0043cdf9d637-common-args.resp
    
    /Applications/Xcode_16.2.app/Contents/Developer/Toolchains/XcodeDefault.xctoolchain/usr/bin/clang -x c -ivfsstatcache /Users/runner/Library/Developer/Xcode/DerivedData/SDKStatCaches.noindex/iphoneos18.2-22C146-6f6929c68f51360d5ca70a73a7e0c2f9.sdkstatcache -fmessage-length\=0 -fdiagnostics-show-note-include-stack -fmacro-backtrace-limit\=0 -fno-color-diagnostics -fmodules-prune-interval\=86400 -fmodules-prune-after\=345600 -fbuild-session-file\=/Users/runner/Library/Developer/Xcode/DerivedData/ModuleCache.noindex/Session.modulevalidation -fmodules-validate-once-per-build-session -Wnon-modular-include-in-framework-module -Werror\=non-modular-include-in-framework-module -Wno-trigraphs -Wno-missing-field-initializers -Wno-missing-prototypes -Werror\=return-type -Wdocumentation -Wunreachable-code -Wquoted-include-in-framework-header -Werror\=deprecated-objc-isa-usage -Werror\=objc-root-class -Wno-missing-braces -Wparentheses -Wswitch -Wunused-function -Wno-unused-label -Wno-unused-parameter -Wunused-variable -Wunused-value -Wempty-body -Wuninitialized -Wconditional-uninitialized -Wno-unknown-pragmas -Wno-shadow -Wno-four-char-constants -Wno-conversion -Wconstant-conversion -Wint-conversion -Wbool-conversion -Wenum-conversion -Wno-float-conversion -Wnon-literal-null-conversion -Wobjc-literal-conversion -Wshorten-64-to-32 -Wpointer-sign -Wno-newline-eof -Wno-implicit-fallthrough -fstrict-aliasing -Wdeprecated-declarations -Wno-sign-conversion -Winfinite-recursion -Wcomma -Wblock-capture-autoreleasing -Wstrict-prototypes -Wno-semicolon-before-method-body -Wunguarded-availability @/Users/runner/Library/Developer/Xcode/DerivedData/idownloadd-buyibqeibzuaejeouuwsxitpvtst/Build/Intermediates.noindex/ArchiveIntermediates/idownloadd/IntermediateBuildFilesPath/idownloadd.build/Release-iphoneos/idownloadd.build/Objects-normal/arm64/7187679823f38a2a940e0043cdf9d637-common-args.resp -MMD -MT dependencies -MF /Users/runner/Library/Developer/Xcode/DerivedData/idownloadd-buyibqeibzuaejeouuwsxitpvtst/Build/Intermediates.noindex/ArchiveIntermediates/idownloadd/IntermediateBuildFilesPath/idownloadd.build/Release-iphoneos/idownloadd.build/Objects-normal/arm64/shim.d --serialize-diagnostics /Users/runner/Library/Developer/Xcode/DerivedData/idownloadd-buyibqeibzuaejeouuwsxitpvtst/Build/Intermediates.noindex/ArchiveIntermediates/idownloadd/IntermediateBuildFilesPath/idownloadd.build/Release-iphoneos/idownloadd.build/Objects-normal/arm64/shim.dia -c /Users/runner/work/dopamine-extended/dopamine-extended/Dopamine/BaseBin/idownloadd/src/idownloadd/shim.c -o /Users/runner/Library/Developer/Xcode/DerivedData/idownloadd-buyibqeibzuaejeouuwsxitpvtst/Build/Intermediates.noindex/ArchiveIntermediates/idownloadd/IntermediateBuildFilesPath/idownloadd.build/Release-iphoneos/idownloadd.build/Objects-normal/arm64/shim.o
/Applications/Xcode_16.2.app/Contents/Developer/Toolchains/XcodeDefault.xctoolchain/usr/bin/clang -cc1 -Wundef-prefix\=TARGET_OS_ -fdiagnostics-show-note-include-stack -fmacro-backtrace-limit\=0 -ferror-limit 19 -serialize-diagnostic-file /Users/runner/Library/Developer/Xcode/DerivedData/idownloadd-buyibqeibzuaejeouuwsxitpvtst/Build/Intermediates.noindex/ArchiveIntermediates/idownloadd/IntermediateBuildFilesPath/idownloadd.build/Release-iphoneos/idownloadd.build/Objects-normal/arm64/shim.dia -Wdeprecated-objc-isa-usage -Werror\=deprecated-objc-isa-usage -Werror\=implicit-function-declaration -Wnon-modular-include-in-framework-module -Werror\=non-modular-include-in-framework-module -Wno-trigraphs -Wno-missing-field-initializers -Wno-missing-prototypes -Werror\=return-type -Wdocumentation -Wunreachable-code -Wquoted-include-in-framework-header -Werror\=deprecated-objc-isa-usage -Werror\=objc-root-class -Wno-missing-braces -Wparentheses -Wswitch -Wunused-function -Wno-unused-label -Wno-unused-parameter -Wunused-variable -Wunused-value -Wempty-body -Wuninitialized -Wconditional-uninitialized -Wno-unknown-pragmas -Wno-shadow -Wno-four-char-constants -Wno-conversion -Wconstant-conversion -Wint-conversion -Wbool-conversion -Wenum-conversion -Wno-float-conversion -Wnon-literal-null-conversion -Wobjc-literal-conversion -Wshorten-64-to-32 -Wpointer-sign -Wno-newline-eof -Wno-implicit-fallthrough -Wdeprecated-declarations -Wno-sign-conversion -Winfinite-recursion -Wcomma -Wblock-capture-autoreleasing -Wstrict-prototypes -Wno-semicolon-before-method-body -Wunguarded-availability -Wno-reorder-init-list -Wno-implicit-int-float-conversion -Wno-c99-designator -Wno-final-dtor-non-final-class -Wno-extra-semi-stmt -Wno-misleading-indentation -Wno-implicit-fallthrough -Wno-enum-enum-conversion -Wno-enum-float-conversion -Wno-elaborated-enum-base -Wno-reserved-identifier -Wno-gnu-folding-constant -fmodule-map-file\=/Users/runner/Library/Developer/Xcode/DerivedData/idownloadd-buyibqeibzuaejeouuwsxitpvtst/Build/Intermediates.noindex/ArchiveIntermediates/idownloadd/IntermediateBuildFilesPath/GeneratedModuleMaps-iphoneos/SwiftUtils.modulemap -fmodule-map-file\=/Users/runner/Library/Developer/Xcode/DerivedData/idownloadd-buyibqeibzuaejeouuwsxitpvtst/Build/Intermediates.noindex/ArchiveIntermediates/idownloadd/IntermediateBuildFilesPath/GeneratedModuleMaps-iphoneos/iDownload.modulemap -fmodule-map-file\=/Applications/Xcode_16.2.app/Contents/Developer/Platforms/iPhoneOS.platform/Developer/SDKs/iPhoneOS.sdk/usr/include/c_standard_library.modulemap -fmodule-map-file\=/Applications/Xcode_16.2.app/Contents/Developer/Toolchains/XcodeDefault.xctoolchain/usr/lib/clang/16/include/module.modulemap -fmodule-map-file\=/Applications/Xcode_16.2.app/Contents/Developer/Platforms/iPhoneOS.platform/Developer/SDKs/iPhoneOS.sdk/usr/include/c_standard_library.modulemap -fmodule-map-file\=/Applications/Xcode_16.2.app/Contents/Developer/Toolchains/XcodeDefault.xctoolchain/usr/lib/clang/16/include/module.modulemap -fmodule-map-file\=/Applications/Xcode_16.2.app/Contents/Developer/Toolchains/XcodeDefault.xctoolchain/usr/lib/clang/16/include/module.modulemap -fmodule-map-file\=/Applications/Xcode_16.2.app/Contents/Developer/Platforms/iPhoneOS.platform/Developer/SDKs/iPhoneOS.sdk/usr/include/Darwin.modulemap -fmodule-map-file\=/Applications/Xcode_16.2.app/Contents/Developer/Platforms/iPhoneOS.platform/Developer/SDKs/iPhoneOS.sdk/usr/include/c_standard_library.modulemap -fmodule-map-file\=/Applications/Xcode_16.2.app/Contents/Developer/Platforms/iPhoneOS.platform/Developer/SDKs/iPhoneOS.sdk/usr/include/c_standard_library.modulemap -fmodule-map-file\=/Applications/Xcode_16.2.app/Contents/Developer/Platforms/iPhoneOS.platform/Developer/SDKs/iPhoneOS.sdk/usr/include/DarwinBasic.modulemap -fmodule-map-file\=/Applications/Xcode_16.2.app/Contents/Developer/Platforms/iPhoneOS.platform/Developer/SDKs/iPhoneOS.sdk/usr/include/xpc.modulemap -fmodule-map-file\=/Applications/Xcode_16.2.app/Contents/Developer/Platforms/iPhoneOS.platform/Developer/SDKs/iPhoneOS.sdk/usr/include/CommonCrypto/module.modulemap -fmodule-map-file\=/Applications/Xcode_16.2.app/Contents/Developer/Platforms/iPhoneOS.platform/Developer/SDKs/iPhoneOS.sdk/usr/include/MachO.modulemap -fmodule-map-file\=/Applications/Xcode_16.2.app/Contents/Developer/Platforms/iPhoneOS.platform/Developer/SDKs/iPhoneOS.sdk/usr/include/libunwind.modulemap -o /Users/runner/Library/Developer/Xcode/DerivedData/idownloadd-buyibqeibzuaejeouuwsxitpvtst/Build/Intermediates.noindex/ArchiveIntermediates/idownloadd/IntermediateBuildFilesPath/idownloadd.build/Release-iphoneos/idownloadd.build/Objects-normal/arm64/shim.o -disable-free -emit-obj -x c /Users/runner/work/dopamine-extended/dopamine-extended/Dopamine/BaseBin/idownloadd/src/idownloadd/shim.c -target-abi darwinpcs -target-cpu apple-a7 -target-feature +v8a -target-feature +aes -target-feature +fp-armv8 -target-feature +sha2 -target-feature +neon -target-feature +zcm -target-feature +zcz -triple arm64-apple-ios15.0.0 -target-linker-version 1115.7.3 -target-sdk-version\=18.2 -fmodules-validate-system-headers -fno-modulemap-allow-subdirectory-search -isysroot /Applications/Xcode_16.2.app/Contents/Developer/Platforms/iPhoneOS.platform/Developer/SDKs/iPhoneOS18.2.sdk -resource-dir /Applications/Xcode_16.2.app/Contents/Developer/Toolchains/XcodeDefault.xctoolchain/usr/lib/clang/16 -fmodule-format\=obj -fmodule-file\=CommonCrypto\=/Users/runner/Library/Developer/Xcode/DerivedData/idownloadd-buyibqeibzuaejeouuwsxitpvtst/Build/Intermediates.noindex/ArchiveIntermediates/idownloadd/IntermediateBuildFilesPath/ExplicitPrecompiledModules/CommonCrypto-9O1KLGRF76CM3016HNYQP6H9X.pcm -fmodule-file\=Darwin\=/Users/runner/Library/Developer/Xcode/DerivedData/idownloadd-buyibqeibzuaejeouuwsxitpvtst/Build/Intermediates.noindex/ArchiveIntermediates/idownloadd/IntermediateBuildFilesPath/ExplicitPrecompiledModules/Darwin-3QJOHIG9PKR0N90JWN4ZEXUFW.pcm -fmodule-file\=MachO\=/Users/runner/Library/Developer/Xcode/DerivedData/idownloadd-buyibqeibzuaejeouuwsxitpvtst/Build/Intermediates.noindex/ArchiveIntermediates/idownloadd/IntermediateBuildFilesPath/ExplicitPrecompiledModules/MachO-8ISB135OLAOWDN24K70TEZ3I1.pcm -fmodule-file\=XPC\=/Users/runner/Library/Developer/Xcode/DerivedData/idownloadd-buyibqeibzuaejeouuwsxitpvtst/Build/Intermediates.noindex/ArchiveIntermediates/idownloadd/IntermediateBuildFilesPath/ExplicitPrecompiledModules/XPC-6V7HGQLKUBZDN69VDM22712PN.pcm -fmodule-file\=_Builtin_stdbool\=/Users/runner/Library/Developer/Xcode/DerivedData/idownloadd-buyibqeibzuaejeouuwsxitpvtst/Build/Intermediates.noindex/ArchiveIntermediates/idownloadd/IntermediateBuildFilesPath/ExplicitPrecompiledModules/_Builtin_stdbool-7WFJALECAZXT3UZ8V1IGX0REG.pcm -fmodule-file\=_Builtin_stddef\=/Users/runner/Library/Developer/Xcode/DerivedData/idownloadd-buyibqeibzuaejeouuwsxitpvtst/Build/Intermediates.noindex/ArchiveIntermediates/idownloadd/IntermediateBuildFilesPath/ExplicitPrecompiledModules/_Builtin_stddef-4DDFN0QOMUUWZWGJG3KUVJ4JM.pcm -fmodule-file\=_Builtin_stdint\=/Users/runner/Library/Developer/Xcode/DerivedData/idownloadd-buyibqeibzuaejeouuwsxitpvtst/Build/Intermediates.noindex/ArchiveIntermediates/idownloadd/IntermediateBuildFilesPath/ExplicitPrecompiledModules/_Builtin_stdint-32IPPNUXMK5UKGPFP899IRCD3.pcm -fmodule-file\=_math\=/Users/runner/Library/Developer/Xcode/DerivedData/idownloadd-buyibqeibzuaejeouuwsxitpvtst/Build/Intermediates.noindex/ArchiveIntermediates/idownloadd/IntermediateBuildFilesPath/ExplicitPrecompiledModules/_math-EZKJ1LHKS1LXL0XH7LA1S5ACJ.pcm -fmodule-file\=_stdio\=/Users/runner/Library/Developer/Xcode/DerivedData/idownloadd-buyibqeibzuaejeouuwsxitpvtst/Build/Intermediates.noindex/ArchiveIntermediates/idownloadd/IntermediateBuildFilesPath/ExplicitPrecompiledModules/_stdio-BP3T39SFCFXHXKAOZDCAR0PP7.pcm -fmodule-file\=_stdlib\=/Users/runner/Library/Developer/Xcode/DerivedData/idownloadd-buyibqeibzuaejeouuwsxitpvtst/Build/Intermediates.noindex/ArchiveIntermediates/idownloadd/IntermediateBuildFilesPath/ExplicitPrecompiledModules/_stdlib-AV9PM2UWEL2LUZXDCYIDYCS1J.pcm -fmodule-file\=_string\=/Users/runner/Library/Developer/Xcode/DerivedData/idownloadd-buyibqeibzuaejeouuwsxitpvtst/Build/Intermediates.noindex/ArchiveIntermediates/idownloadd/IntermediateBuildFilesPath/ExplicitPrecompiledModules/_string-D1DUFT43J4K5DK88U1Y94OPO6.pcm -fmodule-file\=libunwind\=/Users/runner/Library/Developer/Xcode/DerivedData/idownloadd-buyibqeibzuaejeouuwsxitpvtst/Build/Intermediates.noindex/ArchiveIntermediates/idownloadd/IntermediateBuildFilesPath/ExplicitPrecompiledModules/libunwind-7BX151EIDFUGCRTQKO60GH556.pcm -fmodule-file\=unistd\=/Users/runner/Library/Developer/Xcode/DerivedData/idownloadd-buyibqeibzuaejeouuwsxitpvtst/Build/Intermediates.noindex/ArchiveIntermediates/idownloadd/IntermediateBuildFilesPath/ExplicitPrecompiledModules/unistd-96PVF05U2AGQ7ZVA7GAB45NAY.pcm -I /Users/runner/Library/Developer/Xcode/DerivedData/idownloadd-buyibqeibzuaejeouuwsxitpvtst/Build/Intermediates.noindex/ArchiveIntermediates/idownloadd/IntermediateBuildFilesPath/idownloadd.build/Release-iphoneos/idownloadd.build/idownloadd-own-target-headers.hmap -I /Users/runner/Library/Developer/Xcode/DerivedData/idownloadd-buyibqeibzuaejeouuwsxitpvtst/Build/Intermediates.noindex/ArchiveIntermediates/idownloadd/IntermediateBuildFilesPath/idownloadd.build/Release-iphoneos/idownloadd.build/idownloadd-all-non-framework-target-headers.hmap -I /Users/runner/Library/Developer/Xcode/DerivedData/idownloadd-buyibqeibzuaejeouuwsxitpvtst/Build/Intermediates.noindex/ArchiveIntermediates/idownloadd/BuildProductsPath/Release-iphoneos/include -I /Users/runner/work/dopamine-extended/dopamine-extended/Dopamine/BaseBin/.include -I /Users/runner/Library/Developer/Xcode/DerivedData/idownloadd-buyibqeibzuaejeouuwsxitpvtst/Build/Intermediates.noindex/ArchiveIntermediates/idownloadd/IntermediateBuildFilesPath/idownloadd.build/Release-iphoneos/idownloadd.build/DerivedSources-normal/arm64 -I /Users/runner/Library/Developer/Xcode/DerivedData/idownloadd-buyibqeibzuaejeouuwsxitpvtst/Build/Intermediates.noindex/ArchiveIntermediates/idownloadd/IntermediateBuildFilesPath/idownloadd.build/Release-iphoneos/idownloadd.build/DerivedSources/arm64 -I /Users/runner/Library/Developer/Xcode/DerivedData/idownloadd-buyibqeibzuaejeouuwsxitpvtst/Build/Intermediates.noindex/ArchiveIntermediates/idownloadd/IntermediateBuildFilesPath/idownloadd.build/Release-iphoneos/idownloadd.build/DerivedSources -F /Users/runner/Library/Developer/Xcode/DerivedData/idownloadd-buyibqeibzuaejeouuwsxitpvtst/Build/Intermediates.noindex/ArchiveIntermediates/idownloadd/BuildProductsPath/Release-iphoneos/PackageFrameworks -F /Users/runner/Library/Developer/Xcode/DerivedData/idownloadd-buyibqeibzuaejeouuwsxitpvtst/Build/Intermediates.noindex/ArchiveIntermediates/idownloadd/BuildProductsPath/Release-iphoneos/PackageFrameworks -F /Users/runner/Library/Developer/Xcode/DerivedData/idownloadd-buyibqeibzuaejeouuwsxitpvtst/Build/Intermediates.noindex/ArchiveIntermediates/idownloadd/BuildProductsPath/Release-iphoneos -I . -I /opt/procursus/include -iquote /Users/runner/Library/Developer/Xcode/DerivedData/idownloadd-buyibqeibzuaejeouuwsxitpvtst/Build/Intermediates.noindex/ArchiveIntermediates/idownloadd/IntermediateBuildFilesPath/idownloadd.build/Release-iphoneos/idownloadd.build/idownloadd-generated-files.hmap -iquote /Users/runner/Library/Developer/Xcode/DerivedData/idownloadd-buyibqeibzuaejeouuwsxitpvtst/Build/Intermediates.noindex/ArchiveIntermediates/idownloadd/IntermediateBuildFilesPath/idownloadd.build/Release-iphoneos/idownloadd.build/idownloadd-project-headers.hmap -isystem /Applications/Xcode_16.2.app/Contents/Developer/Platforms/iPhoneOS.platform/Developer/SDKs/iPhoneOS18.2.sdk/usr/local/include -isystem /Applications/Xcode_16.2.app/Contents/Developer/Toolchains/XcodeDefault.xctoolchain/usr/lib/clang/16/include -internal-externc-isystem /Applications/Xcode_16.2.app/Contents/Developer/Platforms/iPhoneOS.platform/Developer/SDKs/iPhoneOS18.2.sdk/usr/include -internal-externc-isystem /Applications/Xcode_16.2.app/Contents/Developer/Toolchains/XcodeDefault.xctoolchain/usr/include -ivfsstatcache /Users/runner/Library/Developer/Xcode/DerivedData/SDKStatCaches.noindex/iphoneos18.2-22C146-6f6929c68f51360d5ca70a73a7e0c2f9.sdkstatcache -ivfsoverlay /Users/runner/Library/Developer/Xcode/DerivedData/idownloadd-buyibqeibzuaejeouuwsxitpvtst/Build/Intermediates.noindex/ArchiveIntermediates/idownloadd/IntermediateBuildFilesPath/idownloadd.build/Release-iphoneos/idownloadd-b2e5d7cb007b8a24cc3179f58e35639b-VFS-iphoneos/all-product-headers.yaml -std\=gnu11 -fmodules -fno-implicit-modules -fmax-type-align\=16 -fpascal-strings -fstack-check -fvisibility\=hidden -fvisibility-inlines-hidden-static-local-var -mdarwin-stkchk-strong-link -fno-odr-hash-protocols -pic-level 2 -fencode-extended-block-signature -stack-protector 1 -fgnuc-version\=4.2.1 -fblocks -ffp-contract\=on -fclang-abi-compat\=4.0 -fno-experimental-relative-c++-abi-vtables -fno-file-reproducible -clang-vendor-feature\=+disableNonDependentMemberExprInCurrentInstantiation -clang-vendor-feature\=+enableAggressiveVLAFolding -clang-vendor-feature\=+revert09abecef7bbf -clang-vendor-feature\=+thisNoAlignAttr -clang-vendor-feature\=+thisNoNullAttr -clang-vendor-feature\=+disableAtImportPrivateFrameworkInImplementationError -O2 -fdebug-compilation-dir\=/Users/runner/work/dopamine-extended/dopamine-extended/Dopamine/BaseBin/idownloadd/src -fcoverage-compilation-dir\=/Users/runner/work/dopamine-extended/dopamine-extended/Dopamine/BaseBin/idownloadd/src -fobjc-msgsend-selector-stubs -fregister-global-dtors-with-atexit -fno-strict-return -dwarf-version\=4 -debugger-tuning\=lldb -disable-llvm-verifier -dwarf-ext-refs -mframe-pointer\=non-leaf -funwind-tables\=1 -vectorize-loops -vectorize-slp -clear-ast-before-backend -discard-value-names -main-file-name shim.c -finline-functions -debug-info-kind\=standalone -Os -fdiagnostics-hotness-threshold\=0 -fdiagnostics-misexpect-tolerance\=0 -D __GCC_HAVE_DWARF2_CFI_ASM\=1 -MT dependencies -dependency-file /Users/runner/Library/Developer/Xcode/DerivedData/idownloadd-buyibqeibzuaejeouuwsxitpvtst/Build/Intermediates.noindex/ArchiveIntermediates/idownloadd/IntermediateBuildFilesPath/idownloadd.build/Release-iphoneos/idownloadd.build/Objects-normal/arm64/shim.d -skip-unused-modulemap-deps

Ld /Users/runner/Library/Developer/Xcode/DerivedData/idownloadd-buyibqeibzuaejeouuwsxitpvtst/Build/Intermediates.noindex/ArchiveIntermediates/idownloadd/InstallationBuildProductsLocation/usr/local/bin/idownloadd normal (in target 'idownloadd' from project 'idownloadd')
    cd /Users/runner/work/dopamine-extended/dopamine-extended/Dopamine/BaseBin/idownloadd/src
    /Applications/Xcode_16.2.app/Contents/Developer/Toolchains/XcodeDefault.xctoolchain/usr/bin/clang -Xlinker -reproducible -target arm64-apple-ios15.0 -isysroot /Applications/Xcode_16.2.app/Contents/Developer/Platforms/iPhoneOS.platform/Developer/SDKs/iPhoneOS18.2.sdk -Os -L/Users/runner/Library/Developer/Xcode/DerivedData/idownloadd-buyibqeibzuaejeouuwsxitpvtst/Build/Intermediates.noindex/ArchiveIntermediates/idownloadd/IntermediateBuildFilesPath/EagerLinkingTBDs/Release-iphoneos -L/Users/runner/Library/Developer/Xcode/DerivedData/idownloadd-buyibqeibzuaejeouuwsxitpvtst/Build/Intermediates.noindex/ArchiveIntermediates/idownloadd/BuildProductsPath/Release-iphoneos -L/Users/runner/work/dopamine-extended/dopamine-extended/Dopamine/BaseBin/idownloadd/src/../../.build -F/Users/runner/Library/Developer/Xcode/DerivedData/idownloadd-buyibqeibzuaejeouuwsxitpvtst/Build/Intermediates.noindex/ArchiveIntermediates/idownloadd/IntermediateBuildFilesPath/EagerLinkingTBDs/Release-iphoneos -F/Users/runner/Library/Developer/Xcode/DerivedData/idownloadd-buyibqeibzuaejeouuwsxitpvtst/Build/Intermediates.noindex/ArchiveIntermediates/idownloadd/BuildProductsPath/Release-iphoneos/PackageFrameworks -F/Users/runner/Library/Developer/Xcode/DerivedData/idownloadd-buyibqeibzuaejeouuwsxitpvtst/Build/Intermediates.noindex/ArchiveIntermediates/idownloadd/BuildProductsPath/Release-iphoneos/PackageFrameworks -F/Users/runner/Library/Developer/Xcode/DerivedData/idownloadd-buyibqeibzuaejeouuwsxitpvtst/Build/Intermediates.noindex/ArchiveIntermediates/idownloadd/BuildProductsPath/Release-iphoneos -filelist /Users/runner/Library/Developer/Xcode/DerivedData/idownloadd-buyibqeibzuaejeouuwsxitpvtst/Build/Intermediates.noindex/ArchiveIntermediates/idownloadd/IntermediateBuildFilesPath/idownloadd.build/Release-iphoneos/idownloadd.build/Objects-normal/arm64/idownloadd.LinkFileList -dead_strip -Xlinker -object_path_lto -Xlinker /Users/runner/Library/Developer/Xcode/DerivedData/idownloadd-buyibqeibzuaejeouuwsxitpvtst/Build/Intermediates.noindex/ArchiveIntermediates/idownloadd/IntermediateBuildFilesPath/idownloadd.build/Release-iphoneos/idownloadd.build/Objects-normal/arm64/idownloadd_lto.o -Xlinker -final_output -Xlinker /usr/local/bin/idownloadd -fobjc-link-runtime -L/Applications/Xcode_16.2.app/Contents/Developer/Toolchains/XcodeDefault.xctoolchain/usr/lib/swift/iphoneos -L/usr/lib/swift -Xlinker -add_ast_path -Xlinker /Users/runner/Library/Developer/Xcode/DerivedData/idownloadd-buyibqeibzuaejeouuwsxitpvtst/Build/Intermediates.noindex/ArchiveIntermediates/idownloadd/IntermediateBuildFilesPath/idownloadd.build/Release-iphoneos/idownloadd.build/Objects-normal/arm64/idownloadd.swiftmodule -Wl,-no_warn_duplicate_libraries -Wl,-no_warn_duplicate_libraries -ljailbreak -Xlinker -dependency_info -Xlinker /Users/runner/Library/Developer/Xcode/DerivedData/idownloadd-buyibqeibzuaejeouuwsxitpvtst/Build/Intermediates.noindex/ArchiveIntermediates/idownloadd/IntermediateBuildFilesPath/idownloadd.build/Release-iphoneos/idownloadd.build/Objects-normal/arm64/idownloadd_dependency_info.dat -o /Users/runner/Library/Developer/Xcode/DerivedData/idownloadd-buyibqeibzuaejeouuwsxitpvtst/Build/Intermediates.noindex/ArchiveIntermediates/idownloadd/InstallationBuildProductsLocation/usr/local/bin/idownloadd -Xlinker -add_ast_path -Xlinker /Users/runner/Library/Developer/Xcode/DerivedData/idownloadd-buyibqeibzuaejeouuwsxitpvtst/Build/Intermediates.noindex/ArchiveIntermediates/idownloadd/IntermediateBuildFilesPath/iDownload.build/Release-iphoneos/iDownload.build/Objects-normal/arm64/iDownload.swiftmodule -Xlinker -add_ast_path -Xlinker /Users/runner/Library/Developer/Xcode/DerivedData/idownloadd-buyibqeibzuaejeouuwsxitpvtst/Build/Intermediates.noindex/ArchiveIntermediates/idownloadd/IntermediateBuildFilesPath/SwiftUtils.build/Release-iphoneos/SwiftUtils.build/Objects-normal/arm64/SwiftUtils.swiftmodule

GenerateDSYMFile /Users/runner/Library/Developer/Xcode/DerivedData/idownloadd-buyibqeibzuaejeouuwsxitpvtst/Build/Intermediates.noindex/ArchiveIntermediates/idownloadd/BuildProductsPath/Release-iphoneos/idownloadd.dSYM /Users/runner/Library/Developer/Xcode/DerivedData/idownloadd-buyibqeibzuaejeouuwsxitpvtst/Build/Intermediates.noindex/ArchiveIntermediates/idownloadd/InstallationBuildProductsLocation/usr/local/bin/idownloadd (in target 'idownloadd' from project 'idownloadd')
    cd /Users/runner/work/dopamine-extended/dopamine-extended/Dopamine/BaseBin/idownloadd/src
    /Applications/Xcode_16.2.app/Contents/Developer/Toolchains/XcodeDefault.xctoolchain/usr/bin/dsymutil /Users/runner/Library/Developer/Xcode/DerivedData/idownloadd-buyibqeibzuaejeouuwsxitpvtst/Build/Intermediates.noindex/ArchiveIntermediates/idownloadd/InstallationBuildProductsLocation/usr/local/bin/idownloadd -o /Users/runner/Library/Developer/Xcode/DerivedData/idownloadd-buyibqeibzuaejeouuwsxitpvtst/Build/Intermediates.noindex/ArchiveIntermediates/idownloadd/BuildProductsPath/Release-iphoneos/idownloadd.dSYM

Strip /Users/runner/Library/Developer/Xcode/DerivedData/idownloadd-buyibqeibzuaejeouuwsxitpvtst/Build/Intermediates.noindex/ArchiveIntermediates/idownloadd/InstallationBuildProductsLocation/usr/local/bin/idownloadd (in target 'idownloadd' from project 'idownloadd')
    cd /Users/runner/work/dopamine-extended/dopamine-extended/Dopamine/BaseBin/idownloadd/src
    /Applications/Xcode_16.2.app/Contents/Developer/Toolchains/XcodeDefault.xctoolchain/usr/bin/strip -D /Users/runner/Library/Developer/Xcode/DerivedData/idownloadd-buyibqeibzuaejeouuwsxitpvtst/Build/Intermediates.noindex/ArchiveIntermediates/idownloadd/InstallationBuildProductsLocation/usr/local/bin/idownloadd

SetOwnerAndGroup runner:staff /Users/runner/Library/Developer/Xcode/DerivedData/idownloadd-buyibqeibzuaejeouuwsxitpvtst/Build/Intermediates.noindex/ArchiveIntermediates/idownloadd/InstallationBuildProductsLocation/usr/local/bin/idownloadd (in target 'idownloadd' from project 'idownloadd')
    cd /Users/runner/work/dopamine-extended/dopamine-extended/Dopamine/BaseBin/idownloadd/src
    /usr/sbin/chown -RH runner:staff /Users/runner/Library/Developer/Xcode/DerivedData/idownloadd-buyibqeibzuaejeouuwsxitpvtst/Build/Intermediates.noindex/ArchiveIntermediates/idownloadd/InstallationBuildProductsLocation/usr/local/bin/idownloadd

SetMode u+w,go-w,a+rX /Users/runner/Library/Developer/Xcode/DerivedData/idownloadd-buyibqeibzuaejeouuwsxitpvtst/Build/Intermediates.noindex/ArchiveIntermediates/idownloadd/InstallationBuildProductsLocation/usr/local/bin/idownloadd (in target 'idownloadd' from project 'idownloadd')
    cd /Users/runner/work/dopamine-extended/dopamine-extended/Dopamine/BaseBin/idownloadd/src
    /bin/chmod -RH u+w,go-w,a+rX /Users/runner/Library/Developer/Xcode/DerivedData/idownloadd-buyibqeibzuaejeouuwsxitpvtst/Build/Intermediates.noindex/ArchiveIntermediates/idownloadd/InstallationBuildProductsLocation/usr/local/bin/idownloadd

RegisterExecutionPolicyException /Users/runner/Library/Developer/Xcode/DerivedData/idownloadd-buyibqeibzuaejeouuwsxitpvtst/Build/Intermediates.noindex/ArchiveIntermediates/idownloadd/InstallationBuildProductsLocation/usr/local/bin/idownloadd (in target 'idownloadd' from project 'idownloadd')
    cd /Users/runner/work/dopamine-extended/dopamine-extended/Dopamine/BaseBin/idownloadd/src
    builtin-RegisterExecutionPolicyException /Users/runner/Library/Developer/Xcode/DerivedData/idownloadd-buyibqeibzuaejeouuwsxitpvtst/Build/Intermediates.noindex/ArchiveIntermediates/idownloadd/InstallationBuildProductsLocation/usr/local/bin/idownloadd

note: Disabling previews because SWIFT_VERSION is set and SWIFT_OPTIMIZATION_LEVEL=-O, expected -Onone (in target 'idownloadd' from project 'idownloadd')
note: Disabling previews because SWIFT_VERSION is set and SWIFT_OPTIMIZATION_LEVEL=-Owholemodule, expected -Onone (in target 'iDownload' from project 'iDownload')
note: Disabling previews because SWIFT_VERSION is set and SWIFT_OPTIMIZATION_LEVEL=-Owholemodule, expected -Onone (in target 'SwiftUtils' from project 'SwiftUtils')
** ARCHIVE SUCCEEDED **

/Applications/Xcode_16.2.app/Contents/Developer/usr/bin/make -C watchdoghook
clang -framework Foundation -framework CoreServices -framework Security -I../.include -I./src -isysroot /Applications/Xcode_16.2.app/Contents/Developer/Platforms/iPhoneOS.platform/Developer/SDKs/iPhoneOS18.2.sdk -arch arm64 -arch arm64e -miphoneos-version-min=15.0 -fobjc-arc -O2 -dynamiclib -rpath /var/jb/Library/Frameworks -rpath @loader_path/fallback -L../_external/lib -lellekit -framework IOKit -o watchdoghook.dylib src/main.m ../libjailbreak/src/jbclient_mach.c ../libjailbreak/src/jbclient_xpc.c
/Applications/Xcode_16.2.app/Contents/Developer/usr/bin/make -C rootlesshooks
[0;36m==> [1;36mNotice:[m Build may be slow as Theos isn’t using all available CPU cores on this computer. Consider upgrading GNU Make: https://theos.dev/docs/parallel-building
[1;31m> [1;3;39mMaking all for tweak rootlesshooks…[m
[0;31m==> [1;39mPreprocessing SpringBoard.x…[m
[0;32m==> [1;39mCompiling SpringBoard.x (arm64)…[m
[0;31m==> [1;39mPreprocessing cfprefsd.x…[m
[0;32m==> [1;39mCompiling cfprefsd.x (arm64)…[m
[0;31m==> [1;39mPreprocessing installd.x…[m
[0;32m==> [1;39mCompiling installd.x (arm64)…[m
[0;31m==> [1;39mPreprocessing lsd.x…[m
[0;32m==> [1;39mCompiling lsd.x (arm64)…[m
[0;31m==> [1;39mPreprocessing main.x…[m
[0;32m==> [1;39mCompiling main.x (arm64)…[m
[0;33m==> [1;39mLinking tweak rootlesshooks (arm64)…[m
ld: warning: -multiply_defined is obsolete
[0;34m==> [1;39mGenerating debug symbols for rootlesshooks…[m
[0;34m==> [1;39mStripping rootlesshooks (arm64)…[m
[0;31m==> [1;39mPreprocessing SpringBoard.x…[m
[0;32m==> [1;39mCompiling SpringBoard.x (arm64e)…[m
[0;31m==> [1;39mPreprocessing cfprefsd.x…[m
[0;32m==> [1;39mCompiling cfprefsd.x (arm64e)…[m
[0;31m==> [1;39mPreprocessing installd.x…[m
[0;32m==> [1;39mCompiling installd.x (arm64e)…[m
[0;31m==> [1;39mPreprocessing lsd.x…[m
[0;32m==> [1;39mCompiling lsd.x (arm64e)…[m
[0;31m==> [1;39mPreprocessing main.x…[m
[0;32m==> [1;39mCompiling main.x (arm64e)…[m
[0;33m==> [1;39mLinking tweak rootlesshooks (arm64e)…[m
ld: warning: -multiply_defined is obsolete
[0;34m==> [1;39mGenerating debug symbols for rootlesshooks…[m
[0;34m==> [1;39mStripping rootlesshooks (arm64e)…[m
[0;34m==> [1;39mMerging tweak rootlesshooks…[m
[0;34m==> [1;39mSigning rootlesshooks…[m
/Applications/Xcode_16.2.app/Contents/Developer/usr/bin/make -C dopamine
clang -DUSE_COMMONCRYPTO -DUSE_LIBCOMPRESSION -DiOS10 -DDER_MULTIBYTE_TAGS=1 -D__unused="__attribute__((unused))" -DDER_TAG_SIZE=8 -I../XPF/external/img4lib -Wno-variadic-macros -Wno-multichar -Wno-four-char-constants -Wno-unused-parameter -DDISABLE_SIGNING=1 -framework Security -framework Foundation -framework CoreServices -framework IOKit -framework IOSurface -framework Security -framework IOMobileFramebuffer -framework LocalAuthentication -weak_framework CoreGraphics -weak_framework ImageIO -I../.include -I./src -I./src/ui-stub -I../../Application/Dopamine/Jailbreak -I../../Application/Dopamine/Extensions -I../../Application/Dopamine/Exploits/ClearSword -isysroot /Applications/Xcode_16.2.app/Contents/Developer/Platforms/iPhoneOS.platform/Developer/SDKs/iPhoneOS18.2.sdk -arch arm64 -Wno-availability -miphoneos-version-min=15.0 -fobjc-arc -I/opt/homebrew/opt/libarchive/include -Iexternal/include -D BUILD_STANDALONE= -L../.build -larchive -lbsm -lcompression -F ../_external/frameworks -o dopamine src/clearsword_primitives.c src/app-stub.m src/main_ClearSword.m src/ui-stub/DOUIManager.m ../libjailbreak/src/hookd.c ../libjailbreak/src/info.c ../libjailbreak/src/inline_svc.c ../libjailbreak/src/jbclient_mach.c ../libjailbreak/src/jbclient_xpc.c ../libjailbreak/src/jbroot.c ../libjailbreak/src/jbserver.c ../libjailbreak/src/jbserver_boomerang.c ../libjailbreak/src/kcall_Fugu14.c ../libjailbreak/src/kcall_arm64.c ../libjailbreak/src/kernel.c ../libjailbreak/src/main.c ../libjailbreak/src/physrw.c ../libjailbreak/src/physrw_pte.c ../libjailbreak/src/primitives.c ../libjailbreak/src/signatures.c ../libjailbreak/src/stock_fixes.c ../libjailbreak/src/translation.c ../libjailbreak/src/trustcache.c ../libjailbreak/src/trustcache_fs.c ../libjailbreak/src/txm.c ../libjailbreak/src/util.c ../libjailbreak/src/basebin_gen.m ../libjailbreak/src/carboncopy.m ../libjailbreak/src/codesign.m ../libjailbreak/src/display.m ../libjailbreak/src/primitives_IOSurface.m ../libjailbreak/src/util.m ../libjailbreak/src/inline_svc.S ../libjailbreak/src/kcall_Fugu14.S ../ChOma/src/Base64.c ../ChOma/src/BufferedStream.c ../ChOma/src/CSBlob.c ../ChOma/src/CodeDirectory.c ../ChOma/src/DER.c ../ChOma/src/DyldSharedCache.c ../ChOma/src/Entitlements.c ../ChOma/src/Fat.c ../ChOma/src/FileStream.c ../ChOma/src/Host.c ../ChOma/src/MachO.c ../ChOma/src/MachOLoadCommand.c ../ChOma/src/MemoryStream.c ../ChOma/src/PatchFinder.c ../ChOma/src/PatchFinder_arm64.c ../ChOma/src/Util.c ../ChOma/src/arm64.c ../XPF/src/bad_recovery.c ../XPF/src/common.c ../XPF/src/decompress.c ../XPF/src/non_ppl.c ../XPF/src/ppl.c ../XPF/src/sptm_txm.c ../XPF/src/xpf.c ../../Application/Dopamine/Jailbreak/DOBootstrapper+zstd.m ../../Application/Dopamine/Jailbreak/DOBootstrapper.m ../../Application/Dopamine/Jailbreak/DOEnvironmentManager.m ../../Application/Dopamine/Jailbreak/DOExploit.m ../../Application/Dopamine/Jailbreak/DOExploitManager.m ../../Application/Dopamine/Jailbreak/DOJailbreaker.m ../../Application/Dopamine/Jailbreak/DOPreferenceManager.m ../../Application/Dopamine/Jailbreak/clock_alarm.c ../../Application/Dopamine/Extensions/NSData+Hex.m ../../Application/Dopamine/Exploits/ClearSword/exploit/free_thread.c ../../Application/Dopamine/Exploits/ClearSword/exploit/krw.c ../../Application/Dopamine/Exploits/ClearSword/exploit/phys_oob.c ../../Application/Dopamine/Exploits/ClearSword/exploit/poc.c ../../Application/Dopamine/Exploits/ClearSword/exploit/socket.c ../../Application/Dopamine/Exploits/ClearSword/exploit/surface.c ../../Application/Dopamine/Exploits/ClearSword/exploit/utils.c external/lib/libzstd.a ../XPF/external/img4lib/lzss.c ../XPF/external/img4lib/libvfs/vfs_enc.c ../XPF/external/img4lib/libvfs/vfs_file.c ../XPF/external/img4lib/libvfs/vfs_img4.c ../XPF/external/img4lib/libvfs/vfs_lzfse.c ../XPF/external/img4lib/libvfs/vfs_lzss.c ../XPF/external/img4lib/libvfs/vfs_mem.c ../XPF/external/img4lib/libvfs/vfs_sub.c ../XPF/external/img4lib/libDER/DER_Decode.c ../XPF/external/img4lib/libDER/DER_Encode.c ../XPF/external/img4lib/libDER/oids.c
../../Application/Dopamine/Jailbreak/DOJailbreaker.m:839:5: warning: ignoring return value of function declared with 'warn_unused_result' attribute [-Wunused-result]
  839 |     xpc_connection_send_message_with_reply_sync(client, message);
      |     ^~~~~~~~~~~~~~~~~~~~~~~~~~~~~~~~~~~~~~~~~~~ ~~~~~~~~~~~~~~~
1 warning generated.
trustcache create .build/basebin.tc .build
cp .build/basebin.tc basebin.tc
/Applications/Xcode_16.2.app/Contents/Developer/usr/bin/make -C dyldhook
clang -arch arm64e -I../.include -isysroot /Applications/Xcode_16.2.app/Contents/Developer/Platforms/iPhoneOS.platform/Developer/SDKs/iPhoneOS18.2.sdk -miphoneos-version-min=15.0 -Wno-deprecated-declarations -fno-stack-check -D_FORTIFY_SOURCE=0 -O2 -DIOS=15 -shared -Xlinker -add_split_seg_info -o dyldhook_merge.arm64e.iOS15.dylib src/fakelib_redirect.c src/lv_bypass.c src/main.c src/reimpl.c src/spinlock_fix.c src/main.S ../libjailbreak/src/jbclient_mach.c src/generated/ios15/task.c
PASS: dyldhook_merge.arm64e.iOS15.dylib is self-contained
clang -arch arm64 -I../.include -isysroot /Applications/Xcode_16.2.app/Contents/Developer/Platforms/iPhoneOS.platform/Developer/SDKs/iPhoneOS18.2.sdk -miphoneos-version-min=15.0 -Wno-deprecated-declarations -fno-stack-check -D_FORTIFY_SOURCE=0 -O2 -DIOS=15 -shared -Xlinker -add_split_seg_info -o dyldhook_merge.arm64.iOS15.dylib src/fakelib_redirect.c src/lv_bypass.c src/main.c src/reimpl.c src/spinlock_fix.c src/main.S ../libjailbreak/src/jbclient_mach.c src/generated/ios15/task.c
PASS: dyldhook_merge.arm64.iOS15.dylib is self-contained
clang -arch arm64e -I../.include -isysroot /Applications/Xcode_16.2.app/Contents/Developer/Platforms/iPhoneOS.platform/Developer/SDKs/iPhoneOS18.2.sdk -miphoneos-version-min=15.0 -Wno-deprecated-declarations -fno-stack-check -D_FORTIFY_SOURCE=0 -O2 -DIOS=16 -shared -Xlinker -add_split_seg_info -o dyldhook_merge.arm64e.iOS16-17.dylib src/fakelib_redirect.c src/lv_bypass.c src/main.c src/reimpl.c src/spinlock_fix.c src/main.S ../libjailbreak/src/jbclient_mach.c src/generated/ios16-17/task.c
PASS: dyldhook_merge.arm64e.iOS16-17.dylib is self-contained
clang -arch arm64 -I../.include -isysroot /Applications/Xcode_16.2.app/Contents/Developer/Platforms/iPhoneOS.platform/Developer/SDKs/iPhoneOS18.2.sdk -miphoneos-version-min=15.0 -Wno-deprecated-declarations -fno-stack-check -D_FORTIFY_SOURCE=0 -O2 -DIOS=16 -shared -Xlinker -add_split_seg_info -o dyldhook_merge.arm64.iOS16-17.dylib src/fakelib_redirect.c src/lv_bypass.c src/main.c src/reimpl.c src/spinlock_fix.c src/main.S ../libjailbreak/src/jbclient_mach.c src/generated/ios16-17/task.c
PASS: dyldhook_merge.arm64.iOS16-17.dylib is self-contained
clang -arch arm64e -I../.include -isysroot /Applications/Xcode_16.2.app/Contents/Developer/Platforms/iPhoneOS.platform/Developer/SDKs/iPhoneOS18.2.sdk -miphoneos-version-min=15.0 -Wno-deprecated-declarations -fno-stack-check -D_FORTIFY_SOURCE=0 -O2 -DIOS=18 -shared -Xlinker -add_split_seg_info -o dyldhook_merge.arm64e.iOS18+.dylib src/fakelib_redirect.c src/lv_bypass.c src/main.c src/reimpl.c src/spinlock_fix.c src/main.S ../libjailbreak/src/jbclient_mach.c src/generated/ios18+/task.c
PASS: dyldhook_merge.arm64e.iOS18+.dylib is self-contained
clang -arch arm64 -I../.include -isysroot /Applications/Xcode_16.2.app/Contents/Developer/Platforms/iPhoneOS.platform/Developer/SDKs/iPhoneOS18.2.sdk -miphoneos-version-min=15.0 -Wno-deprecated-declarations -fno-stack-check -D_FORTIFY_SOURCE=0 -O2 -DIOS=18 -shared -Xlinker -add_split_seg_info -o dyldhook_merge.arm64.iOS18+.dylib src/fakelib_redirect.c src/lv_bypass.c src/main.c src/reimpl.c src/spinlock_fix.c src/main.S ../libjailbreak/src/jbclient_mach.c src/generated/ios18+/task.c
PASS: dyldhook_merge.arm64.iOS18+.dylib is self-contained
.build/
.build/launchdhook.dylib
.build/boomerang
.build/libjailbreak.dylib
.build/rootlesshooks.dylib
.build/dopamine
.build/hookd
.build/dyldhook_merge.arm64.iOS18+.dylib
.build/fallback/
.build/fallback/CydiaSubstrate.framework/
.build/fallback/CydiaSubstrate.framework/CydiaSubstrate
.build/fallback/CydiaSubstrate.framework/.this_is_ellekit_not_substrate
.build/libchoma.dylib
.build/jbctl
.build/libxpf.dylib
.build/systemhook.dylib
.build/idownloadd
.build/watchdoghook.dylib
.build/dyldhook_merge.arm64.iOS15.dylib
.build/dyldhook_merge.arm64.iOS16-17.dylib
.build/dyldhook_merge.arm64e.iOS18+.dylib
.build/.version
.build/MachOMerger
.build/basebin.tc
.build/dyldhook_merge.arm64e.iOS15.dylib
.build/LaunchDaemons/
.build/LaunchDaemons/com.opa334.Dopamine.startup.plist
.build/LaunchDaemons/com.opa334.Dopamine.idownloadd.plist
.build/opainject
.build/dyldhook_merge.arm64e.iOS16-17.dylib
.build/forkfix.dylib
